filename,drift_beta,identity,drift_difference,euclidean1,cosine1,drifted,age1,gender,hash_sample,offset,covariates_beta,true_identity,age2,y_pred,proba_pred,y_drift,proba_drift,predicted_age,euclidean2,cosine2,identity_grouping_distance,orig_TP,orig_FN,virtual_TP,virtual_FN,stat_TP,stat_FP,stat_undefined
102_PaulAnka_60_m.jpg,0.64,PaulAnka,0.040642423409665396,12.385623931884766,0.3212289810180664,0,60.0,m,1,0.01,0.0,PaulAnka,60,PaulAnka,0.9671908194580146,EvaMarieSaint,0.9265483960483492,6.47,12.385623931884766,0.3212289810180664,-42634.44051146507,1,0,0,1,0,1,0
10638_LuiseRainer_26_f.jpg,0.4599999999999999,LuiseRainer,-0.01678729195783457,6.320907115936279,0.7699846029281616,1,26.0,f,2,0.01,0.0,LuiseRainer,26,AngelaLansbury,0.8970084181913582,ArnoldSchwarzenegger,0.9137957101491928,-10.24,6.320907115936279,0.7699846029281616,5942.371163845062,0,1,0,1,0,0,1
10645_LuiseRainer_27_f.jpg,0.37,LuiseRainer,-0.06529455565144915,4.653621196746826,0.7322298288345337,1,27.0,f,3,0.01,0.0,LuiseRainer,27,EdwardGRobinson,0.7510632953896993,ArnoldSchwarzenegger,0.8163578510411484,-7.04,4.653621196746826,0.7322298288345337,-3210.5783650279045,0,1,1,0,0,0,1
10666_LuiseRainer_28_f.jpg,0.4599999999999999,LuiseRainer,0.0011106729175932584,7.8241753578186035,0.6835635900497437,1,28.0,f,4,0.01,0.0,LuiseRainer,28,AngelaLansbury,0.868224948025063,ArnoldSchwarzenegger,0.8671142751074697,-11.09,7.8241753578186035,0.6835635900497437,-12399.7414560318,0,1,0,1,0,0,1
10671_LuiseRainer_74_f.jpg,0.19,LuiseRainer,0.005811695239473558,1.727426290512085,0.9798716902732848,1,74.0,f,5,0.01,0.0,LuiseRainer,74,MichaelYork,0.7928339607759219,EdwardGRobinson,0.7870222655364484,25.08,1.727426290512085,0.9798716902732848,16118.468212366104,0,1,0,1,0,0,1
10674_LuiseRainer_27_f.jpg,0.37,LuiseRainer,-0.011325148861383694,4.859529972076416,0.8646125197410583,1,27.0,f,6,0.01,0.0,LuiseRainer,27,ArnoldSchwarzenegger,0.8659481727311227,EdwardFox,0.8772733215925064,-3.79,4.859529972076416,0.8646125197410583,-27218.479507923126,0,1,0,1,0,0,1
10686_LuiseRainer_46_f.jpg,0.5499999999999999,LuiseRainer,0.0495232459124475,9.628829002380373,0.3042234182357788,0,46.0,f,7,0.01,0.0,LuiseRainer,46,LuiseRainer,0.9102663457652294,FrancesDee,0.8607430998527819,-1.56,9.628829002380373,0.3042234182357788,6679.276062250137,1,0,0,1,0,1,0
10752_OrnellaMuti_15_f.jpg,0.5499999999999999,OrnellaMuti,-0.03960961728275725,13.520453453063965,0.0971205234527587,0,15.0,f,8,0.01,0.0,OrnellaMuti,15,OrnellaMuti,0.8050660798635474,PaulAnka,0.8446756971463046,4.68,13.520453453063965,0.0971205234527587,4082.2454385757446,1,0,0,1,0,1,0
10757_OrnellaMuti_21_f.jpg,0.1,OrnellaMuti,0.06811215839812068,0.9400453567504884,0.9956029057502748,1,21.0,f,9,0.01,0.0,OrnellaMuti,21,EdwardFox,0.7847243003279424,DanielleDarrieux,0.7166121419298217,-2.49,0.9400453567504884,0.9956029057502748,-14548.461592674255,0,1,0,1,0,0,1
10762_OrnellaMuti_26_f.jpg,0.5499999999999999,OrnellaMuti,0.1105456864616774,13.678873062133787,0.0805409774184227,0,26.0,f,10,0.01,0.0,OrnellaMuti,26,OrnellaMuti,0.9474657764218906,EvaMarieSaint,0.8369200899602132,0.4,13.678873062133787,0.0805409774184227,-11645.706284999847,1,0,0,1,0,1,0
10785_OrnellaMuti_51_f.jpg,0.4599999999999999,OrnellaMuti,-0.00475130830006909,11.951486587524414,0.3451168835163116,0,51.0,f,11,0.01,0.0,OrnellaMuti,51,OrnellaMuti,0.8018952133327958,PaulAnka,0.8066465216328649,3.7,11.951486587524414,0.3451168835163116,6162.470110177994,1,0,0,1,0,1,0
10789_OrnellaMuti_55_f.jpg,0.5499999999999999,OrnellaMuti,-0.020612998575594732,13.13206386566162,0.178757295012474,0,55.0,f,12,0.01,0.0,OrnellaMuti,55,OrnellaMuti,0.8095121326858159,PaulAnka,0.8301251312614106,0.41,13.13206386566162,0.178757295012474,537.5139961792156,1,0,0,1,0,1,0
10791_OrnellaMuti_57_f.jpg,0.5499999999999999,OrnellaMuti,-0.07085192129817586,12.953709602355955,0.0474153496325016,0,57.0,f,13,0.01,0.0,OrnellaMuti,57,OrnellaMuti,0.7714783943543954,EvaMarieSaint,0.8423303156525712,-8.87,12.953709602355955,0.0474153496325016,-7197.1775233745575,1,0,0,1,0,1,0
11665_MireilleDarc_34_f.jpg,0.5499999999999999,MireilleDarc,0.09585480471087127,13.70676612854004,0.1749167442321777,0,34.0,f,14,0.01,0.0,MireilleDarc,34,MireilleDarc,0.9039468539861656,MarcelloMastroianni,0.8080920492752943,-3.33,13.70676612854004,0.1749167442321777,21335.262931346893,1,0,0,1,0,1,0
11669_MireilleDarc_38_f.jpg,0.5499999999999999,MireilleDarc,0.0007757763505841231,8.623207092285156,0.4355941712856293,0,38.0,f,15,0.01,0.0,MireilleDarc,38,MireilleDarc,0.8034207049266329,MarcelloMastroianni,0.8026449285760487,-1.68,8.623207092285156,0.4355941712856293,15281.0873837471,1,0,0,1,0,1,0
11678_MireilleDarc_51_f.jpg,0.5499999999999999,MireilleDarc,-0.026768055254242307,10.319062232971191,0.1174257844686508,0,51.0,f,16,0.01,0.0,MireilleDarc,51,MireilleDarc,0.8096771519021607,MarcelloMastroianni,0.836445207156403,-0.2,10.319062232971191,0.1174257844686508,-6014.627176463604,1,0,0,1,0,1,0
11679_MireilleDarc_54_f.jpg,0.5499999999999999,MireilleDarc,-0.05728869880754295,13.385040283203123,-0.0681002289056778,0,54.0,f,17,0.01,0.0,MireilleDarc,54,MireilleDarc,0.8251316488235974,MarcelloMastroianni,0.8824203476311403,2.28,13.385040283203123,-0.0681002289056778,-8349.533989906311,1,0,0,1,0,1,0
11683_MireilleDarc_58_f.jpg,0.5499999999999999,MireilleDarc,0.04538481280345419,11.216697692871094,0.2342856377363205,0,58.0,f,18,0.01,0.0,MireilleDarc,58,MireilleDarc,0.8626661397063604,MarcelloMastroianni,0.8172813269029062,0.38,11.216697692871094,0.2342856377363205,-9799.35784381628,1,0,0,1,0,1,0
11847_BarbaraBouchet_25_f.jpg,0.1,BarbaraBouchet,0.07617527075747077,1.1003546714782717,0.9955978393554688,1,25.0,f,19,0.01,0.0,BarbaraBouchet,25,ArnoldSchwarzenegger,0.8350194096928456,EvaMarieSaint,0.7588441389353748,-3.93,1.1003546714782717,0.9955978393554688,8822.663527488708,0,1,0,1,0,0,1
11870_BarbaraBouchet_61_f.jpg,0.5499999999999999,BarbaraBouchet,0.10418059901812382,13.978193283081056,0.132376492023468,0,61.0,f,20,0.01,0.0,BarbaraBouchet,61,BarbaraBouchet,0.9368669170501908,AngieDickinson,0.8326863180320669,1.43,13.978193283081056,0.132376492023468,1095.0091104507446,1,0,0,1,0,1,0
11876_BarbaraBouchet_68_f.jpg,0.5499999999999999,BarbaraBouchet,0.07677393538359223,12.625280380249023,0.2258085310459137,0,68.0,f,21,0.01,0.0,BarbaraBouchet,68,BarbaraBouchet,0.9268619637320537,AngieDickinson,0.8500880283484614,-8.62,12.625280380249023,0.2258085310459137,-2693.377179145813,1,0,0,1,0,1,0
11959_AngelaLansbury_35_f.jpg,0.5499999999999999,AngelaLansbury,0.03593024451922333,12.220492362976074,0.123567909002304,0,35.0,f,23,0.01,0.0,AngelaLansbury,35,AngelaLansbury,0.911579036747215,MickeyRooney,0.8756487922279916,-7.31,12.220492362976074,0.123567909002304,17863.215408459306,1,0,0,1,0,1,0
11964_AngelaLansbury_46_f.jpg,0.5499999999999999,AngelaLansbury,0.0851037837614298,12.895452499389648,0.1489804983139038,0,46.0,f,25,0.01,0.0,AngelaLansbury,46,AngelaLansbury,0.9099260468990232,MickeyRooney,0.8248222631375934,-1.34,12.895452499389648,0.1489804983139038,-2468.9621257781982,1,0,0,1,0,1,0
11984_AngelaLansbury_80_f.jpg,0.5499999999999999,AngelaLansbury,0.07989784964395474,13.3627290725708,0.2776720523834228,0,80.0,f,28,0.01,0.0,AngelaLansbury,80,AngelaLansbury,0.8676203472009582,MickeyRooney,0.7877224975570034,-1.37,13.3627290725708,0.2776720523834228,-156.7678246498108,1,0,0,1,0,1,0
11989_AngelaLansbury_87_f.jpg,0.5499999999999999,AngelaLansbury,0.18256381387453702,13.547066688537598,0.1153010055422782,0,87.0,f,29,0.01,0.0,AngelaLansbury,87,AngelaLansbury,0.9531391107926076,RichardCrenna,0.7705752969180706,2.43,13.547066688537598,0.1153010055422782,2263.5316408872604,1,0,0,1,0,1,0
12024_DebbieReynolds_24_f.jpg,0.5499999999999999,DebbieReynolds,-0.025801647738942002,10.6666898727417,0.1293178349733352,0,24.0,f,30,0.01,0.0,DebbieReynolds,24,DebbieReynolds,0.8197817572190976,BenGazzara,0.8455834049580396,2.26,10.6666898727417,0.1293178349733352,-2027.3548765182493,1,0,0,1,0,1,0
12045_DebbieReynolds_69_f.jpg,0.5499999999999999,DebbieReynolds,-0.049716532131581115,13.159440994262695,0.0199420303106308,0,69.0,f,31,0.01,0.0,DebbieReynolds,69,DebbieReynolds,0.7905347972953345,BenGazzara,0.8402513294269156,-4.49,13.159440994262695,0.0199420303106308,23931.30034610629,1,0,0,1,0,1,0
12055_DebbieReynolds_78_f.jpg,0.73,DebbieReynolds,0.06531601674145837,13.925521850585938,0.0966264456510543,0,78.0,f,32,0.01,0.0,DebbieReynolds,78,DebbieReynolds,0.8762687692881614,BenGazzara,0.8109527525467031,4.72,13.925521850585938,0.0966264456510543,6184.819664478302,1,0,0,1,0,1,0
12121_EvaMarieSaint_82_f.jpg,0.5499999999999999,EvaMarieSaint,0.13520637597143137,14.05838680267334,0.1230673715472221,0,82.0,f,36,0.01,0.0,EvaMarieSaint,82,EvaMarieSaint,0.9566485953478536,PaulAnka,0.8214422193764223,7.84,14.05838680267334,0.1230673715472221,7361.170057494193,1,0,0,1,0,1,0
121_MickJagger_18_m.jpg,0.1,MickJagger,0.007744573985338454,1.0310815572738647,0.9935434460639954,0,18.0,m,37,0.01,0.0,MickJagger,18,MickJagger,0.8385163863261548,GladysCooper,0.8307718123408163,-3.77,1.0310815572738647,0.9935434460639954,20373.97876304388,1,0,0,1,0,1,0
12329_MyrnaLoy_51_f.jpg,0.5499999999999999,MyrnaLoy,0.09632571660912259,12.088801383972168,0.0240393225103616,0,51.0,f,38,0.01,0.0,MyrnaLoy,51,MyrnaLoy,0.9153526856718676,JonVoight,0.819026969062745,-1.69,12.088801383972168,0.0240393225103616,-7127.954391911626,1,0,0,1,0,1,0
12330_MyrnaLoy_75_f.jpg,0.1,MyrnaLoy,-0.001934797739375993,0.9957642555236816,0.9951657056808472,0,75.0,f,39,0.01,0.0,MyrnaLoy,75,MyrnaLoy,0.9203753748828144,MelBrooks,0.9223101726221904,13.1,0.9957642555236816,0.9951657056808472,-2394.165349528193,1,0,0,1,0,1,0
12337_MyrnaLoy_20_f.jpg,0.5499999999999999,MyrnaLoy,-0.029213116771377168,8.64757251739502,0.2002291679382324,0,20.0,f,40,0.01,0.0,MyrnaLoy,20,MyrnaLoy,0.7724508563319342,JonVoight,0.8016639731033114,-5.82,8.64757251739502,0.2002291679382324,6882.613594055176,1,0,0,1,0,1,0
12364_MyrnaLoy_67_f.jpg,0.5499999999999999,MyrnaLoy,0.0446248838843859,13.668959617614746,0.0425520353019237,0,67.0,f,41,0.01,0.0,MyrnaLoy,67,MyrnaLoy,0.878267310211791,JonVoight,0.8336424263274052,1.05,13.668959617614746,0.0425520353019237,3719.956900596618,1,0,0,1,0,1,0
12376_MyrnaLoy_33_f.jpg,0.5499999999999999,MyrnaLoy,0.08788980813558178,11.424090385437012,0.2107765078544616,0,33.0,f,42,0.01,0.0,MyrnaLoy,33,MyrnaLoy,0.9121576274886726,JonVoight,0.8242678193530908,-4.24,11.424090385437012,0.2107765078544616,-31744.455585479736,1,0,0,1,0,1,0
12607_FrancesDee_43_f.jpg,0.64,FrancesDee,0.01669895011796707,10.871087074279783,0.1596854031085968,0,43.0,f,47,0.01,0.0,FrancesDee,43,FrancesDee,0.8816424220961248,LuiseRainer,0.8649434719781577,0.45,10.871087074279783,0.1596854031085968,-5852.657763957977,1,0,0,1,0,1,0
12612_FrancesDee_83_f.jpg,0.5499999999999999,FrancesDee,0.13909235977447543,13.51156234741211,-0.0005371979204937,0,83.0,f,48,0.01,0.0,FrancesDee,83,FrancesDee,0.929417803166832,HerbertLom,0.7903254433923566,1.37,13.51156234741211,-0.0005371979204937,795.8742010593414,1,0,0,1,0,1,0
12613_FrancesDee_89_f.jpg,0.5499999999999999,FrancesDee,-0.017544605517794243,10.082871437072754,0.3260051310062408,0,89.0,f,49,0.01,0.0,FrancesDee,89,FrancesDee,0.8507501955154188,HerbertLom,0.868294801033213,-4.54,10.082871437072754,0.3260051310062408,9588.54140996933,1,0,0,1,0,1,0
13032_GeraldineChaplin_38_f.jpg,0.19,GeraldineChaplin,-0.013397103746742856,1.0739327669143677,0.9802435636520386,1,38.0,f,50,0.01,0.0,GeraldineChaplin,38,MichaelYork,0.7825117575899003,EvaMarieSaint,0.7959088613366432,-6.52,1.0739327669143677,0.9802435636520386,9534.958661079409,0,1,0,1,0,0,1
13041_GeraldineChaplin_52_f.jpg,0.4599999999999999,GeraldineChaplin,0.032055940827468765,10.259668350219728,0.5224183797836304,0,52.0,f,51,0.01,0.0,GeraldineChaplin,52,GeraldineChaplin,0.8899481870859967,MichelPiccoli,0.8578922462585279,-0.08,10.259668350219728,0.5224183797836304,-3861.1063747406006,1,0,0,1,0,1,0
13042_GeraldineChaplin_53_f.jpg,0.37,GeraldineChaplin,0.12818444560200482,5.320201873779297,0.9078652858734132,1,53.0,f,52,0.01,0.0,GeraldineChaplin,53,EvaMarieSaint,0.8554867428133441,EdwardFox,0.7273022972113393,2.21,5.320201873779297,0.9078652858734132,16498.346994310617,0,1,1,0,0,0,1
13052_GeraldineChaplin_66_f.jpg,0.5499999999999999,GeraldineChaplin,0.11630910031685471,13.852906227111816,0.0688028037548065,0,66.0,f,53,0.01,0.0,GeraldineChaplin,66,GeraldineChaplin,0.8541587292740711,MichelPiccoli,0.7378496289572164,-0.15,13.852906227111816,0.0688028037548065,390.5523386001587,1,0,0,1,0,1,0
13436_DanielleDarrieux_64_f.jpg,0.73,DanielleDarrieux,0.059494925911274366,13.961261749267578,0.0681809484958648,0,64.0,f,57,0.01,0.0,DanielleDarrieux,64,DanielleDarrieux,0.92822758484441,DirkBogarde,0.8687326589331357,3.01,13.961261749267578,0.0681809484958648,-12980.43546923995,1,0,0,1,0,1,0
13437_DanielleDarrieux_65_f.jpg,0.5499999999999999,DanielleDarrieux,0.15132909405980344,13.442733764648438,-0.0070809270255267,0,65.0,f,58,0.01,0.0,DanielleDarrieux,65,DanielleDarrieux,0.9126098922772092,DirkBogarde,0.7612807982174058,0.69,13.442733764648438,-0.0070809270255267,18185.60652780533,1,0,0,1,0,1,0
13522_HelenHayes_31_f.jpg,0.4599999999999999,HelenHayes,-0.04820027226765389,9.484835624694824,0.2444577813148498,0,31.0,f,59,0.01,0.0,HelenHayes,31,HelenHayes,0.812608563313207,GiulianoGemma,0.8608088355808609,6.58,9.484835624694824,0.2444577813148498,6000.650413572788,1,0,0,1,0,1,0
14520_AudreyHepburn_62_f.jpg,0.5499999999999999,AudreyHepburn,0.09467585658803357,14.337862968444824,-0.0460049510002136,0,62.0,f,66,0.01,0.0,AudreyHepburn,62,AudreyHepburn,0.8481926525224951,TomJones,0.7535167959344615,2.57,14.337862968444824,-0.0460049510002136,-4808.6705203056335,1,0,0,1,0,1,0
14530_AudreyHepburn_24_f.jpg,0.5499999999999999,AudreyHepburn,0.017975445750064822,11.174241065979004,0.2617628872394562,0,24.0,f,67,0.01,0.0,AudreyHepburn,24,AudreyHepburn,0.8487059666423694,TomJones,0.8307305208923046,0.65,11.174241065979004,0.2617628872394562,7287.317264080048,1,0,0,1,0,1,0
14534_AudreyHepburn_25_f.jpg,0.5499999999999999,AudreyHepburn,0.055688574382449785,11.81125831604004,-0.0278058368712663,0,25.0,f,69,0.01,0.0,AudreyHepburn,25,AudreyHepburn,0.902479989890735,TomJones,0.8467914155082852,-1.95,11.81125831604004,-0.0278058368712663,-3271.020537853241,1,0,0,1,0,1,0
14537_AudreyHepburn_32_f.jpg,0.5499999999999999,AudreyHepburn,0.032157580744515135,11.800127983093262,0.0738707929849624,0,32.0,f,70,0.01,0.0,AudreyHepburn,32,AudreyHepburn,0.8686532654737751,AnthonyHopkins,0.83649568472926,-2.01,11.800127983093262,0.0738707929849624,4452.427045226097,1,0,0,1,0,1,0
14551_AudreyHepburn_36_f.jpg,0.5499999999999999,AudreyHepburn,0.08281718469294364,13.731017112731934,0.042824886739254,0,36.0,f,71,0.01,0.0,AudreyHepburn,36,AudreyHepburn,0.8700971628262607,TomJones,0.7872799781333171,1.36,13.731017112731934,0.042824886739254,3402.8316668868065,1,0,0,1,0,1,0
15001_AnnMiller_15_f.jpg,0.5499999999999999,AnnMiller,-0.10565855294958593,8.905871391296387,0.2280440926551818,0,15.0,f,72,0.01,0.0,AnnMiller,15,AnnMiller,0.7897811122725076,AlbertoSordi,0.8954396652220935,-0.04,8.905871391296387,0.2280440926551818,-2031.226206123829,1,0,0,1,0,1,0
15003_AnnMiller_17_f.jpg,0.5499999999999999,AnnMiller,0.04121644442599037,12.201704025268556,0.0973149985074997,0,17.0,f,73,0.01,0.0,AnnMiller,17,AnnMiller,0.871498326817727,AlbertoSordi,0.8302818823917366,-4.09,12.201704025268556,0.0973149985074997,-3308.981874227524,1,0,0,1,0,1,0
15007_AnnMiller_21_f.jpg,0.37,AnnMiller,-0.02642497366665053,3.095000028610229,0.8711295127868652,1,21.0,f,74,0.01,0.0,AnnMiller,21,EvaMarieSaint,0.8000639747185254,DanielleDarrieux,0.826488948385176,-2.29,3.095000028610229,0.8711295127868652,-13724.671326622369,0,1,0,1,0,0,1
15022_AnnMiller_42_f.jpg,0.4599999999999999,AnnMiller,-0.057498826599319486,9.335392951965332,0.644760012626648,0,42.0,f,75,0.01,0.0,AnnMiller,42,AnnMiller,0.8591671049550326,AnneBaxter,0.916665931554352,7.98,9.335392951965332,0.644760012626648,-975.9392304420472,1,0,0,1,0,1,0
15032_AnnMiller_60_f.jpg,0.5499999999999999,AnnMiller,0.04351798498272563,9.067304611206056,0.3248912394046783,0,60.0,f,76,0.01,0.0,AnnMiller,60,AnnMiller,0.8959596551942671,AlbertoSordi,0.8524416702115415,-2.81,9.067304611206056,0.3248912394046783,-309.86767983436584,1,0,0,1,0,1,0
15276_DyanCannon_67_f.jpg,0.37,DyanCannon,-0.08233907165963428,5.060665607452393,0.8785912394523621,0,67.0,f,78,0.01,0.0,DyanCannon,67,DyanCannon,0.8627042598814157,GenaRowlands,0.94504333154105,-2.15,5.060665607452393,0.8785912394523621,3971.071175098419,1,0,0,1,0,1,0
15279_DyanCannon_70_f.jpg,0.64,DyanCannon,-0.00466811219471841,13.71631145477295,0.0084196012467145,0,70.0,f,80,0.01,0.0,DyanCannon,70,DyanCannon,0.8923120514781661,GenaRowlands,0.8969801636728845,0.57,13.71631145477295,0.0084196012467145,1984.8716410398483,1,0,0,1,0,1,0
15289_DyanCannon_32_f.jpg,0.4599999999999999,DyanCannon,0.007927782397176175,9.750931739807127,0.6553077697753906,0,32.0,f,83,0.01,0.0,DyanCannon,32,DyanCannon,0.9125781827813294,GenaRowlands,0.9046504003841532,-2.36,9.750931739807127,0.6553077697753906,1163.0787119865415,1,0,0,1,0,1,0
15369_JanePowell_14_f.jpg,0.4599999999999999,JanePowell,-0.018305684199440453,9.81766414642334,0.6065233945846558,1,14.0,f,84,0.01,0.0,JanePowell,14,ArnoldSchwarzenegger,0.9000889428128267,EdwardFox,0.9183946270122672,-1.58,9.81766414642334,0.6065233945846558,-18785.806858062744,0,1,0,1,0,0,1
15414_JanePowell_77_f.jpg,0.73,JanePowell,0.12202470216922479,14.89016819000244,-0.0990696996450424,0,77.0,f,87,0.01,0.0,JanePowell,77,JanePowell,0.905427490745752,BobDylan,0.7834027885765272,-3.96,14.89016819000244,-0.0990696996450424,-5708.451035380364,1,0,0,1,0,1,0
15418_JanePowell_81_f.jpg,0.91,JanePowell,0.09280462606205098,11.230249404907228,0.3023571074008941,0,81.0,f,88,0.01,0.0,JanePowell,81,JanePowell,0.914202488618242,BobDylan,0.8213978625561911,-5.85,11.230249404907228,0.3023571074008941,-5051.7055122852325,1,0,0,1,0,1,0
15468_JeanetteMacDonald_32_f.jpg,0.1,JeanetteMacDonald,-0.010747023018307211,2.254361629486084,0.9663305282592772,0,32.0,f,89,0.01,0.0,JeanetteMacDonald,32,JeanetteMacDonald,0.9176004180212426,KateOMara,0.9283474410395498,-0.8,2.254361629486084,0.9663305282592772,2134.036464214325,1,0,0,1,0,1,0
15484_JeanetteMacDonald_44_f.jpg,0.28,JeanetteMacDonald,0.06556323830838418,4.940677642822266,0.7710195779800415,1,44.0,f,91,0.01,0.0,JeanetteMacDonald,44,ArnoldSchwarzenegger,0.8708652554506138,ChristopherWalken,0.8053020171422296,4.17,4.940677642822266,0.7710195779800415,-6337.066656589508,0,1,1,0,0,0,1
15576_KateOMara_20_f.jpg,0.5499999999999999,KateOMara,-0.026723182755304276,7.965631008148193,0.3129516839981079,0,20.0,f,95,0.01,0.0,KateOMara,20,KateOMara,0.8676345179041729,JeanetteMacDonald,0.8943577006594772,-0.4,7.965631008148193,0.3129516839981079,14047.918557882307,1,0,0,1,0,1,0
15577_KateOMara_21_f.jpg,0.1,KateOMara,0.06601433780150012,1.319089651107788,0.986305832862854,1,21.0,f,96,0.01,0.0,KateOMara,21,AlbertoSordi,0.8154243289038949,JeanetteMacDonald,0.7494099911023948,1.66,1.319089651107788,0.986305832862854,-8805.433345794678,0,1,0,1,0,0,1
15585_KateOMara_29_f.jpg,0.5499999999999999,KateOMara,-0.05210724498920438,13.052386283874512,0.0790569186210632,0,29.0,f,97,0.01,0.0,KateOMara,29,KateOMara,0.8036493625898229,JeanetteMacDonald,0.8557566075790273,0.57,13.052386283874512,0.0790569186210632,6028.011241436005,1,0,0,1,0,1,0
15592_KateOMara_36_f.jpg,0.5499999999999999,KateOMara,0.09220568532944351,13.862397193908691,0.0327705256640911,0,36.0,f,98,0.01,0.0,KateOMara,36,KateOMara,0.9268012652163689,JeanetteMacDonald,0.8345955798869253,-1.02,13.862397193908691,0.0327705256640911,-366.10305219888687,1,0,0,1,0,1,0
15599_KateOMara_43_f.jpg,0.5499999999999999,KateOMara,0.06405257641298423,9.506631851196287,0.1998637318611145,0,43.0,f,99,0.01,0.0,KateOMara,43,KateOMara,0.8872761160866085,JeanetteMacDonald,0.8232235396736243,4.17,9.506631851196287,0.1998637318611145,-4863.0482795238495,1,0,0,1,0,1,0
15606_KateOMara_50_f.jpg,0.5499999999999999,KateOMara,0.15188253729048384,13.228014945983888,0.0880637466907501,0,50.0,f,100,0.01,0.0,KateOMara,50,KateOMara,0.9593154424061564,JeanetteMacDonald,0.8074329051156726,2.81,13.228014945983888,0.0880637466907501,-13427.819373488426,1,0,0,1,0,1,0
15608_KateOMara_52_f.jpg,0.5499999999999999,KateOMara,0.11230971859204308,14.14414405822754,0.1202726364135742,0,52.0,f,101,0.01,0.0,KateOMara,52,KateOMara,0.8800433144497977,JeanetteMacDonald,0.7677335958577546,1.64,14.14414405822754,0.1202726364135742,353.7827658355236,1,0,0,1,0,1,0
1663_BobDylan_33_m.jpg,0.5499999999999999,BobDylan,-0.012295492909879968,9.192441940307615,0.2858790755271911,0,33.0,m,102,0.01,0.0,BobDylan,33,BobDylan,0.8123628706832583,JanePowell,0.8246583635931383,0.27,9.192441940307615,0.2858790755271911,5670.65124450624,1,0,0,1,0,1,0
1686_BobDylan_72_m.jpg,0.5499999999999999,BobDylan,-0.006295346336345209,10.565234184265137,0.2291115969419479,0,72.0,m,103,0.01,0.0,BobDylan,72,BobDylan,0.8485280303240678,JamesCaan,0.854823376660413,2.39,10.565234184265137,0.2291115969419479,-204.3688793182373,1,0,0,1,0,1,0
1831_TomJones_23_m.jpg,0.19,TomJones,-0.012309116839568812,2.6183085441589355,0.9315453171730042,1,23.0,m,104,0.01,0.0,TomJones,23,JeanetteMacDonald,0.850436775785317,EdwardGRobinson,0.8627458926248858,1.97,2.6183085441589355,0.9315453171730042,10608.83512276411,0,1,0,1,0,0,1
1837_TomJones_28_m.jpg,0.5499999999999999,TomJones,-0.013747510404323426,4.296764373779297,0.5214076638221741,0,28.0,m,105,0.01,0.0,TomJones,28,TomJones,0.8674498188379596,AnthonyHopkins,0.881197329242283,1.04,4.296764373779297,0.5214076638221741,-7857.677290678024,1,0,0,1,0,1,0
1852_TomJones_59_m.jpg,0.5499999999999999,TomJones,0.1481212789742159,14.294625282287598,-0.1570373922586441,0,59.0,m,106,0.01,0.0,TomJones,59,TomJones,0.9756598822846388,AnthonyHopkins,0.827538603310423,-3.94,14.294625282287598,-0.1570373922586441,2577.29850679636,1,0,0,1,0,1,0
1857_TomJones_64_m.jpg,0.5499999999999999,TomJones,0.0900103766237833,14.050537109375,-0.0456198379397392,0,64.0,m,107,0.01,0.0,TomJones,64,TomJones,0.9421341776815128,AnthonyHopkins,0.8521238010577294,3.06,14.050537109375,-0.0456198379397392,14369.458626270294,1,0,0,1,0,1,0
1859_TomJones_66_m.jpg,0.5499999999999999,TomJones,0.09626488257175303,13.671134948730469,0.0743659138679504,0,66.0,m,108,0.01,0.0,TomJones,66,TomJones,0.9552218817021,AnthonyHopkins,0.858956999130347,4.64,13.671134948730469,0.0743659138679504,-777.5889619588852,1,0,0,1,0,1,0
1908_EdwardFox_34_m.jpg,0.5499999999999999,EdwardFox,-0.13016177307806487,12.290141105651855,0.1452254205942154,0,34.0,m,109,0.01,0.0,EdwardFox,34,EdwardFox,0.7165734962357546,GladysCooper,0.8467352693138195,1.63,12.290141105651855,0.1452254205942154,8010.651465415955,1,0,0,1,0,1,0
1924_EdwardFox_53_m.jpg,0.4599999999999999,EdwardFox,-0.04206764109794292,11.812298774719238,0.2328325808048248,0,53.0,m,110,0.01,0.0,EdwardFox,53,EdwardFox,0.7560016139819178,GladysCooper,0.7980692550798607,0.61,11.812298774719238,0.2328325808048248,16251.365537643433,1,0,0,1,0,1,0
1930_EdwardFox_63_m.jpg,0.5499999999999999,EdwardFox,0.009174709492868138,8.964787483215332,0.4573438763618469,0,63.0,m,111,0.01,0.0,EdwardFox,63,EdwardFox,0.8392464631730933,GladysCooper,0.8300717536802251,-2.38,8.964787483215332,0.4573438763618469,12531.187822461128,1,0,0,1,0,1,0
1939_EdwardFox_76_m.jpg,0.5499999999999999,EdwardFox,-0.002679574246061578,15.085887908935549,-0.0167357847094535,0,76.0,m,112,0.01,0.0,EdwardFox,76,EdwardFox,0.8953320116276735,GladysCooper,0.8980115858737351,-0.42,15.085887908935549,-0.0167357847094535,-3515.573119275272,1,0,0,1,0,1,0
1981_JamesCaan_27_m.jpg,0.28,JamesCaan,-0.03919284710176918,4.226375102996826,0.9226930737495422,1,27.0,m,113,0.01,0.0,JamesCaan,27,ChristopherWalken,0.7521608409893236,EdwardFox,0.7913536880910927,1.54,4.226375102996826,0.9226930737495422,4991.194062396884,0,1,0,1,0,0,1
1988_JamesCaan_32_m.jpg,0.19,JamesCaan,0.0013485423771142369,3.0611963272094727,0.9416086077690125,1,32.0,m,114,0.01,0.0,JamesCaan,32,ChristopherWalken,0.8230609199171273,DanielleDarrieux,0.821712377540013,3.2,3.0611963272094727,0.9416086077690125,11588.223214626312,0,1,0,1,0,0,1
2008_JamesCaan_59_m.jpg,0.64,JamesCaan,-0.10449941047908362,14.152838706970217,0.1484763473272323,0,59.0,m,115,0.01,0.0,JamesCaan,59,JamesCaan,0.839892517148381,BobDylan,0.9443919276274646,-1.11,14.152838706970217,0.1484763473272323,949.434485912323,1,0,0,1,0,1,0
2073_JonVoight_60_m.jpg,0.5499999999999999,JonVoight,-0.06303719013560727,12.52924346923828,0.2864392101764679,0,60.0,m,119,0.01,0.0,JonVoight,60,JonVoight,0.7755957811963912,MelBrooks,0.8386329713319984,-4.06,12.52924346923828,0.2864392101764679,11878.857074975967,1,0,0,1,0,1,0
2076_JonVoight_62_m.jpg,0.64,JonVoight,0.1465582355205436,14.053400039672852,0.1425513923168182,0,62.0,m,120,0.01,0.0,JonVoight,62,JonVoight,0.9495618910376892,MelBrooks,0.8030036555171456,0.34,14.053400039672852,0.1425513923168182,-3385.3893234729767,1,0,0,1,0,1,0
2077_JonVoight_64_m.jpg,0.5499999999999999,JonVoight,0.07285244927395473,13.58425235748291,0.299197107553482,0,64.0,m,121,0.01,0.0,JonVoight,64,JonVoight,0.924531022288054,MelBrooks,0.8516785730140992,-1.96,13.58425235748291,0.299197107553482,-1971.749235868454,1,0,0,1,0,1,0
2088_JonVoight_74_m.jpg,0.5499999999999999,JonVoight,0.13789370295214165,13.36012077331543,0.2881176769733429,0,74.0,m,122,0.01,0.0,JonVoight,74,JonVoight,0.9565500128056668,MelBrooks,0.8186563098535251,-0.17,13.36012077331543,0.2881176769733429,-1380.6526875197887,1,0,0,1,0,1,0
2097_MelBrooks_40_m.jpg,0.1,MelBrooks,-0.07061255288970847,1.363478422164917,0.9866726994514464,1,40.0,m,123,0.01,0.0,MelBrooks,40,AlbertoSordi,0.7501113931997763,BenGazzara,0.8207239460894847,4.52,1.363478422164917,0.9866726994514464,-6346.206617966294,0,1,0,1,0,0,1
2105_MelBrooks_52_m.jpg,0.64,MelBrooks,0.1527733307683773,13.171873092651367,0.1522184014320373,0,52.0,m,124,0.01,0.0,MelBrooks,52,MelBrooks,0.9283173945087294,JonVoight,0.7755440637403521,-2.27,13.171873092651367,0.1522184014320373,-3697.418331384659,1,0,0,1,0,1,0
2121_MelBrooks_77_m.jpg,0.5499999999999999,MelBrooks,0.15645940424804472,11.87353229522705,0.3597999215126037,0,77.0,m,125,0.01,0.0,MelBrooks,77,MelBrooks,0.9870191108309828,JonVoight,0.8305597065829381,0.97,11.87353229522705,0.3597999215126037,7801.208504199982,1,0,0,1,0,1,0
2124_MelBrooks_80_m.jpg,0.5499999999999999,MelBrooks,0.05970957809055133,10.379643440246582,0.4989333748817444,0,80.0,m,126,0.01,0.0,MelBrooks,80,MelBrooks,0.9294456415742368,JonVoight,0.8697360634836855,-1.47,10.379643440246582,0.4989333748817444,-4045.286625683308,1,0,0,1,0,1,0
2709_KevinBacon_27_m.jpg,0.5499999999999999,KevinBacon,-0.0482118598482566,14.5412015914917,-0.1461788713932037,0,27.0,m,127,0.01,0.0,KevinBacon,27,KevinBacon,0.7870914188700999,EdwardGRobinson,0.8353032787183565,0.31,14.5412015914917,-0.1461788713932037,5249.289696030319,1,0,0,1,0,1,0
2720_KevinBacon_37_m.jpg,0.4599999999999999,KevinBacon,-0.033336190918364705,6.093332290649414,0.7885147333145142,1,37.0,m,128,0.01,0.0,KevinBacon,37,JonVoight,0.8203199354139309,ChristopherWalken,0.8536561263322956,1.02,6.093332290649414,0.7885147333145142,8804.533461809158,0,1,0,1,0,0,1
2732_KevinBacon_48_m.jpg,0.5499999999999999,KevinBacon,0.11867403583967717,13.535941123962402,0.1848804801702499,0,48.0,m,129,0.01,0.0,KevinBacon,48,KevinBacon,0.942485564951376,EdwardGRobinson,0.8238115291116989,-1.26,13.535941123962402,0.1848804801702499,-3600.9037479162216,1,0,0,1,0,1,0
2737_KevinBacon_52_m.jpg,0.5499999999999999,KevinBacon,-0.03591968530796674,12.45839023590088,0.3059029281139374,0,52.0,m,130,0.01,0.0,KevinBacon,52,KevinBacon,0.7824033610696813,EdwardGRobinson,0.8183230463776481,0.42,12.45839023590088,0.3059029281139374,2332.7055801153183,1,0,0,1,0,1,0
2785_MickJagger_47_m.jpg,0.4599999999999999,MickJagger,0.057001166631408196,9.653063774108888,0.5509928464889526,0,47.0,m,131,0.01,0.0,MickJagger,47,MickJagger,0.8754112661715303,GladysCooper,0.8184100995401221,-0.36,9.653063774108888,0.5509928464889526,5416.875463962555,1,0,0,1,0,1,0
2792_MickJagger_63_m.jpg,0.5499999999999999,MickJagger,0.00930437740933876,11.932891845703123,0.0780007317662239,0,63.0,m,132,0.01,0.0,MickJagger,63,MickJagger,0.8241564277848712,GladysCooper,0.8148520503755324,0.12,11.932891845703123,0.0780007317662239,-6639.9254440665245,1,0,0,1,0,1,0
2793_MickJagger_64_m.jpg,0.5499999999999999,MickJagger,0.031340015585278436,13.730957984924316,0.0796133801341056,0,64.0,m,133,0.01,0.0,MickJagger,64,MickJagger,0.8581629061008712,GladysCooper,0.8268228905155928,5.78,13.730957984924316,0.0796133801341056,-6718.620454788208,1,0,0,1,0,1,0
2794_MickJagger_66_m.jpg,0.5499999999999999,MickJagger,0.011173511798915237,11.857698440551758,0.310605525970459,0,66.0,m,134,0.01,0.0,MickJagger,66,MickJagger,0.7830008352461052,GladysCooper,0.77182732344719,-1.73,11.857698440551758,0.310605525970459,-778.6702523231506,1,0,0,1,0,1,0
3556_MichaelYork_13_m.jpg,0.1,MichaelYork,0.0010600008868293376,0.5739530920982361,0.9958274364471436,1,13.0,m,135,0.01,0.0,MichaelYork,13,EdwardFox,0.8499512790284551,EdwardGRobinson,0.8488912781416258,-2.74,0.5739530920982361,0.9958274364471436,5650.98591247201,0,1,0,1,0,0,1
3579_MichaelYork_50_m.jpg,0.4599999999999999,MichaelYork,-0.00964178866097043,8.358573913574219,0.6834293603897095,0,50.0,m,136,0.01,0.0,MichaelYork,50,MichaelYork,0.7890718177776531,PeterFalk,0.7987136064386235,-1.26,8.358573913574219,0.6834293603897095,-1036.8986762166023,1,0,0,1,0,1,0
3581_MichaelYork_52_m.jpg,0.73,MichaelYork,0.13139908815114754,14.830519676208496,0.1051851958036422,0,52.0,m,137,0.01,0.0,MichaelYork,52,MichaelYork,0.956280721621977,PeterFalk,0.8248816334708294,-0.44,14.830519676208496,0.1051851958036422,-6976.750441014767,1,0,0,1,0,1,0
3589_MichaelYork_61_m.jpg,0.5499999999999999,MichaelYork,0.07245092324837354,12.830811500549316,0.0771306082606315,0,61.0,m,138,0.01,0.0,MichaelYork,61,MichaelYork,0.8965568088133996,PeterFalk,0.8241058855650261,-2.43,12.830811500549316,0.0771306082606315,10533.538538813593,1,0,0,1,0,1,0
3591_MichaelYork_63_m.jpg,0.73,MichaelYork,0.1744982786748137,13.125205993652344,0.1950618475675583,0,63.0,m,139,0.01,0.0,MichaelYork,63,MichaelYork,0.9625782102809216,PeterFalk,0.7880799316061079,-1.46,13.125205993652344,0.1950618475675583,2227.1021909713745,1,0,0,1,0,1,0
3593_MichaelYork_65_m.jpg,0.5499999999999999,MichaelYork,0.05298828181352744,12.15160846710205,0.2610348761081695,0,65.0,m,140,0.01,0.0,MichaelYork,65,MichaelYork,0.8685134429955419,PeterFalk,0.8155251611820145,2.52,12.15160846710205,0.2610348761081695,-9309.625930309296,1,0,0,1,0,1,0
3596_MichaelYork_70_m.jpg,0.4599999999999999,MichaelYork,0.0977225529302872,8.929966926574707,0.6722442507743835,1,70.0,m,141,0.01,0.0,MichaelYork,70,EdwardGRobinson,0.9186267579077816,DanielleDarrieux,0.8209042049774944,-0.86,8.929966926574707,0.6722442507743835,-4030.608124151826,0,1,1,0,0,0,1
4131_GenaRowlands_35_m.jpg,0.1,GenaRowlands,-0.008143444473492023,1.370985984802246,0.9921730756759644,1,35.0,m,142,0.01,0.0,GenaRowlands,35,AngelaLansbury,0.8720494374025443,ArnoldSchwarzenegger,0.8801928818760363,1.78,1.370985984802246,0.9921730756759644,-9494.517906188965,0,1,1,0,0,0,1
4138_GenaRowlands_48_m.jpg,0.73,GenaRowlands,0.11370465505044636,14.086769104003906,0.0622074827551841,0,48.0,m,143,0.01,0.0,GenaRowlands,48,GenaRowlands,0.953254218024318,DyanCannon,0.8395495629738716,2.76,14.086769104003906,0.0622074827551841,5363.022575259209,1,0,0,1,0,1,0
4159_GenaRowlands_77_m.jpg,0.64,GenaRowlands,0.1470235330495232,13.697613716125488,0.1822101026773452,0,77.0,m,144,0.01,0.0,GenaRowlands,77,GenaRowlands,0.9463097239059056,DyanCannon,0.7992861908563824,0.08,13.697613716125488,0.1822101026773452,324.1364974975586,1,0,0,1,0,1,0
4885_RomanPolanski_33_m.jpg,0.5499999999999999,RomanPolanski,-0.07662003670998707,9.797285079956056,0.2091501653194427,0,33.0,m,147,0.01,0.0,RomanPolanski,33,RomanPolanski,0.7965705694861955,RoyScheider,0.8731906061961826,3.83,9.797285079956056,0.2091501653194427,3645.808742582798,1,0,0,1,0,1,0
4918_RomanPolanski_73_m.jpg,0.28,RomanPolanski,0.011629853572106774,4.353855609893799,0.9340639114379884,1,73.0,m,148,0.01,0.0,RomanPolanski,73,JonVoight,0.8095917056842499,ChristopherWalken,0.7979618521121431,3.0,4.353855609893799,0.9340639114379884,-9615.990856647491,0,1,0,1,0,0,1
4921_RomanPolanski_76_m.jpg,0.5499999999999999,RomanPolanski,0.006046029853022938,14.531000137329102,0.0600353330373764,0,76.0,m,149,0.01,0.0,RomanPolanski,76,RomanPolanski,0.859035691973747,RoyScheider,0.852989662120724,1.38,14.531000137329102,0.0600353330373764,-7879.032921358943,1,0,0,1,0,1,0
4993_WarrenBeatty_23_m.jpg,0.4599999999999999,WarrenBeatty,-0.10409558349393255,10.521655082702637,0.3398260474205017,1,23.0,m,150,0.01,0.0,WarrenBeatty,23,BenGazzara,0.761507013277041,ChristopherWalken,0.8656025967709735,-2.0,10.521655082702637,0.3398260474205017,4116.764323741198,0,1,0,1,0,0,1
5009_WarrenBeatty_57_m.jpg,0.64,WarrenBeatty,-0.039333227353702815,5.453427791595459,0.6389580368995667,0,57.0,m,151,0.01,0.0,WarrenBeatty,57,WarrenBeatty,0.7834298572699203,PeterFalk,0.8227630846236231,1.6,5.453427791595459,0.6389580368995667,3463.627878308296,1,0,0,1,0,1,0
5023_WarrenBeatty_75_m.jpg,0.5499999999999999,WarrenBeatty,0.09963774219342325,12.184024810791016,0.2399554103612899,0,75.0,m,152,0.01,0.0,WarrenBeatty,75,WarrenBeatty,0.9040004294017364,PeterFalk,0.8043626872083132,-1.34,12.184024810791016,0.2399554103612899,-4940.916274309158,1,0,0,1,0,1,0
5028_WarrenBeatty_42_m.jpg,0.19,WarrenBeatty,-0.0026540413771334315,3.1544361114501958,0.9500911235809326,1,42.0,m,153,0.01,0.0,WarrenBeatty,42,JeanetteMacDonald,0.8067312843089283,BenGazzara,0.8093853256860617,1.65,3.1544361114501958,0.9500911235809326,-757.6382150053978,0,1,0,1,0,0,1
5067_AnthonyHopkins_32_m.jpg,0.5499999999999999,AnthonyHopkins,0.09315283454477818,13.87941837310791,-0.0061429585330188,0,32.0,m,154,0.01,0.0,AnthonyHopkins,32,AnthonyHopkins,0.9359421205876872,TomJones,0.842789286042909,-0.75,13.87941837310791,-0.0061429585330188,16210.272146105766,1,0,0,1,0,1,0
5079_AnthonyHopkins_54_m.jpg,0.82,AnthonyHopkins,0.09254224064183814,10.717248916625977,0.2156578004360199,0,54.0,m,155,0.01,0.0,AnthonyHopkins,54,AnthonyHopkins,0.9560177167540304,TomJones,0.8634754761121922,-0.93,10.717248916625977,0.2156578004360199,-6080.089579761028,1,0,0,1,0,1,0
5096_AnthonyHopkins_72_m.jpg,0.91,AnthonyHopkins,-0.005588408454028748,10.916330337524414,0.0896406546235084,0,72.0,m,156,0.01,0.0,AnthonyHopkins,72,AnthonyHopkins,0.8425666525083029,TomJones,0.8481550609623316,0.99,10.916330337524414,0.0896406546235084,-3951.465341925621,1,0,0,1,0,1,0
5109_AnthonyHopkins_76_m.jpg,0.5499999999999999,AnthonyHopkins,-0.028875688788796094,12.192438125610352,0.1190060973167419,0,76.0,m,157,0.01,0.0,AnthonyHopkins,76,AnthonyHopkins,0.8775071530383027,TomJones,0.9063828418270988,-0.64,12.192438125610352,0.1190060973167419,4095.861353516578,1,0,0,1,0,1,0
5621_PeterFalk_74_m.jpg,0.64,PeterFalk,0.06800193486382611,13.795015335083008,0.2242030501365661,0,74.0,m,161,0.01,0.0,PeterFalk,74,PeterFalk,0.9645137443158116,WarrenBeatty,0.8965118094519855,1.09,13.795015335083008,0.2242030501365661,6024.766450822353,1,0,0,1,0,1,0
5630_PeterFalk_83_m.jpg,0.64,PeterFalk,0.15110422025548786,14.24644660949707,0.0327431187033653,0,83.0,m,162,0.01,0.0,PeterFalk,83,PeterFalk,0.9529493878844024,MichaelYork,0.8018451676289146,2.07,14.24644660949707,0.0327431187033653,1367.3298034667969,1,0,0,1,0,1,0
5849_HerbertLom_40_m.jpg,0.91,HerbertLom,0.0626184856680565,12.758134841918944,0.1305789351463318,0,40.0,m,165,0.01,0.0,HerbertLom,40,HerbertLom,0.9048539788114744,LuiseRainer,0.842235493143418,-4.17,12.758134841918944,0.1305789351463318,-5424.016312241554,1,0,0,1,0,1,0
5864_HerbertLom_61_m.jpg,0.82,HerbertLom,0.11481633999123764,15.562335014343262,-0.0321610979735851,0,61.0,m,166,0.01,0.0,HerbertLom,61,HerbertLom,0.9292498404627114,LuiseRainer,0.8144335004714738,0.34,15.562335014343262,-0.0321610979735851,-8162.485159397125,1,0,0,1,0,1,0
5876_HerbertLom_81_m.jpg,0.64,HerbertLom,0.11578210358788177,10.948052406311035,0.2460139840841293,0,81.0,m,167,0.01,0.0,HerbertLom,81,HerbertLom,0.9570474043271192,LuiseRainer,0.8412653007392374,-2.76,10.948052406311035,0.2460139840841293,-9950.24627673626,1,0,0,1,0,1,0
5881_HerbertLom_93_m.jpg,0.5499999999999999,HerbertLom,0.22019206080671405,14.760202407836914,0.0435816757380962,0,93.0,m,168,0.01,0.0,HerbertLom,93,HerbertLom,0.9578968811045934,LuiseRainer,0.7377048202978793,-0.49,14.760202407836914,0.0435816757380962,5461.83127784729,1,0,0,1,0,1,0
6230_DirkBogarde_29_m.jpg,0.5499999999999999,DirkBogarde,-0.0023416285991642027,12.978693008422852,0.0971572622656822,0,29.0,m,169,0.01,0.0,DirkBogarde,29,DirkBogarde,0.8127793296098368,DanielleDarrieux,0.815120958209001,-5.31,12.978693008422852,0.0971572622656822,7141.336396455765,1,0,0,1,0,1,0
6231_DirkBogarde_31_m.jpg,0.5499999999999999,DirkBogarde,-0.02867457746790003,8.160326957702637,0.2565620243549347,0,31.0,m,170,0.01,0.0,DirkBogarde,31,DirkBogarde,0.8451803465701735,DanielleDarrieux,0.8738549240380735,2.17,8.160326957702637,0.2565620243549347,-4432.875860065222,1,0,0,1,0,1,0
6245_DirkBogarde_42_m.jpg,0.5499999999999999,DirkBogarde,-0.00947249901988445,7.140271186828613,0.221752718091011,0,42.0,m,171,0.01,0.0,DirkBogarde,42,DirkBogarde,0.8493766235150023,DanielleDarrieux,0.8588491225348868,-1.04,7.140271186828613,0.221752718091011,-4806.3116245269775,1,0,0,1,0,1,0
6246_DirkBogarde_43_m.jpg,0.5499999999999999,DirkBogarde,-0.02467945877077149,8.2822847366333,0.3145742416381836,0,43.0,m,172,0.01,0.0,DirkBogarde,43,DirkBogarde,0.8226180184269283,DanielleDarrieux,0.8472974771976998,1.1,8.2822847366333,0.3145742416381836,3541.392946243286,1,0,0,1,0,1,0
6255_DirkBogarde_56_m.jpg,0.5499999999999999,DirkBogarde,0.11181593539787482,13.706043243408203,0.1125909090042114,0,56.0,m,173,0.01,0.0,DirkBogarde,56,DirkBogarde,0.9359288874622852,DanielleDarrieux,0.8241129520644104,2.35,13.706043243408203,0.1125909090042114,13423.11696624756,1,0,0,1,0,1,0
6262_DirkBogarde_67_m.jpg,0.5499999999999999,DirkBogarde,0.030507295095312914,13.472648620605469,0.198503091931343,0,67.0,m,174,0.01,0.0,DirkBogarde,67,DirkBogarde,0.8910430362530326,DanielleDarrieux,0.8605357411577197,0.19,13.472648620605469,0.198503091931343,-2724.496092438698,1,0,0,1,0,1,0
6472_JohnnyCash_10_m.jpg,0.37,JohnnyCash,-0.0694881877712118,5.199565410614014,0.907032072544098,1,10.0,m,175,0.01,0.0,JohnnyCash,10,ArnoldSchwarzenegger,0.828939544206618,EdwardFox,0.8984277319778298,-5.58,5.199565410614014,0.907032072544098,-821.9519019126892,0,1,0,1,0,0,1
6485_JohnnyCash_40_m.jpg,0.64,JohnnyCash,0.08819875938346111,16.55901336669922,0.0900720506906509,0,40.0,m,176,0.01,0.0,JohnnyCash,40,JohnnyCash,0.9403365713685105,JeanetteMacDonald,0.8521378119850493,-2.03,16.55901336669922,0.0900720506906509,5814.596465468407,1,0,0,1,0,1,0
6493_JohnnyCash_69_m.jpg,0.5499999999999999,JohnnyCash,0.029889972788318953,14.2147216796875,0.0319353193044662,0,69.0,m,177,0.01,0.0,JohnnyCash,69,JohnnyCash,0.9142345544673702,JeanetteMacDonald,0.8843445816790513,3.33,14.2147216796875,0.0319353193044662,-14398.22116303444,1,0,0,1,0,1,0
6494_JohnnyCash_29_m.jpg,0.5499999999999999,JohnnyCash,0.02646920573620859,10.987512588500977,0.292363166809082,0,29.0,m,178,0.01,0.0,JohnnyCash,29,JohnnyCash,0.8811945106083947,JeanetteMacDonald,0.8547253048721861,1.48,10.987512588500977,0.292363166809082,6393.965213298798,1,0,0,1,0,1,0
6497_JohnnyCash_35_m.jpg,0.5499999999999999,JohnnyCash,-0.04413611689672081,8.793103218078613,0.2423425018787384,0,35.0,m,179,0.01,0.0,JohnnyCash,35,JohnnyCash,0.8228808424854425,JeanetteMacDonald,0.8670169593821633,-2.0,8.793103218078613,0.2423425018787384,4835.582838773727,1,0,0,1,0,1,0
6676_PeterGraves_34_m.jpg,0.64,PeterGraves,0.053015716819118874,13.934813499450684,0.0330109558999538,0,34.0,m,180,0.01,0.0,PeterGraves,34,PeterGraves,0.8830318676730706,DyanCannon,0.8300161508539518,6.46,13.934813499450684,0.0330109558999538,10938.622671484947,1,0,0,1,0,1,0
6681_PeterGraves_41_m.jpg,0.82,PeterGraves,0.15859524913493228,13.353172302246094,0.1951591074466705,0,41.0,m,181,0.01,0.0,PeterGraves,41,PeterGraves,0.8728364684285846,DyanCannon,0.7142412192936524,1.13,13.353172302246094,0.1951591074466705,-3943.511635303497,1,0,0,1,0,1,0
6682_PeterGraves_43_m.jpg,0.19,PeterGraves,0.03611881466906852,1.9623388051986692,0.9519461989402772,1,43.0,m,182,0.01,0.0,PeterGraves,43,EdwardFox,0.8482312044827545,ArnoldSchwarzenegger,0.8121123898136859,3.37,1.9623388051986692,0.9519461989402772,-793.4329490661621,0,1,0,1,0,0,1
6698_PeterGraves_82_m.jpg,0.64,PeterGraves,0.14008545329264432,14.741898536682127,0.0784114748239517,0,82.0,m,183,0.01,0.0,PeterGraves,82,PeterGraves,0.9278683107978324,DyanCannon,0.7877828575051881,-1.84,14.741898536682127,0.0784114748239517,3739.549016714096,1,0,0,1,0,1,0
6700_PeterGraves_46_m.jpg,0.64,PeterGraves,-0.012172485037371894,14.161352157592772,0.0786137655377388,0,46.0,m,184,0.01,0.0,PeterGraves,46,PeterGraves,0.8693852382167775,GenaRowlands,0.8815577232541494,-1.16,14.161352157592772,0.0786137655377388,122.22310963273048,1,0,0,1,0,1,0
6703_PeterGraves_54_m.jpg,0.5499999999999999,PeterGraves,0.026859152466654712,11.107317924499512,0.3504739701747894,0,54.0,m,185,0.01,0.0,PeterGraves,54,PeterGraves,0.892674340285116,DyanCannon,0.8658151878184613,-2.02,11.107317924499512,0.3504739701747894,-9359.26252412796,1,0,0,1,0,1,0
6806_RoyScheider_56_m.jpg,0.4599999999999999,RoyScheider,-0.052291146479625406,10.25676727294922,0.6407754421234131,0,56.0,m,187,0.01,0.0,RoyScheider,56,RoyScheider,0.855299263062978,ScottGlenn,0.9075904095426034,-1.6,10.25676727294922,0.6407754421234131,-2520.431087270379,1,0,0,1,0,1,0
6992_ChristopherWalken_29_m.jpg,0.5499999999999999,ChristopherWalken,0.13777635102817254,13.362235069274902,0.2191237807273864,0,29.0,m,189,0.01,0.0,ChristopherWalken,29,ChristopherWalken,0.8983172587156886,MarcelloMastroianni,0.760540907687516,4.02,13.362235069274902,0.2191237807273864,860.7165884971619,1,0,0,1,0,1,0
7012_ChristopherWalken_50_m.jpg,0.4599999999999999,ChristopherWalken,0.08933503499999285,9.667308807373049,0.3997154533863067,1,50.0,m,190,0.01,0.0,ChristopherWalken,50,DanielleDarrieux,0.8396611750304139,EdwardGRobinson,0.7503261400304211,0.56,9.667308807373049,0.3997154533863067,-4739.163647174835,0,1,0,1,0,0,1
7016_ChristopherWalken_56_m.jpg,0.5499999999999999,ChristopherWalken,0.07726667385789754,14.40328884124756,0.0231257285922765,0,56.0,m,191,0.01,0.0,ChristopherWalken,56,ChristopherWalken,0.8533259240113151,MarcelloMastroianni,0.7760592501534176,-0.92,14.40328884124756,0.0231257285922765,-2557.691418647766,1,0,0,1,0,1,0
7098_GladysCooper_15_m.jpg,0.64,GladysCooper,0.039550527682605474,14.885502815246582,-0.1537929028272628,0,15.0,m,192,0.01,0.0,GladysCooper,15,GladysCooper,0.900395197702711,EdwardFox,0.8608446700201056,-1.32,14.885502815246582,-0.1537929028272628,1532.3204288482666,1,0,0,1,0,1,0
7121_GladysCooper_74_m.jpg,0.64,GladysCooper,0.10046135333461614,13.729280471801758,0.0350800231099128,0,74.0,m,193,0.01,0.0,GladysCooper,74,GladysCooper,0.9139166653918738,EdwardFox,0.8134553120572576,-2.73,13.729280471801758,0.0350800231099128,957.4045706391336,1,0,0,1,0,1,0
7401_MickeyRooney_8_m.jpg,0.4599999999999999,MickeyRooney,0.13180837167401438,7.394711494445801,0.5525615811347961,1,8.0,m,194,0.01,0.0,MickeyRooney,8,ArnoldSchwarzenegger,0.8793051010766104,EdwardGRobinson,0.747496729402596,1.54,7.394711494445801,0.5525615811347961,-516.8371623158455,0,1,1,0,0,0,1
7402_MickeyRooney_10_m.jpg,0.4599999999999999,MickeyRooney,0.08424043593326846,9.52245807647705,0.5873324871063232,1,10.0,m,195,0.01,0.0,MickeyRooney,10,ArnoldSchwarzenegger,0.8582267962202241,EdwardGRobinson,0.7739863602869557,2.11,9.52245807647705,0.5873324871063232,8997.508380797692,0,1,1,0,0,0,1
7410_MickeyRooney_23_m.jpg,0.28,MickeyRooney,-0.0056785664213055975,3.895753145217896,0.9444657564163208,0,23.0,m,196,0.01,0.0,MickeyRooney,23,MickeyRooney,0.8733169683567849,AngelaLansbury,0.8789955347780904,-2.77,3.895753145217896,0.9444657564163208,-4553.527848660946,1,0,0,1,0,1,0
7416_MickeyRooney_33_m.jpg,0.28,MickeyRooney,-0.027425524289956815,3.036674976348877,0.9402202367782592,1,33.0,m,197,0.01,0.0,MickeyRooney,33,ArnoldSchwarzenegger,0.8781248357717766,EdwardGRobinson,0.9055503600617334,-5.85,3.036674976348877,0.9402202367782592,3981.115971803665,0,1,0,1,0,0,1
7436_MickeyRooney_77_m.jpg,0.82,MickeyRooney,0.11753394867803257,13.29832649230957,0.00812653824687,0,77.0,m,199,0.01,0.0,MickeyRooney,77,MickeyRooney,0.92184339847354,AngelaLansbury,0.8043094497955074,1.09,13.29832649230957,0.00812653824687,4699.230824708939,1,0,0,1,0,1,0
7437_MickeyRooney_78_m.jpg,0.82,MickeyRooney,9.533532017602653e-06,12.599889755249023,0.1097643971443176,0,78.0,m,200,0.01,0.0,MickeyRooney,78,MickeyRooney,0.9051809782982824,AngelaLansbury,0.9051714447662648,0.87,12.599889755249023,0.1097643971443176,-9496.68105494976,1,0,0,1,0,1,0
8305_RichardCrenna_18_m.jpg,0.5499999999999999,RichardCrenna,0.015559168440666404,13.554290771484377,0.1200597435235977,0,18.0,m,204,0.01,0.0,RichardCrenna,18,RichardCrenna,0.859428013753781,MickeyRooney,0.8438688453131146,2.13,13.554290771484377,0.1200597435235977,4160.489153012633,1,0,0,1,0,1,0
8308_RichardCrenna_28_m.jpg,0.1,RichardCrenna,0.00742141574915911,1.350071668624878,0.9875637292861938,1,28.0,m,205,0.01,0.0,RichardCrenna,28,AlbertoSordi,0.835434219800723,EdwardFox,0.8280128040515639,-0.67,1.350071668624878,0.9875637292861938,2139.9794486761093,0,1,0,1,0,0,1
8338_RichardCrenna_64_m.jpg,0.5499999999999999,RichardCrenna,0.13565084659438387,12.878616333007812,0.1126792132854461,0,64.0,m,206,0.01,0.0,RichardCrenna,64,RichardCrenna,0.94093410279723,MickeyRooney,0.8052832562028461,2.16,12.878616333007812,0.1126792132854461,-321.5705362558365,1,0,0,1,0,1,0
85_PaulAnka_65_m.jpg,0.64,PaulAnka,0.11409361140793361,13.386208534240724,0.2716902792453766,0,65.0,m,207,0.01,0.0,PaulAnka,65,PaulAnka,0.9511678465397648,EvaMarieSaint,0.8370742351318312,-3.27,13.386208534240724,0.2716902792453766,-1424.8808697462082,1,0,0,1,0,1,0
8825_ArnoldSchwarzenegger_32_m.jpg,0.5499999999999999,ArnoldSchwarzenegger,0.033570603492621975,14.078085899353027,0.0472015291452407,0,32.0,m,208,0.01,0.0,ArnoldSchwarzenegger,32,ArnoldSchwarzenegger,0.8862557521727963,HelenHayes,0.8526851486801743,3.61,14.078085899353027,0.0472015291452407,-5153.466369628906,1,0,0,1,0,1,0
8833_ArnoldSchwarzenegger_41_m.jpg,0.37,ArnoldSchwarzenegger,0.08879883969538016,7.588642120361328,0.7024185657501221,1,41.0,m,209,0.01,0.0,ArnoldSchwarzenegger,41,AlbertoSordi,0.8880894756856081,ArnoldSchwarzenegger,0.799290635990228,-2.33,7.588642120361328,0.7024185657501221,5329.061162948608,0,1,1,0,0,0,1
8843_ArnoldSchwarzenegger_54_m.jpg,0.4599999999999999,ArnoldSchwarzenegger,-0.06176248522761851,12.687707901000977,0.395892471075058,0,54.0,m,210,0.01,0.0,ArnoldSchwarzenegger,54,ArnoldSchwarzenegger,0.75298142541408,GiulianoGemma,0.8147439106416985,3.85,12.687707901000977,0.395892471075058,-1075.076043009758,1,0,0,1,0,1,0
8852_ArnoldSchwarzenegger_61_m.jpg,0.5499999999999999,ArnoldSchwarzenegger,0.1729455848182836,12.472223281860352,0.3088257908821106,0,61.0,m,211,0.01,0.0,ArnoldSchwarzenegger,61,ArnoldSchwarzenegger,0.943728840660299,HelenHayes,0.7707832558420155,-1.23,12.472223281860352,0.3088257908821106,-1899.5224747657776,1,0,0,1,0,1,0
88_PaulAnka_67_m.jpg,1.0,PaulAnka,0.0780419805859941,14.019733428955078,0.1132147014141082,0,67.0,m,212,0.01,0.0,PaulAnka,67,PaulAnka,0.9466219912258044,EvaMarieSaint,0.8685800106398103,-0.85,14.019733428955078,0.1132147014141082,324.35603272914886,1,0,0,1,0,1,0
8948_FredMacMurray_28_m.jpg,0.5499999999999999,FredMacMurray,0.09275988339910168,12.845221519470217,0.1636442095041275,0,28.0,m,213,0.01,0.0,FredMacMurray,28,FredMacMurray,0.9549935446673152,EdwardGRobinson,0.8622336612682135,-0.96,12.845221519470217,0.1636442095041275,-6309.219176650047,1,0,0,1,0,1,0
8950_FredMacMurray_31_m.jpg,0.4599999999999999,FredMacMurray,0.15171912614216354,10.446200370788574,0.2176191508769989,0,31.0,m,214,0.01,0.0,FredMacMurray,31,FredMacMurray,0.9469874765360142,EdwardGRobinson,0.7952683503938507,2.38,10.446200370788574,0.2176191508769989,4104.3909549713135,1,0,0,1,0,1,0
8964_FredMacMurray_51_m.jpg,0.5499999999999999,FredMacMurray,0.012598244511813683,10.58158016204834,0.1507290601730346,0,51.0,m,215,0.01,0.0,FredMacMurray,51,FredMacMurray,0.9126830246565096,EdwardGRobinson,0.900084780144696,-3.34,10.58158016204834,0.1507290601730346,1990.6560545004904,1,0,0,1,0,1,0
8978_FredMacMurray_74_m.jpg,0.73,FredMacMurray,0.1121383815147653,11.273955345153809,0.3884603679180145,0,74.0,m,216,0.01,0.0,FredMacMurray,74,FredMacMurray,0.9425167960520612,EdwardGRobinson,0.8303784145372959,2.17,11.273955345153809,0.3884603679180145,5156.687233000994,1,0,0,1,0,1,0
9043_JeanClaudeVanDamme_28_m.jpg,0.5499999999999999,JeanClaudeVanDamme,-0.14837577643278754,12.812158584594728,0.1287767142057418,0,28.0,m,217,0.01,0.0,JeanClaudeVanDamme,28,JeanClaudeVanDamme,0.7139062415941333,MichelPiccoli,0.8622820180269208,-2.87,12.812158584594728,0.1287767142057418,10928.514985084534,1,0,0,1,0,1,0
9062_JeanClaudeVanDamme_44_m.jpg,0.64,JeanClaudeVanDamme,-0.006274784895680119,13.455263137817385,0.1173626109957695,0,44.0,m,218,0.01,0.0,JeanClaudeVanDamme,44,JeanClaudeVanDamme,0.8940820251995124,MichelPiccoli,0.9003568100951925,3.5,13.455263137817385,0.1173626109957695,-206.68241810798645,1,0,0,1,0,1,0
9066_JeanClaudeVanDamme_51_m.jpg,0.1,JeanClaudeVanDamme,0.0009226230604961749,0.8559536933898926,0.9966097474098206,0,51.0,m,219,0.01,0.0,JeanClaudeVanDamme,51,JeanClaudeVanDamme,0.8503905014461555,MichelPiccoli,0.8494678783856593,-1.06,0.8559536933898926,0.9966097474098206,4947.562943488359,1,0,0,1,0,1,0
9068_JeanClaudeVanDamme_52_m.jpg,0.5499999999999999,JeanClaudeVanDamme,0.11062018820125141,13.632625579833984,0.1500191390514373,0,52.0,m,220,0.01,0.0,JeanClaudeVanDamme,52,JeanClaudeVanDamme,0.927672356996227,MichelPiccoli,0.8170521687949756,-0.87,13.632625579833984,0.1500191390514373,2411.81200671196,1,0,0,1,0,1,0
9072_JeanClaudeVanDamme_43_m.jpg,0.28,JeanClaudeVanDamme,-0.0383438879716006,3.4062955379486084,0.9143230319023132,0,43.0,m,221,0.01,0.0,JeanClaudeVanDamme,43,JeanClaudeVanDamme,0.8354124790986688,MichelPiccoli,0.8737563670702694,-1.02,3.4062955379486084,0.9143230319023132,9060.430652976036,1,0,0,1,0,1,0
9079_JeanClaudeVanDamme_53_m.jpg,0.64,JeanClaudeVanDamme,0.0253925736654258,12.64026927947998,-0.0126787312328815,0,53.0,m,222,0.01,0.0,JeanClaudeVanDamme,53,JeanClaudeVanDamme,0.8711780708328204,MichelPiccoli,0.8457854971673946,2.09,12.64026927947998,-0.0126787312328815,-5339.050205051899,1,0,0,1,0,1,0
90_PaulAnka_70_m.jpg,1.0,PaulAnka,0.040022118194659284,13.236321449279783,0.0710533559322357,0,70.0,m,223,0.01,0.0,PaulAnka,70,PaulAnka,0.9103390581897276,EvaMarieSaint,0.8703169399950683,0.69,13.236321449279783,0.0710533559322357,-1557.514036655426,1,0,0,1,0,1,0
9701_DorisDay_48_f.jpg,0.4599999999999999,DorisDay,-0.052560218304131046,10.008508682250977,0.5756605863571167,0,48.0,f,228,0.01,0.0,DorisDay,48,DorisDay,0.851223491737513,DebbieReynolds,0.903783710041644,1.98,10.008508682250977,0.5756605863571167,-8079.104913502932,1,0,0,1,0,1,0
9707_DorisDay_38_f.jpg,0.5499999999999999,DorisDay,0.049659010836202166,12.974578857421877,-0.0608510933816432,0,38.0,f,229,0.01,0.0,DorisDay,38,DorisDay,0.868036245103363,BenGazzara,0.8183772342671608,-2.69,12.974578857421877,-0.0608510933816432,3793.6203439235687,1,0,0,1,0,1,0
9715_DorisDay_29_f.jpg,0.37,DorisDay,-0.012285371085367536,4.697469711303711,0.8960334658622742,0,29.0,f,230,0.01,0.0,DorisDay,29,DorisDay,0.8893308937597308,DebbieReynolds,0.9016162648450984,1.75,4.697469711303711,0.8960334658622742,-4145.030738174915,1,0,0,1,0,1,0
9722_DorisDay_36_f.jpg,0.4599999999999999,DorisDay,0.011143221311013196,6.870352268218994,0.8308389186859131,0,36.0,f,231,0.01,0.0,DorisDay,36,DorisDay,0.909144821419205,DebbieReynolds,0.8980016001081919,1.81,6.870352268218994,0.8308389186859131,-2069.6787615418434,1,0,0,1,0,1,0
9729_DorisDay_46_f.jpg,0.28,DorisDay,-0.05745703572422045,4.210075378417969,0.7940381169319153,1,46.0,f,232,0.01,0.0,DorisDay,46,ArnoldSchwarzenegger,0.7919659799240568,AngieDickinson,0.8494230156482773,-2.24,4.210075378417969,0.7940381169319153,-9802.747896671295,0,1,0,1,0,0,1
9737_DorisDay_65_f.jpg,0.5499999999999999,DorisDay,-0.008224572139878483,10.47504425048828,0.2259429842233657,0,65.0,f,233,0.01,0.0,DorisDay,65,DorisDay,0.8741236267599631,DebbieReynolds,0.8823481988998416,-0.17,10.47504425048828,0.2259429842233657,-382.2329041957855,1,0,0,1,0,1,0
9740_DorisDay_68_f.jpg,0.5499999999999999,DorisDay,0.08708768198359285,12.571882247924805,0.2170238941907882,0,68.0,f,234,0.01,0.0,DorisDay,68,DorisDay,0.9329726474444484,BenGazzara,0.8458849654608556,-2.67,12.571882247924805,0.2170238941907882,-7262.777655601501,1,0,0,1,0,1,0
9753_TomJones_24_f.jpg,0.4599999999999999,TomJones,0.06217038542449349,9.016597747802734,0.7211674451828003,0,24.0,f,235,0.01,0.0,TomJones,24,TomJones,0.8324113642221477,AnthonyHopkins,0.7702409787976542,0.78,9.016597747802734,0.7211674451828003,-649.1719141602516,1,0,0,1,0,1,0
9764_TomJones_38_f.jpg,0.5499999999999999,TomJones,0.03742434689666141,13.561049461364746,0.023651560768485,0,38.0,f,236,0.01,0.0,TomJones,38,TomJones,0.8551034803655188,AnthonyHopkins,0.8176791334688573,-2.74,13.561049461364746,0.023651560768485,5606.807375192642,1,0,0,1,0,1,0
9782_TomJones_68_f.jpg,0.5499999999999999,TomJones,0.08524329981956102,12.300816535949709,0.3019665479660034,0,68.0,f,237,0.01,0.0,TomJones,68,TomJones,0.986621140964842,AnthonyHopkins,0.901377841145281,-2.06,12.300816535949709,0.3019665479660034,-6180.3472677618265,1,0,0,1,0,1,0
9783_TomJones_69_f.jpg,0.82,TomJones,0.10199007011892613,13.840781211853027,-0.0291887708008289,0,69.0,f,238,0.01,0.0,TomJones,69,TomJones,0.9758784173213664,AudreyHepburn,0.8738883472024402,0.01,13.840781211853027,-0.0291887708008289,0.0001680781882154,1,0,0,1,0,1,0
99_PaulAnka_46_m.jpg,0.37,PaulAnka,-0.026091004240177407,4.981173515319824,0.6486914753913879,1,46.0,m,239,0.01,0.0,PaulAnka,46,ChristopherWalken,0.8303785758334414,ArnoldSchwarzenegger,0.8564695800736188,-13.93,4.981173515319824,0.6486914753913879,45988.944090902805,0,1,1,0,0,0,1
