,drift_beta,102_PaulAnka_60_m.jpg,10638_LuiseRainer_26_f.jpg,10645_LuiseRainer_27_f.jpg,10666_LuiseRainer_28_f.jpg,10671_LuiseRainer_74_f.jpg,10674_LuiseRainer_27_f.jpg,10686_LuiseRainer_46_f.jpg,10752_OrnellaMuti_15_f.jpg,10757_OrnellaMuti_21_f.jpg,10762_OrnellaMuti_26_f.jpg,10785_OrnellaMuti_51_f.jpg,10789_OrnellaMuti_55_f.jpg,10791_OrnellaMuti_57_f.jpg,11665_MireilleDarc_34_f.jpg,11669_MireilleDarc_38_f.jpg,11678_MireilleDarc_51_f.jpg,11679_MireilleDarc_54_f.jpg,11683_MireilleDarc_58_f.jpg,11847_BarbaraBouchet_25_f.jpg,11870_BarbaraBouchet_61_f.jpg,11876_BarbaraBouchet_68_f.jpg,11959_AngelaLansbury_35_f.jpg,11964_AngelaLansbury_46_f.jpg,11984_AngelaLansbury_80_f.jpg,11989_AngelaLansbury_87_f.jpg,12024_DebbieReynolds_24_f.jpg,12045_DebbieReynolds_69_f.jpg,12055_DebbieReynolds_78_f.jpg,12121_EvaMarieSaint_82_f.jpg,121_MickJagger_18_m.jpg,12329_MyrnaLoy_51_f.jpg,12330_MyrnaLoy_75_f.jpg,12337_MyrnaLoy_20_f.jpg,12364_MyrnaLoy_67_f.jpg,12376_MyrnaLoy_33_f.jpg,12607_FrancesDee_43_f.jpg,12612_FrancesDee_83_f.jpg,12613_FrancesDee_89_f.jpg,13032_GeraldineChaplin_38_f.jpg,13041_GeraldineChaplin_52_f.jpg,13042_GeraldineChaplin_53_f.jpg,13052_GeraldineChaplin_66_f.jpg,13436_DanielleDarrieux_64_f.jpg,13437_DanielleDarrieux_65_f.jpg,13522_HelenHayes_31_f.jpg,14520_AudreyHepburn_62_f.jpg,14530_AudreyHepburn_24_f.jpg,14534_AudreyHepburn_25_f.jpg,14537_AudreyHepburn_32_f.jpg,14551_AudreyHepburn_36_f.jpg,15001_AnnMiller_15_f.jpg,15003_AnnMiller_17_f.jpg,15007_AnnMiller_21_f.jpg,15022_AnnMiller_42_f.jpg,15032_AnnMiller_60_f.jpg,15276_DyanCannon_67_f.jpg,15279_DyanCannon_70_f.jpg,15289_DyanCannon_32_f.jpg,15369_JanePowell_14_f.jpg,15414_JanePowell_77_f.jpg,15418_JanePowell_81_f.jpg,15468_JeanetteMacDonald_32_f.jpg,15484_JeanetteMacDonald_44_f.jpg,15576_KateOMara_20_f.jpg,15577_KateOMara_21_f.jpg,15585_KateOMara_29_f.jpg,15592_KateOMara_36_f.jpg,15599_KateOMara_43_f.jpg,15606_KateOMara_50_f.jpg,15608_KateOMara_52_f.jpg,1663_BobDylan_33_m.jpg,1686_BobDylan_72_m.jpg,1831_TomJones_23_m.jpg,1837_TomJones_28_m.jpg,1852_TomJones_59_m.jpg,1857_TomJones_64_m.jpg,1859_TomJones_66_m.jpg,1908_EdwardFox_34_m.jpg,1924_EdwardFox_53_m.jpg,1930_EdwardFox_63_m.jpg,1939_EdwardFox_76_m.jpg,1981_JamesCaan_27_m.jpg,1988_JamesCaan_32_m.jpg,2008_JamesCaan_59_m.jpg,2073_JonVoight_60_m.jpg,2076_JonVoight_62_m.jpg,2077_JonVoight_64_m.jpg,2088_JonVoight_74_m.jpg,2097_MelBrooks_40_m.jpg,2105_MelBrooks_52_m.jpg,2121_MelBrooks_77_m.jpg,2124_MelBrooks_80_m.jpg,2709_KevinBacon_27_m.jpg,2720_KevinBacon_37_m.jpg,2732_KevinBacon_48_m.jpg,2737_KevinBacon_52_m.jpg,2785_MickJagger_47_m.jpg,2792_MickJagger_63_m.jpg,2793_MickJagger_64_m.jpg,2794_MickJagger_66_m.jpg,3556_MichaelYork_13_m.jpg,3579_MichaelYork_50_m.jpg,3581_MichaelYork_52_m.jpg,3589_MichaelYork_61_m.jpg,3591_MichaelYork_63_m.jpg,3593_MichaelYork_65_m.jpg,3596_MichaelYork_70_m.jpg,4131_GenaRowlands_35_m.jpg,4138_GenaRowlands_48_m.jpg,4159_GenaRowlands_77_m.jpg,4885_RomanPolanski_33_m.jpg,4918_RomanPolanski_73_m.jpg,4921_RomanPolanski_76_m.jpg,4993_WarrenBeatty_23_m.jpg,5009_WarrenBeatty_57_m.jpg,5023_WarrenBeatty_75_m.jpg,5028_WarrenBeatty_42_m.jpg,5067_AnthonyHopkins_32_m.jpg,5079_AnthonyHopkins_54_m.jpg,5096_AnthonyHopkins_72_m.jpg,5109_AnthonyHopkins_76_m.jpg,5621_PeterFalk_74_m.jpg,5630_PeterFalk_83_m.jpg,5849_HerbertLom_40_m.jpg,5864_HerbertLom_61_m.jpg,5876_HerbertLom_81_m.jpg,5881_HerbertLom_93_m.jpg,6230_DirkBogarde_29_m.jpg,6231_DirkBogarde_31_m.jpg,6245_DirkBogarde_42_m.jpg,6246_DirkBogarde_43_m.jpg,6255_DirkBogarde_56_m.jpg,6262_DirkBogarde_67_m.jpg,6472_JohnnyCash_10_m.jpg,6485_JohnnyCash_40_m.jpg,6493_JohnnyCash_69_m.jpg,6494_JohnnyCash_29_m.jpg,6497_JohnnyCash_35_m.jpg,6676_PeterGraves_34_m.jpg,6681_PeterGraves_41_m.jpg,6682_PeterGraves_43_m.jpg,6698_PeterGraves_82_m.jpg,6700_PeterGraves_46_m.jpg,6703_PeterGraves_54_m.jpg,6806_RoyScheider_56_m.jpg,6992_ChristopherWalken_29_m.jpg,7012_ChristopherWalken_50_m.jpg,7016_ChristopherWalken_56_m.jpg,7098_GladysCooper_15_m.jpg,7121_GladysCooper_74_m.jpg,7401_MickeyRooney_8_m.jpg,7402_MickeyRooney_10_m.jpg,7410_MickeyRooney_23_m.jpg,7416_MickeyRooney_33_m.jpg,7436_MickeyRooney_77_m.jpg,7437_MickeyRooney_78_m.jpg,8305_RichardCrenna_18_m.jpg,8308_RichardCrenna_28_m.jpg,8338_RichardCrenna_64_m.jpg,85_PaulAnka_65_m.jpg,8825_ArnoldSchwarzenegger_32_m.jpg,8833_ArnoldSchwarzenegger_41_m.jpg,8843_ArnoldSchwarzenegger_54_m.jpg,8852_ArnoldSchwarzenegger_61_m.jpg,88_PaulAnka_67_m.jpg,8948_FredMacMurray_28_m.jpg,8950_FredMacMurray_31_m.jpg,8964_FredMacMurray_51_m.jpg,8978_FredMacMurray_74_m.jpg,9043_JeanClaudeVanDamme_28_m.jpg,9062_JeanClaudeVanDamme_44_m.jpg,9066_JeanClaudeVanDamme_51_m.jpg,9068_JeanClaudeVanDamme_52_m.jpg,9072_JeanClaudeVanDamme_43_m.jpg,9079_JeanClaudeVanDamme_53_m.jpg,90_PaulAnka_70_m.jpg,9701_DorisDay_48_f.jpg,9707_DorisDay_38_f.jpg,9715_DorisDay_29_f.jpg,9722_DorisDay_36_f.jpg,9729_DorisDay_46_f.jpg,9737_DorisDay_65_f.jpg,9740_DorisDay_68_f.jpg,9753_TomJones_24_f.jpg,9764_TomJones_38_f.jpg,9782_TomJones_68_f.jpg,9783_TomJones_69_f.jpg,99_PaulAnka_46_m.jpg
0,-1,0.108997054,0.129150407,0.125531061,0.121482757,0.114979673,0.12169029,0.111506826,0.095853465,0.124183396,0.117161925,0.110066113,0.103703715,0.119689216,0.085794014,0.120883302,0.097157732,0.094849995,0.104766873,0.111859379,0.109195984,0.109686029,0.098493551,0.125477185,0.126801887,0.088297232,0.112790266,0.121099495,0.116169294,0.128068813,0.123679251,0.128629409,0.124676245,0.10520112,0.09526919,0.13109884,0.103477924,0.105457445,0.113086173,0.115162832,0.120127877,0.120271134,0.105746429,0.101916906,0.092147984,0.136885688,0.111048897,0.087076151,0.116855056,0.117560874,0.107268051,0.128752937,0.125936752,0.137862121,0.116664601,0.136248599,0.108181636,0.120997538,0.118079619,0.12512685,0.091766578,0.132560075,0.121835854,0.104864767,0.1113159,0.128029222,0.11509608,0.118100703,0.120874315,0.117480829,0.109063481,0.11125755,0.098325991,0.116079621,0.11968839,0.100477481,0.091045163,0.131004681,0.108022415,0.15005529,0.116618377,0.127331892,0.109146664,0.128171414,0.140964988,0.13043735,0.123817985,0.11892405,0.114705285,0.118689692,0.116863439,0.110068605,0.121617367,0.129172983,0.134157231,0.101552682,0.120323269,0.106554359,0.112753625,0.108701224,0.111873948,0.138227244,0.110219098,0.115339754,0.10268757,0.128620827,0.110899623,0.126557708,0.11674578,0.059057514,0.118594225,0.125206904,0.118333951,0.124402378,0.123988906,0.108328285,0.127498282,0.117421516,0.113545305,0.118182859,0.123916339,0.129496901,0.092435192,0.119504134,0.110200971,0.086667831,0.108586588,0.11062259,0.108554907,0.132104069,0.121490124,0.119982053,0.102811793,0.09671799,0.122069487,0.117342542,0.12997107,0.127483019,0.127440833,0.086387991,0.107862583,0.123714642,0.128023091,0.099036855,0.125603048,0.103829464,0.117893785,0.124507172,0.102461343,0.11180568,0.100865894,0.121095141,0.118775719,0.126249511,0.122875548,0.118166652,0.141540877,0.126946427,0.117833584,0.115959735,0.116785507,0.124905771,0.128119491,0.10849263,0.116165347,0.106915716,0.116361308,0.123668788,0.124603795,0.094698958,0.105831952,0.075521584,0.088575049,0.125033671,0.080978511,0.128725593,0.111747649,0.124367603,0.113959192,0.122024765,0.114335201,0.099708486,0.11287423,0.104804807,0.11759245,0.10934389,0.089065597,0.107503408,0.117244587
1,-0.9,0.107737181,0.129912589,0.121873428,0.12981349,0.118763085,0.130559865,0.117565281,0.105293819,0.135285355,0.111416801,0.113865704,0.10473902,0.107828513,0.090547696,0.131266976,0.102412785,0.098057556,0.110019376,0.123471922,0.124895182,0.115750083,0.104543607,0.123472047,0.131664544,0.095606167,0.113785716,0.128557125,0.110845592,0.113538899,0.124947265,0.123238911,0.123480638,0.114323226,0.098345068,0.12393434,0.093784761,0.104698698,0.1359394,0.123831946,0.109604276,0.129813002,0.114461595,0.098976968,0.096685973,0.133348125,0.114305503,0.094967304,0.104327052,0.113119423,0.116384774,0.129426375,0.127452896,0.126092199,0.11879318,0.126196533,0.102593272,0.116638236,0.116567415,0.132470278,0.10302389,0.134022347,0.12380979,0.105725411,0.118400022,0.128167502,0.123415911,0.110155015,0.104204541,0.105804251,0.114850067,0.117741001,0.084820759,0.106103488,0.123810801,0.097679236,0.097483881,0.119980113,0.109986956,0.133470191,0.106106389,0.121797327,0.096510966,0.135704062,0.129926336,0.13647087,0.12443868,0.114685658,0.12201316,0.123112616,0.112727122,0.101506962,0.123145895,0.117485127,0.132817753,0.101744095,0.124639861,0.109755261,0.11749761,0.128303032,0.12018247,0.133496207,0.115532833,0.116173216,0.102209841,0.12111718,0.106499363,0.12937429,0.103881624,0.055810758,0.114652718,0.130776875,0.108977805,0.110149767,0.120898603,0.113950241,0.132041395,0.120301051,0.128164657,0.120631394,0.126280707,0.129897531,0.096624196,0.119080084,0.107803148,0.094432537,0.108568431,0.117149157,0.120081634,0.134694304,0.122946663,0.127395669,0.100674525,0.098964296,0.133964069,0.117516244,0.130876069,0.12314689,0.121665818,0.090460302,0.102632064,0.113784673,0.121684537,0.094753201,0.120748146,0.098492471,0.105053732,0.124594785,0.100543147,0.108352313,0.10662214,0.127327492,0.120363485,0.117828621,0.122552891,0.119787792,0.140718295,0.137614479,0.122620668,0.121997377,0.120129007,0.12522015,0.130693012,0.107863419,0.124976811,0.11689652,0.111226557,0.116991742,0.124359768,0.109349268,0.104236825,0.069988157,0.095130279,0.127121078,0.077827693,0.12766015,0.114865946,0.11963436,0.125968886,0.124075688,0.108933344,0.099808272,0.119115893,0.106188824,0.112268811,0.107161444,0.095686591,0.105679485,0.118800092
2,-0.8,0.106869742,0.129289454,0.131986015,0.129509809,0.115699732,0.13069913,0.117178514,0.106903664,0.136381077,0.123191635,0.122923417,0.122812014,0.108099883,0.085427201,0.118854435,0.103797011,0.099252854,0.123797475,0.118244356,0.120331533,0.114061178,0.100662573,0.131502637,0.109822926,0.104765097,0.114047654,0.123319138,0.113982266,0.114289392,0.120121666,0.121621199,0.11971777,0.119836399,0.091947648,0.120653806,0.101608334,0.105329941,0.106933423,0.133360172,0.10714622,0.131609944,0.110816266,0.100181391,0.091946673,0.138692393,0.116200039,0.102193836,0.113021951,0.124805914,0.113302417,0.130222984,0.132265945,0.121628408,0.127100684,0.124326421,0.102611788,0.112551929,0.11576248,0.12958095,0.093824326,0.125035179,0.12623009,0.114093413,0.122011965,0.120001117,0.119694715,0.12279719,0.103369206,0.116420125,0.120126181,0.108022239,0.106801152,0.116903637,0.119119589,0.104868708,0.110787383,0.138185311,0.108870553,0.105151291,0.115589954,0.126936909,0.089502183,0.129962286,0.133878652,0.133585714,0.126374195,0.108078444,0.124803104,0.13772727,0.11976011,0.106297196,0.115746408,0.114537879,0.124611008,0.091594693,0.116318538,0.10764564,0.117747453,0.122196046,0.108346753,0.131875069,0.12390614,0.122475537,0.109050331,0.126634059,0.097449692,0.120879083,0.111675447,0.06571813,0.111581638,0.124956875,0.119775821,0.117490129,0.117597723,0.119362533,0.122485353,0.134152859,0.120636458,0.117098641,0.127621195,0.131951924,0.09713021,0.120702833,0.109952027,0.086013392,0.119339727,0.121111469,0.117484033,0.128685857,0.125976393,0.133385273,0.098986085,0.102515647,0.121322611,0.124182831,0.126563152,0.133550098,0.124203838,0.087624884,0.113121304,0.112953068,0.133652631,0.089152225,0.128443511,0.113606636,0.120740447,0.123907043,0.111651864,0.10566029,0.104350785,0.130639884,0.139003978,0.11777977,0.11475093,0.114728437,0.140790666,0.132132933,0.127228672,0.131469326,0.119499017,0.122596787,0.135051588,0.109734546,0.12861017,0.123723648,0.111950112,0.125665201,0.128439235,0.122469632,0.101089865,0.070075504,0.090128118,0.123918302,0.084876121,0.118934631,0.122498395,0.116960772,0.113760149,0.128131485,0.115330066,0.103706663,0.121770915,0.109042378,0.113280805,0.110418715,0.098403177,0.1065167,0.115778506
3,-0.7,0.109227911,0.127793458,0.140506427,0.126153286,0.117174733,0.126098726,0.113930646,0.10964386,0.130597539,0.106840485,0.113697433,0.108777772,0.111922935,0.089254438,0.132582737,0.10510402,0.094861985,0.11731433,0.114588879,0.112776001,0.122163265,0.105943464,0.127857421,0.121934073,0.103476932,0.114249406,0.129624175,0.108739639,0.09479345,0.120748296,0.121096802,0.134144541,0.116361041,0.107771522,0.118531961,0.10764423,0.111643026,0.099753856,0.120165602,0.119004602,0.124394857,0.114163845,0.10193526,0.09097103,0.128469457,0.115669891,0.114928523,0.123432548,0.126006894,0.10615911,0.125518253,0.11756011,0.119396258,0.117264046,0.11920457,0.100247889,0.119453638,0.13457818,0.133322912,0.111148409,0.127686859,0.132192335,0.107002303,0.10900597,0.125161371,0.12182789,0.122476272,0.115458344,0.124879371,0.110767663,0.10508936,0.110651516,0.113102258,0.130762902,0.097952896,0.097972984,0.127216966,0.109624229,0.108747539,0.122183722,0.119005073,0.092069815,0.13240889,0.127238167,0.138522213,0.117842478,0.129324497,0.121082137,0.128086643,0.119645745,0.113197116,0.129579104,0.134577577,0.130585289,0.092097611,0.126653718,0.116165703,0.109930641,0.128472776,0.111291175,0.128883111,0.12698698,0.11618067,0.097146656,0.121788126,0.092531816,0.128760941,0.116792517,0.069970616,0.109844938,0.124261893,0.11235136,0.117976016,0.127871619,0.108020831,0.117780326,0.123565728,0.115435419,0.127350322,0.115351708,0.136242824,0.119637392,0.103073525,0.113880373,0.087479361,0.108737809,0.111444083,0.117877134,0.137186638,0.12371902,0.134272359,0.107079192,0.108969374,0.122180797,0.126468166,0.13583781,0.13337094,0.121118244,0.102602563,0.108319352,0.114259212,0.123705214,0.093093351,0.130639462,0.106835082,0.116956898,0.120542908,0.104975135,0.117439301,0.118318826,0.121150032,0.127272135,0.12835993,0.12920637,0.129140509,0.136150059,0.136091788,0.126079382,0.116707612,0.133346713,0.130611684,0.141040599,0.110099011,0.14190028,0.1140489,0.119776752,0.132115522,0.121258893,0.116591947,0.110964742,0.067574769,0.100752046,0.128739703,0.066994678,0.113280966,0.115956218,0.108242127,0.126522669,0.120101519,0.117117644,0.100752662,0.121956383,0.105776075,0.121733731,0.113063584,0.095810506,0.112788671,0.13127052
4,-0.6,0.118975719,0.130389884,0.122434751,0.123790883,0.117017338,0.130680537,0.116786404,0.107545403,0.130803241,0.128184703,0.116477805,0.112175789,0.105239122,0.093152832,0.120817975,0.096557333,0.101372395,0.110329479,0.127106861,0.117000165,0.124191286,0.099682301,0.131406966,0.116546429,0.09603848,0.115211418,0.12977531,0.104969871,0.115989117,0.134334404,0.118675052,0.130898263,0.116718569,0.118710141,0.125469333,0.11124839,0.107411604,0.094230694,0.115302133,0.137874404,0.120133245,0.115990732,0.105487728,0.086311433,0.133502523,0.116968599,0.11946411,0.122223137,0.128572702,0.102807548,0.125947569,0.124128322,0.132374448,0.118498818,0.125069017,0.109508768,0.13248783,0.115534092,0.130780963,0.115574323,0.126974158,0.12723993,0.111187075,0.122072828,0.124786286,0.132659027,0.121466077,0.127613127,0.124904814,0.126308495,0.112481429,0.107969745,0.120328252,0.126236856,0.105326953,0.090951503,0.119622279,0.115168091,0.105549543,0.116786704,0.127667502,0.101927308,0.126856071,0.135706072,0.133475206,0.121933348,0.119342248,0.105938665,0.127252987,0.110416824,0.10753339,0.121711576,0.124244539,0.113182232,0.096101407,0.128866639,0.104860961,0.113762908,0.116357378,0.118760665,0.125365043,0.128995194,0.113877558,0.089445259,0.13020718,0.078322141,0.125981882,0.119390283,0.065523036,0.113973651,0.118891473,0.126704842,0.12237248,0.118827125,0.126424188,0.121999135,0.119782612,0.127475611,0.11793335,0.129339817,0.141917667,0.115159369,0.099178766,0.110200411,0.085076227,0.12476031,0.119963016,0.121197761,0.141291154,0.136253907,0.1275849,0.097956043,0.100298337,0.123855537,0.117310053,0.127144535,0.127311771,0.120117449,0.092790029,0.114435656,0.111392881,0.137859024,0.103023218,0.120423587,0.104721736,0.115865272,0.114092593,0.110164989,0.101263779,0.106074134,0.142519863,0.128914807,0.117731456,0.118116011,0.125267288,0.128304915,0.129520541,0.120036916,0.117969526,0.137208706,0.123739107,0.141985565,0.111012354,0.128015299,0.123484076,0.103534198,0.125098375,0.12838732,0.112495146,0.100244749,0.073680828,0.089555133,0.119873336,0.066099584,0.110597952,0.117091037,0.119779968,0.117503982,0.125798183,0.10527844,0.100972442,0.124638412,0.099037228,0.119034626,0.102583015,0.096986974,0.114283242,0.128582772
5,-0.5,0.115341664,0.120304285,0.135100006,0.130127915,0.126573773,0.130525168,0.127614899,0.109224728,0.132158343,0.122077432,0.11362383,0.116603386,0.105676308,0.095543199,0.132053932,0.098459065,0.096216589,0.123689803,0.124142986,0.121219918,0.115413354,0.117609235,0.123498726,0.110816131,0.103662208,0.119424758,0.128839321,0.107667548,0.111855381,0.12644409,0.125889417,0.122403158,0.118122573,0.110672236,0.123495559,0.104168069,0.100042068,0.102212214,0.118648235,0.129026335,0.120739093,0.105335027,0.103426384,0.102865129,0.128540694,0.112233814,0.129007234,0.128490902,0.126144232,0.099413728,0.121064103,0.125838274,0.113406406,0.123046341,0.142903362,0.098731733,0.116894502,0.117033221,0.126552756,0.110236826,0.13357374,0.135466462,0.115137945,0.113182108,0.112248395,0.120488501,0.120988563,0.125076131,0.131005496,0.115750429,0.114115325,0.102321836,0.119460918,0.126816739,0.123555837,0.097576118,0.112092951,0.096385299,0.121111836,0.123034672,0.134578686,0.084454387,0.128890342,0.136935409,0.131924663,0.130186965,0.107980131,0.112637474,0.137574015,0.110119487,0.102515359,0.116466035,0.127600858,0.117532241,0.082475081,0.135630866,0.118059517,0.110813287,0.123652063,0.109458242,0.138448414,0.139778318,0.111629009,0.099649808,0.125956645,0.085061057,0.127641619,0.124500817,0.067664025,0.097897163,0.124001911,0.124473975,0.119162003,0.122368025,0.119505874,0.112154841,0.121351731,0.135527927,0.130122252,0.121540178,0.1366847,0.121321919,0.100947801,0.111779576,0.088485333,0.110523699,0.135466341,0.118837124,0.139160225,0.129115265,0.137284597,0.087057799,0.12007239,0.105862075,0.106668053,0.121840901,0.142200393,0.12807845,0.107661148,0.110866331,0.121036523,0.13016442,0.096559918,0.132634959,0.103695596,0.109166522,0.122920382,0.117313115,0.113887144,0.118026404,0.141522716,0.131052143,0.126982288,0.122562072,0.122722555,0.135211512,0.128195003,0.129080535,0.117225809,0.1293249,0.130781739,0.144357226,0.117599407,0.136023501,0.103302399,0.113777493,0.138033988,0.128662592,0.107093387,0.104670601,0.069988938,0.079282324,0.11696556,0.067462216,0.124726294,0.121283216,0.11809867,0.130703653,0.13196073,0.11330374,0.107061786,0.122479303,0.10356714,0.120863796,0.113170596,0.107045989,0.10768844,0.122293176
6,-0.4,0.122187269,0.131060535,0.126603418,0.13307001,0.122635819,0.130802172,0.109198186,0.10953019,0.135499548,0.123133121,0.119192957,0.12998625,0.110391079,0.100641092,0.144738364,0.102182823,0.094827132,0.118385385,0.120195367,0.123229692,0.099130253,0.105567544,0.129828733,0.125013761,0.106842348,0.114879996,0.132128024,0.115311327,0.131086484,0.12282593,0.127145678,0.129074996,0.124597135,0.098457002,0.124861734,0.106771071,0.113066468,0.090837081,0.124094121,0.132002998,0.115253464,0.106238066,0.104907697,0.105281318,0.126117261,0.120613964,0.115852625,0.130669293,0.120592361,0.109921013,0.126316423,0.118171776,0.123208324,0.122620173,0.127236672,0.10269357,0.122916741,0.123012308,0.124961873,0.111639737,0.113347914,0.134831678,0.118946979,0.108669097,0.126226896,0.12257604,0.12706586,0.101301536,0.12958192,0.121293382,0.112585954,0.116235699,0.112281098,0.126211565,0.13217215,0.126186628,0.101510254,0.110634697,0.114157791,0.112602868,0.125514216,0.095650621,0.124274306,0.131998242,0.144227765,0.121575823,0.116767662,0.11245714,0.134235524,0.11498367,0.100080403,0.118904257,0.125746396,0.123029691,0.083338349,0.130296449,0.109152792,0.116067846,0.130374881,0.114923125,0.126747515,0.124979016,0.109373079,0.095796824,0.119132602,0.092492368,0.130768645,0.12703572,0.07575853,0.10443296,0.124643378,0.110965748,0.122437786,0.114151434,0.125461629,0.106167671,0.121110246,0.134948365,0.101416907,0.112393022,0.143607953,0.123331512,0.107521903,0.116498403,0.10012983,0.103707517,0.123109193,0.129429253,0.130093083,0.146347211,0.133672272,0.09990235,0.12157582,0.114693602,0.126112813,0.125473535,0.139180386,0.131432652,0.106093281,0.12044329,0.119600493,0.132465421,0.102306316,0.128178517,0.113347481,0.115360232,0.122550008,0.109253325,0.112923829,0.107769966,0.127224766,0.129034933,0.126284591,0.126270226,0.130158318,0.112466373,0.126330888,0.126040443,0.105020795,0.128418335,0.129052991,0.130614544,0.127789388,0.133048539,0.098307895,0.104283101,0.136023359,0.144540291,0.079762663,0.105802602,0.084079974,0.089011808,0.109961767,0.068752208,0.126276919,0.123033789,0.121496035,0.136102022,0.130959834,0.113110141,0.093472907,0.122894382,0.109551862,0.120606655,0.125446392,0.109367417,0.106398464,0.110498872
7,-0.3,0.126217479,0.136920443,0.120765565,0.139286289,0.132565338,0.118913402,0.118048021,0.09906869,0.125798014,0.133674989,0.12811386,0.127286995,0.112032679,0.101218228,0.126206286,0.091613857,0.086861012,0.1299335,0.105348609,0.115887769,0.108028008,0.115815353,0.134248693,0.111637118,0.108155496,0.121260137,0.128620524,0.104992225,0.10527224,0.131822865,0.134766565,0.125166027,0.130368873,0.088010465,0.123844605,0.120697262,0.112413743,0.0840877,0.121094755,0.135811699,0.119528869,0.11070346,0.110502403,0.109175435,0.126457762,0.116349107,0.122548225,0.1222971,0.108466697,0.114118103,0.138792855,0.119690968,0.128967786,0.117317482,0.134020367,0.097063681,0.117144813,0.125800362,0.136205586,0.131691901,0.119444125,0.132730752,0.123847915,0.104235052,0.13164814,0.128181595,0.124391385,0.114423777,0.124284913,0.109748927,0.118864402,0.117492421,0.11976806,0.126898671,0.12183996,0.124132529,0.114076204,0.11612086,0.127044202,0.111868076,0.137585613,0.105929712,0.130071143,0.125694822,0.135727785,0.135778893,0.128534393,0.120597618,0.128162782,0.099841424,0.097602357,0.109804148,0.125227674,0.135130341,0.096381778,0.127394111,0.10878047,0.102871479,0.129930057,0.111288867,0.132235784,0.127867959,0.094622107,0.099133203,0.117827255,0.100227373,0.125232132,0.122946855,0.09560137,0.11151066,0.139813961,0.113242444,0.120109345,0.129981734,0.126135046,0.117224532,0.127904848,0.137349162,0.102513734,0.111108233,0.131754581,0.109824408,0.112699614,0.124562514,0.104194392,0.118523167,0.123853119,0.137438441,0.136471195,0.142268699,0.148074942,0.093078997,0.096517111,0.115843429,0.132918529,0.130906663,0.132429067,0.124961271,0.112879422,0.122113278,0.105644009,0.128692168,0.089897866,0.134413207,0.114792544,0.097696635,0.124079906,0.120002355,0.117812596,0.106503856,0.135367286,0.129887458,0.13259148,0.128044611,0.139336454,0.117106324,0.116345463,0.131500544,0.101845991,0.134308194,0.120921888,0.13212519,0.113080314,0.134600449,0.103623072,0.122074812,0.141356634,0.12968338,0.100080102,0.112386982,0.071816121,0.100661966,0.135080189,0.069125532,0.135790316,0.131178439,0.127661338,0.130668072,0.124144923,0.112293934,0.101016125,0.126284659,0.09765221,0.122077757,0.123929409,0.109661792,0.124976187,0.108432752
8,-0.2,0.116024706,0.12827111,0.134469123,0.129472799,0.132667641,0.123655223,0.117642967,0.112404153,0.116086224,0.128166922,0.132774468,0.117513527,0.120173921,0.087841659,0.141801718,0.106509651,0.086551566,0.108944058,0.093026965,0.103720874,0.119804931,0.107208052,0.124983826,0.144806843,0.101930939,0.115977928,0.135571632,0.113189868,0.103199635,0.133574062,0.138461611,0.12892776,0.136825205,0.090773177,0.123841943,0.131418948,0.089181137,0.073319957,0.14231789,0.12773658,0.126861169,0.114972552,0.100714214,0.118087096,0.127294151,0.126541183,0.116447313,0.129608316,0.119761931,0.113905601,0.139379829,0.128925237,0.124315447,0.120775616,0.134035563,0.098942185,0.134417319,0.130115793,0.130226774,0.127851348,0.118249353,0.135445437,0.137582225,0.116379973,0.13290804,0.142553834,0.132279884,0.1143073,0.126523255,0.099242207,0.113194399,0.117187179,0.122159023,0.133294662,0.106870935,0.108580953,0.129575962,0.113188953,0.116220748,0.120329992,0.120706006,0.104319708,0.129987478,0.093473762,0.118303202,0.128559639,0.120301864,0.111222105,0.136201343,0.120980069,0.08826658,0.11127401,0.140787769,0.140196046,0.09919086,0.139058264,0.105798344,0.121872469,0.12209767,0.111761092,0.120785368,0.126100183,0.111829765,0.102004363,0.127059367,0.103349199,0.129031693,0.10958391,0.081905565,0.127781647,0.132678243,0.125031746,0.127953321,0.135447737,0.120948981,0.12617606,0.132040389,0.136740154,0.104211698,0.119584308,0.119731936,0.109497819,0.13363233,0.13202118,0.094364245,0.125855296,0.134276861,0.131051207,0.133448664,0.146233017,0.137889793,0.096847724,0.094101475,0.121971534,0.136282569,0.122930649,0.128635382,0.112172612,0.110658095,0.117396993,0.12139181,0.126023968,0.088772651,0.117753352,0.118944877,0.104720707,0.130144517,0.112295638,0.121865225,0.101817142,0.127520833,0.130018866,0.133104868,0.131789843,0.125464906,0.111494289,0.128725349,0.136658737,0.096153765,0.141192533,0.118819661,0.138409701,0.109322503,0.135521964,0.108820755,0.132348505,0.149389098,0.126440765,0.11169428,0.12913379,0.084596591,0.107214731,0.131235887,0.070080633,0.123149733,0.128493513,0.128421341,0.124291109,0.121597485,0.124491111,0.105384529,0.112732384,0.098107501,0.11822647,0.117452932,0.1080695,0.110666719,0.117892363
9,-0.1,0.130068765,0.14643161,0.1395549,0.124421926,0.1227849,0.113618772,0.106299104,0.087187826,0.132763601,0.13851349,0.130793297,0.128712557,0.120046835,0.070905567,0.12993493,0.091206106,0.096580573,0.123476273,0.113663115,0.097096541,0.115273043,0.103855658,0.135999144,0.132545086,0.106731008,0.122802651,0.140781541,0.111624468,0.101481287,0.143647527,0.132642865,0.138111258,0.142226346,0.122052122,0.133866355,0.119554382,0.103270415,0.066446723,0.137170618,0.137388548,0.118211325,0.106445935,0.094935422,0.104336182,0.137451982,0.121535462,0.114761014,0.132087057,0.105768213,0.111442491,0.139593978,0.13171553,0.125159292,0.119880592,0.134109154,0.08503723,0.110549383,0.128677752,0.142265751,0.121054959,0.131788799,0.127041655,0.138384073,0.129279725,0.1315385,0.141272145,0.128264578,0.131693337,0.134219625,0.116867693,0.114699335,0.124820273,0.14258775,0.136715022,0.111955074,0.114879709,0.13798186,0.131321805,0.134195812,0.106009135,0.114337804,0.098520948,0.138783727,0.103614507,0.145867626,0.134753458,0.126790434,0.106227664,0.132432652,0.105189356,0.099182431,0.116839991,0.128704424,0.128120336,0.108080724,0.129807023,0.109404663,0.12249021,0.131019068,0.103927534,0.122763185,0.130397912,0.105386583,0.101682941,0.130373554,0.117727733,0.114986496,0.118901125,0.079913102,0.11054439,0.137719116,0.126772075,0.120122272,0.123989394,0.122346611,0.143392164,0.133258429,0.129771381,0.127811961,0.117186681,0.118274582,0.105808318,0.132498594,0.120372217,0.105891061,0.119824323,0.13294989,0.124692964,0.139513538,0.1358732,0.130426575,0.106136182,0.08449489,0.115634651,0.127408149,0.134991199,0.136571848,0.130391033,0.109537303,0.115991833,0.114911106,0.100114683,0.081772728,0.141587452,0.104352206,0.115017675,0.11152017,0.111921271,0.142366624,0.097424787,0.120554689,0.126203531,0.119200862,0.123477409,0.127399467,0.113485846,0.119243971,0.130230414,0.099067341,0.120285792,0.122642883,0.138757609,0.120471896,0.134329667,0.103363505,0.133696153,0.159377636,0.142158288,0.06706273,0.111867585,0.05820489,0.080270737,0.139615062,0.075832904,0.131510258,0.140838648,0.127416799,0.117942575,0.122278322,0.1079109,0.112559241,0.105683259,0.077055177,0.131238246,0.120916025,0.109019142,0.125489571,0.135605901
10,0,0.123082643,0.129563951,0.128056889,0.13507274,0.137392681,0.113169142,0.137544587,0.106641063,0.13664461,0.138288129,0.125248047,0.112295048,0.110225801,0.074675037,0.137364092,0.074614519,0.080242016,0.12113396,0.108300161,0.128770959,0.119682832,0.107267042,0.13160025,0.122722399,0.099866814,0.119851408,0.141221773,0.116777586,0.110435557,0.13663339,0.138049868,0.132767226,0.120231619,0.095585,0.149928797,0.117172809,0.10812023,0.050779196,0.13382519,0.116035414,0.128842619,0.105943353,0.092038593,0.080693756,0.13731654,0.141878866,0.123704343,0.140242916,0.129220051,0.10393409,0.145866203,0.130322163,0.13429257,0.141171033,0.136939804,0.067582854,0.101848273,0.113587181,0.128591628,0.108263124,0.137325401,0.14406464,0.130454446,0.125331658,0.128377127,0.137032526,0.136830021,0.127894818,0.115408873,0.095785259,0.118227055,0.092544687,0.136582192,0.161064369,0.112613781,0.103637605,0.124518143,0.097906488,0.108847401,0.123503585,0.120282376,0.097313473,0.134681752,0.133066239,0.143162699,0.12707911,0.117686027,0.113446743,0.138642243,0.111577849,0.101889299,0.125399178,0.143642317,0.126975674,0.096978996,0.132809701,0.1052132,0.117456173,0.123012284,0.117397946,0.135820543,0.138888147,0.104866818,0.097464188,0.128061084,0.085075844,0.122046832,0.131827212,0.074671679,0.105648238,0.124673048,0.132914741,0.092534626,0.117638414,0.138718286,0.14219116,0.139259425,0.152824418,0.133803068,0.14331415,0.146277913,0.094173744,0.121047023,0.116543144,0.101582189,0.122597805,0.127850079,0.110840881,0.132411444,0.133754865,0.141762502,0.085233874,0.066129434,0.145315062,0.145485391,0.145066456,0.136218215,0.13929951,0.10294963,0.082216334,0.098887932,0.14650727,0.091194255,0.142190893,0.094166631,0.114495534,0.130239009,0.109742035,0.125711725,0.092560868,0.135690282,0.146959483,0.134623219,0.117868299,0.125301857,0.130082354,0.113055125,0.124610002,0.11793271,0.130329032,0.127209214,0.138093634,0.098049966,0.13413708,0.129881123,0.133081853,0.138446134,0.13295363,0.076550654,0.104840769,0.046167367,0.069779958,0.123978573,0.056259835,0.13022454,0.122414571,0.125167598,0.114010062,0.134109152,0.100805838,0.107523347,0.099381564,0.070681479,0.13549629,0.134510945,0.097673902,0.104063493,0.114006505
11,0.1,0.113463198,0.126607962,0.12794593,0.136801425,0.127426544,0.124974178,0.122595925,0.08402342,0.131237754,0.132942575,0.1262399,0.120017306,0.119218892,0.070023904,0.123583692,0.058028015,0.086987615,0.113027973,0.114446897,0.111071135,0.119101835,0.108387792,0.120914751,0.122017678,0.08391278,0.115977203,0.13916005,0.118354992,0.118776479,0.124249169,0.111838922,0.142435398,0.110512529,0.067640271,0.133032645,0.102177155,0.099314733,0.063958082,0.123615239,0.117299466,0.116094448,0.082394239,0.079573844,0.072617545,0.137435207,0.130310214,0.098828264,0.127198448,0.123877276,0.082930035,0.136279055,0.117953876,0.139130919,0.119812251,0.121530184,0.064387514,0.104380407,0.106657936,0.126622864,0.102022769,0.121507202,0.13698577,0.111521288,0.121940904,0.124505007,0.13099956,0.147200249,0.096108,0.118497558,0.097267831,0.121923676,0.095713915,0.119019418,0.152608299,0.106524717,0.098584731,0.121166209,0.09844419,0.092685589,0.120632769,0.112277407,0.074598676,0.13228904,0.122802267,0.135176502,0.118091217,0.116956454,0.085976507,0.136706324,0.096527759,0.092342996,0.130359113,0.126216284,0.141316906,0.097052742,0.118024241,0.08872704,0.114480523,0.111972814,0.096158043,0.133870421,0.14053748,0.083410097,0.095580024,0.124762807,0.060769733,0.125540113,0.114162848,0.057455763,0.091267377,0.121053876,0.118616282,0.087732835,0.127153773,0.119603018,0.138613496,0.125862934,0.125630907,0.100800229,0.137385659,0.120684703,0.087561781,0.113035288,0.100711752,0.093681556,0.104380137,0.126319241,0.108488724,0.123252912,0.131344039,0.120482971,0.079818185,0.06235631,0.13051986,0.132293133,0.117540473,0.108841302,0.144566138,0.099417236,0.076793318,0.100997656,0.120234927,0.080153541,0.130139352,0.100644245,0.107184803,0.12312386,0.111628169,0.114815888,0.0811271,0.147550368,0.149560899,0.133677992,0.105663752,0.10269693,0.122136604,0.10318416,0.125189331,0.081853484,0.124687668,0.114557294,0.131835879,0.078283834,0.124244425,0.142799392,0.128414338,0.124088783,0.141672478,0.055130013,0.097059126,0.037417922,0.061693729,0.11557746,0.062505844,0.116016418,0.125371869,0.106752671,0.121920285,0.115444051,0.105943296,0.099032465,0.091533717,0.06348449,0.138699319,0.130272918,0.092289823,0.094101961,0.110638237
12,0.2,0.109479538,0.117928243,0.115059774,0.111880812,0.112102897,0.10497745,0.123578189,0.081291961,0.111967598,0.115958549,0.099517597,0.114006304,0.099630917,0.065014957,0.110808991,0.064456264,0.07289533,0.106772459,0.0859452,0.106290169,0.096723398,0.088036552,0.12266553,0.120798455,0.079603565,0.10313057,0.11363916,0.103340501,0.100782495,0.120470629,0.101175614,0.117515008,0.094818664,0.075783109,0.121668287,0.093606783,0.087267596,0.052701281,0.105697829,0.112191392,0.099936149,0.085918961,0.058409024,0.062245929,0.13490118,0.115077243,0.087574899,0.129316413,0.104553845,0.077536205,0.129343382,0.124909571,0.123880756,0.126488171,0.114025214,0.055943584,0.093546887,0.100140515,0.113652957,0.104711236,0.106489368,0.12267913,0.103411494,0.111557583,0.117744827,0.113848612,0.133801333,0.105734931,0.112811861,0.08578516,0.108365473,0.084226772,0.110570914,0.131644001,0.07901866,0.098459171,0.106082808,0.090880885,0.095556951,0.116912332,0.099722495,0.068503739,0.139098769,0.120387107,0.13907551,0.121549476,0.100999481,0.095887215,0.121226224,0.101123678,0.08935727,0.115568299,0.120497897,0.133579727,0.083980574,0.120653353,0.082524152,0.106950554,0.100160171,0.089024714,0.114833439,0.116764813,0.076239003,0.07822361,0.108020746,0.070478769,0.108457367,0.107817911,0.044285588,0.096758892,0.106465898,0.110001902,0.08450596,0.111089855,0.116847015,0.130710961,0.116607635,0.120614423,0.107433645,0.119308333,0.125521438,0.081445434,0.092690267,0.096993973,0.081070357,0.090724869,0.123292958,0.086153606,0.115226008,0.118590297,0.116018319,0.061577499,0.055907182,0.112365781,0.123857334,0.112259757,0.120194063,0.12647956,0.075006683,0.060715596,0.095637706,0.121257702,0.070771997,0.133175395,0.094801691,0.094004292,0.107280791,0.090198916,0.090584095,0.063857737,0.13132725,0.136827246,0.103378997,0.108558137,0.102770742,0.115971267,0.09630661,0.11329282,0.088317767,0.090923382,0.110159206,0.114097529,0.092334154,0.102589948,0.114933119,0.122475807,0.116478311,0.12385436,0.037737623,0.076109302,0.041524913,0.07287963,0.114965931,0.041729162,0.106805579,0.118337816,0.106194457,0.112463548,0.102678773,0.084209701,0.079407334,0.087362763,0.063776401,0.134418449,0.117819298,0.079616533,0.085665648,0.109456455
13,0.3,0.092754819,0.114617634,0.099023901,0.10463332,0.103459883,0.088503393,0.120550858,0.076033987,0.119483111,0.102549456,0.119461209,0.108208224,0.086952149,0.057951457,0.097316265,0.053506385,0.065875938,0.105162912,0.078406852,0.097412383,0.082897009,0.066149787,0.10390561,0.096269584,0.072920619,0.092499218,0.116895912,0.100435329,0.093128485,0.108303773,0.080151071,0.113244974,0.110311056,0.056569046,0.118908844,0.094974912,0.076979084,0.049358026,0.094542108,0.07749434,0.108470808,0.085600509,0.078569081,0.073571495,0.113558688,0.11506364,0.066227733,0.10728615,0.100201556,0.070940061,0.111042456,0.097116535,0.113094434,0.10968245,0.110627148,0.054445949,0.088660742,0.083252567,0.101976595,0.082754246,0.097336637,0.110197467,0.100378938,0.087792818,0.114876722,0.113394016,0.113705553,0.099887028,0.09532453,0.071852009,0.098900202,0.074899246,0.113969156,0.115760673,0.080563961,0.083284548,0.101156414,0.081181634,0.081907516,0.096172784,0.088302504,0.058128328,0.115042847,0.111223804,0.115818367,0.101248137,0.101342598,0.077838737,0.121551002,0.082198621,0.067326012,0.103002277,0.128413646,0.113060269,0.07482382,0.119131608,0.063920538,0.09315557,0.107736796,0.080959674,0.103403229,0.107377507,0.079974078,0.073393546,0.09567268,0.061629947,0.095874181,0.10720208,0.058195611,0.080764868,0.091322353,0.094180229,0.074750414,0.104926254,0.106795913,0.113001829,0.095631174,0.106056104,0.091595934,0.114197552,0.117204305,0.076016564,0.077554254,0.093872332,0.081053946,0.097984188,0.097708148,0.082824471,0.111452778,0.1101722,0.109123403,0.064795156,0.054111185,0.109009823,0.11190354,0.10675058,0.113236383,0.121329125,0.07721626,0.060525399,0.080989968,0.108629032,0.068621047,0.117777103,0.073257793,0.087577092,0.094744031,0.085055786,0.097632317,0.066147611,0.117137911,0.113702042,0.09559787,0.105605688,0.108662049,0.102945219,0.090417766,0.094615839,0.071754758,0.080600653,0.094091969,0.112684924,0.077597834,0.100239814,0.108274233,0.09902597,0.1144264,0.121081649,0.043423023,0.085404112,0.042581648,0.054431511,0.103908974,0.05044697,0.112445991,0.092098064,0.090572005,0.097720071,0.098112599,0.09353275,0.077804478,0.070984263,0.056250839,0.109722012,0.102849623,0.065743032,0.08811351,0.104670969
14,0.4,0.08442883,0.097596075,0.095394709,0.111926101,0.088883872,0.099529631,0.093795386,0.069171086,0.088057783,0.095925315,0.090716503,0.080173871,0.080245776,0.05717512,0.089101063,0.051031103,0.055481085,0.088431107,0.07017707,0.090305779,0.090450652,0.078932244,0.095262491,0.091293042,0.052693974,0.082560632,0.099170003,0.093916078,0.075104625,0.095040322,0.088172921,0.094399421,0.092828765,0.060958868,0.094399309,0.074870202,0.08615407,0.039388784,0.105710561,0.099741746,0.100311479,0.082335707,0.066418069,0.059679956,0.123610879,0.101862764,0.073069694,0.102829701,0.099104213,0.057343692,0.111371209,0.087556695,0.101914341,0.104205653,0.095317371,0.043095211,0.085753117,0.087144482,0.103645052,0.097231179,0.081824482,0.110702574,0.098148664,0.083126555,0.103436852,0.09354361,0.109905564,0.091201844,0.086272352,0.071210603,0.097526666,0.070558467,0.097193782,0.098109799,0.080081852,0.073986379,0.092523792,0.073390893,0.093819708,0.096567309,0.080534487,0.064346071,0.111902449,0.0805749,0.117011831,0.076507276,0.075684268,0.07728934,0.112800516,0.07144603,0.070209741,0.091260447,0.100498393,0.104820076,0.06273052,0.097947783,0.064338227,0.068458252,0.121630042,0.072305618,0.094790931,0.106436449,0.076308094,0.07014573,0.089727153,0.062636642,0.097539853,0.094729428,0.046556696,0.083827035,0.09758423,0.120912878,0.086123444,0.102067386,0.09782424,0.107952772,0.094786352,0.104548811,0.079677213,0.096442682,0.107285994,0.085518759,0.079755898,0.070520403,0.063602923,0.078129167,0.102443772,0.079041952,0.104251942,0.092433419,0.090944189,0.054372203,0.045694026,0.086323831,0.112561274,0.116706445,0.100016575,0.115227923,0.073609812,0.055340002,0.075918929,0.099426359,0.065078764,0.112078887,0.076985485,0.097038507,0.104309234,0.079528683,0.080635408,0.056405104,0.116119375,0.116199819,0.075552082,0.089290926,0.075912176,0.103627832,0.074115733,0.088818504,0.074982555,0.080922402,0.08701183,0.109909413,0.07066122,0.108818711,0.103607136,0.09628359,0.103449899,0.095935917,0.045076735,0.099525875,0.041483474,0.06638895,0.085838097,0.04294608,0.085801687,0.093262958,0.09036905,0.090657665,0.089754038,0.070524131,0.065233034,0.063571039,0.058003968,0.115161778,0.084765241,0.060648882,0.071838423,0.078857546
15,0.5,0.096877802,0.09603628,0.113145279,0.094209636,0.10772847,0.091348619,0.087705404,0.055854732,0.096822697,0.084707228,0.102583604,0.085310428,0.064437558,0.062251967,0.093497224,0.06166564,0.051894289,0.074212271,0.089427618,0.097897731,0.086720274,0.082108537,0.100617347,0.103639687,0.065790932,0.078384257,0.099349951,0.087070539,0.075585383,0.096389193,0.101419108,0.108365373,0.080645529,0.049799688,0.084174828,0.067838598,0.068102374,0.035382373,0.091740439,0.089359467,0.085857971,0.083023785,0.059113251,0.057639107,0.102615131,0.092733605,0.06581773,0.101433629,0.080300999,0.070558028,0.102746387,0.092191195,0.086454277,0.093836259,0.092314946,0.06074471,0.079386417,0.076230675,0.088186,0.099124778,0.110334386,0.108269598,0.09117521,0.088976374,0.098443916,0.088895428,0.100672202,0.090340032,0.08660724,0.066488011,0.081453374,0.076484766,0.094761912,0.11755363,0.065252434,0.075800772,0.107196172,0.07525931,0.071101624,0.106808022,0.087593482,0.059755551,0.103058527,0.091554203,0.111831836,0.073208426,0.075895307,0.075969767,0.114129538,0.077823516,0.072393466,0.090658813,0.091456188,0.10881652,0.077257902,0.093329105,0.062743915,0.071705988,0.094290762,0.061898913,0.106512392,0.088510409,0.064531998,0.067558364,0.079727387,0.042593404,0.0895309,0.104935916,0.033639877,0.077472904,0.095354253,0.090830504,0.063376555,0.095753242,0.084785392,0.117482482,0.091543743,0.10659932,0.071906424,0.100010272,0.093682295,0.057810581,0.085122641,0.086872305,0.062334091,0.085020881,0.092773529,0.063265527,0.084506197,0.092502954,0.094827177,0.072392182,0.047820779,0.080176441,0.105612247,0.09716996,0.093596083,0.103066767,0.053700447,0.05608892,0.076488983,0.088954189,0.041566533,0.11772169,0.069710274,0.085508753,0.089344083,0.075785875,0.087085798,0.061885949,0.103042241,0.113638392,0.084946005,0.085025294,0.070486462,0.098978743,0.087807213,0.090352409,0.063176837,0.085078483,0.097645428,0.088368121,0.06192451,0.09312427,0.094844718,0.087047187,0.106784726,0.106620997,0.039212423,0.060407689,0.035503078,0.044548375,0.098292998,0.034739452,0.095162982,0.104252525,0.091810866,0.105118888,0.091616528,0.065518253,0.086471845,0.068155417,0.051509727,0.104084065,0.090122314,0.068260236,0.076353874,0.08312217
16,0.6,0.092365097,0.100525924,0.108575859,0.099597639,0.099062051,0.096735727,0.103653187,0.083175979,0.096674457,0.089838216,0.099806594,0.082189395,0.092421627,0.057885682,0.086475589,0.047589684,0.055169022,0.076930763,0.088946658,0.090718618,0.07756576,0.081064013,0.088719957,0.089904465,0.065698015,0.089808577,0.086683286,0.082251617,0.092848599,0.107805255,0.083487316,0.104967559,0.083304932,0.061128634,0.096619155,0.093727373,0.064900857,0.041048258,0.103742087,0.080759759,0.085961329,0.099106098,0.058289331,0.073703004,0.102110517,0.102279221,0.079724505,0.106636554,0.076716383,0.073722691,0.115709997,0.092127081,0.100695763,0.089527857,0.090895709,0.066033865,0.068416443,0.060803255,0.096752389,0.098540279,0.08546218,0.106231019,0.098650452,0.09136949,0.099971851,0.102436891,0.101455656,0.086613033,0.069051318,0.068508184,0.084963899,0.07077516,0.090079279,0.095583904,0.075904476,0.077438756,0.087729636,0.079444093,0.071880397,0.08941659,0.083604801,0.056802459,0.102296313,0.103896471,0.113325164,0.093703431,0.073514305,0.072278004,0.114664999,0.084466785,0.075255835,0.098451712,0.102943171,0.100236549,0.071640913,0.096627314,0.070114596,0.067480336,0.0935482,0.09292225,0.088725855,0.086238022,0.061417942,0.065187518,0.076528567,0.056931697,0.088102155,0.084825817,0.054139416,0.066079348,0.081141845,0.099795222,0.084520701,0.097315917,0.098082657,0.103851757,0.089362621,0.106052949,0.096462748,0.100052539,0.093952737,0.062207125,0.078859136,0.084947533,0.061390548,0.080042863,0.100779185,0.073690907,0.088858114,0.10114407,0.106521125,0.066867005,0.039583946,0.092523438,0.096887334,0.086865993,0.104680765,0.095122804,0.079354723,0.057210424,0.064498394,0.090951234,0.060190748,0.099461464,0.070128797,0.07940283,0.108574672,0.076037874,0.081149271,0.070413427,0.11411368,0.111763248,0.099444471,0.080102029,0.098815682,0.102092315,0.083636503,0.090067416,0.072108721,0.082298522,0.088791385,0.088005815,0.067304974,0.091409792,0.100151999,0.090126989,0.090927796,0.091506197,0.063356409,0.070392306,0.048804083,0.057601856,0.089946546,0.04633234,0.088797192,0.102463018,0.086775587,0.08433178,0.095752678,0.071361612,0.078466442,0.06461648,0.041327056,0.102733997,0.097167741,0.075505232,0.067674722,0.126685672
17,0.7,0.090193612,0.101403955,0.124148054,0.122136831,0.113140031,0.103794162,0.118242146,0.085962006,0.115705134,0.11815031,0.108736737,0.092903808,0.090856808,0.054538538,0.104371033,0.044331313,0.052606681,0.076694364,0.100341057,0.099623321,0.08611489,0.089476317,0.102528422,0.106942233,0.06264408,0.113438256,0.124257171,0.091025578,0.118490648,0.130099144,0.116742953,0.106928991,0.07396466,0.065619237,0.131785769,0.095306228,0.071132869,0.043364789,0.125063364,0.089608227,0.100631067,0.091146036,0.052347409,0.087679093,0.103888822,0.11474965,0.089722419,0.120299869,0.113333061,0.084186179,0.124209881,0.125754724,0.113718323,0.124047023,0.132689038,0.047626114,0.081141675,0.079854739,0.116430405,0.075241458,0.120155199,0.126949513,0.109582457,0.105516458,0.123577606,0.123352254,0.133449496,0.115913126,0.118846301,0.100303172,0.11547031,0.106273563,0.118032998,0.116006539,0.085340891,0.117886005,0.124854391,0.091728934,0.075617952,0.103087218,0.113387409,0.072837322,0.112664713,0.127647308,0.123826644,0.103930464,0.115669634,0.078287784,0.150855531,0.066383727,0.080407009,0.124107034,0.108396484,0.122025662,0.086614411,0.096313323,0.093736506,0.13523208,0.100470626,0.106174657,0.119570348,0.127472194,0.065873009,0.068026512,0.099469641,0.101113442,0.091317232,0.081969764,0.056517777,0.072056401,0.111055392,0.090417564,0.090486752,0.119302196,0.113263728,0.121794384,0.110609222,0.122055399,0.123268606,0.114688932,0.091511504,0.065504962,0.091919284,0.105218256,0.087867661,0.097868559,0.103676556,0.08151995,0.124333353,0.108260967,0.09578471,0.095834665,0.069727036,0.102483083,0.110035409,0.114881201,0.11014154,0.104584218,0.087896495,0.079994426,0.069332169,0.128779507,0.04984215,0.104449358,0.093253373,0.077445126,0.100716057,0.082094042,0.097651692,0.06166523,0.13514426,0.118956307,0.110907424,0.106695567,0.092476247,0.110597016,0.077129501,0.099181132,0.099811826,0.090768448,0.116662791,0.122738149,0.085629025,0.09503495,0.094951415,0.090136241,0.108061836,0.11566506,0.06588482,0.107283531,0.064291272,0.063145685,0.11144747,0.059418495,0.101175994,0.090801151,0.126085879,0.088375889,0.093822578,0.067801008,0.084604519,0.065650365,0.048092115,0.111795543,0.119107217,0.104283733,0.115439772,0.118543076
18,0.8,0.105810279,0.120429143,0.127103759,0.121259292,0.117168885,0.113148562,0.113804794,0.101091813,0.106364638,0.118018614,0.127945833,0.104574194,0.10430954,0.067377241,0.142781408,0.052411766,0.088555036,0.100078934,0.122687037,0.098791067,0.105505508,0.103090033,0.12706529,0.127428054,0.084854567,0.113690472,0.133071514,0.110435631,0.133731139,0.12654156,0.129017558,0.119580977,0.097435103,0.089657425,0.134007198,0.115552425,0.090114401,0.073766641,0.125640102,0.110867777,0.127319757,0.118722595,0.077561233,0.113396682,0.127338494,0.119316946,0.110662023,0.121555384,0.11768312,0.098099287,0.127410136,0.108314741,0.121150002,0.115256136,0.132145193,0.071573071,0.105049257,0.094748212,0.135098806,0.11023028,0.129380039,0.118352323,0.119819437,0.110095211,0.130991805,0.131301182,0.131463546,0.105559759,0.101897146,0.112540325,0.107145545,0.109651815,0.114765111,0.125416129,0.106497021,0.111932069,0.097086224,0.118485593,0.098991508,0.121836687,0.103404462,0.084211932,0.129510377,0.11146716,0.151803418,0.113105432,0.113165825,0.079562986,0.125282352,0.128913106,0.098692722,0.134158934,0.129909356,0.12206113,0.127231522,0.112924503,0.100161858,0.104378284,0.115470312,0.105095205,0.129012541,0.12451835,0.092605098,0.08244634,0.114545455,0.099152544,0.107242601,0.11430787,0.091058384,0.103620527,0.124048702,0.131540476,0.119893621,0.124713517,0.134354497,0.133153747,0.118613996,0.117198806,0.128165832,0.124195387,0.121066359,0.105716418,0.094986969,0.111806568,0.0875413,0.105975266,0.125255027,0.104819122,0.116737892,0.120583286,0.126935145,0.110858922,0.079763402,0.114646966,0.125624764,0.130772686,0.116708544,0.135508214,0.097310185,0.074162587,0.10044655,0.134093711,0.056955994,0.125326549,0.102322491,0.12126909,0.124494105,0.104817254,0.11455197,0.07806794,0.130941782,0.118570947,0.11497903,0.11345895,0.114053639,0.122384807,0.126295287,0.116763773,0.122746052,0.117339843,0.105307563,0.129653038,0.096376445,0.128984605,0.118955946,0.118456432,0.107159267,0.134614446,0.090737376,0.100404259,0.086306633,0.074410903,0.111809499,0.076596949,0.110780108,0.110695674,0.114327066,0.10037322,0.111873141,0.094788082,0.10454161,0.107480755,0.056534429,0.116769229,0.117616608,0.091633086,0.104286954,0.136721422
19,0.9,0.103730939,0.123133611,0.121257003,0.120945168,0.117645407,0.11451424,0.127978205,0.098588271,0.120505679,0.126794947,0.136742907,0.116661675,0.110705523,0.088779072,0.125097714,0.095025211,0.071827638,0.10506539,0.124283515,0.105767128,0.115902343,0.098285459,0.13084263,0.124806414,0.13368936,0.116315957,0.138617503,0.124836471,0.123639337,0.114958061,0.131717228,0.114918797,0.106879471,0.097480307,0.134460374,0.107630092,0.101329743,0.087529152,0.134045995,0.128897577,0.129243138,0.130524236,0.110224657,0.096506278,0.134885488,0.123477978,0.115192356,0.125759419,0.116708309,0.080108849,0.139193362,0.111111996,0.134354704,0.118218605,0.143501187,0.091164906,0.09606978,0.108144748,0.134509961,0.13192742,0.121819387,0.129421844,0.124669968,0.103055931,0.129722744,0.128133531,0.129278996,0.107877273,0.084694782,0.116874429,0.113831369,0.104094356,0.121460554,0.127903103,0.113954892,0.0985492,0.114546152,0.106908576,0.108309623,0.127308855,0.113254729,0.086569338,0.141647957,0.121805201,0.13371656,0.132144171,0.107595866,0.115086864,0.131103809,0.101376569,0.112099842,0.15377512,0.129574441,0.133678669,0.115870298,0.122067239,0.095800772,0.103971773,0.116778618,0.111551938,0.127948786,0.136045222,0.099707367,0.099048196,0.119400399,0.099991139,0.12573654,0.127175731,0.108203035,0.105539776,0.110740731,0.137468549,0.147314458,0.115020079,0.135762571,0.146246881,0.124765336,0.121530442,0.105596508,0.126799811,0.115885985,0.109989457,0.095307987,0.112071009,0.098321723,0.131672385,0.117393823,0.115187714,0.120337243,0.132679674,0.138866675,0.106466056,0.078305234,0.11769111,0.133364449,0.130441204,0.132312881,0.143923164,0.097001181,0.086720131,0.124184574,0.127756423,0.089841892,0.118724739,0.11165381,0.110653367,0.112793083,0.108325046,0.11192343,0.107907875,0.141126602,0.126306218,0.125773769,0.128858053,0.135787382,0.130603559,0.12683342,0.11666185,0.137705488,0.136250334,0.110087178,0.127091651,0.103990476,0.147204348,0.123157962,0.141449862,0.143482035,0.132984064,0.102225799,0.114544929,0.07924497,0.086145535,0.122461897,0.082226211,0.12132535,0.114768889,0.114518336,0.111421562,0.123883797,0.10179115,0.099219125,0.103746847,0.085113792,0.121999844,0.114670306,0.10916267,0.090492927,0.132999321
20,1,0.114023938,0.117546489,0.124189117,0.122618999,0.121284893,0.121611892,0.127876797,0.109477903,0.131708847,0.135280899,0.125816147,0.127517858,0.109195907,0.087644139,0.115770069,0.083595564,0.078432905,0.102175993,0.129417426,0.11596777,0.111194259,0.098797326,0.123323985,0.127777933,0.110545274,0.115648037,0.125817502,0.119567923,0.138241489,0.111095924,0.128442884,0.125387186,0.112382611,0.088647294,0.133159923,0.120236955,0.089406298,0.09450598,0.137088259,0.140357621,0.129417051,0.140759196,0.107759482,0.100632776,0.130084987,0.122773706,0.108656041,0.113802294,0.112396605,0.11404745,0.140557088,0.114644987,0.121745148,0.122027785,0.138373885,0.106590215,0.093248365,0.120002765,0.125856848,0.10184683,0.113167401,0.124981358,0.129069018,0.108171827,0.116981323,0.127687358,0.120946922,0.116407433,0.095173771,0.100911182,0.116251783,0.092674171,0.120701533,0.130077203,0.104581749,0.103179451,0.110815453,0.112555799,0.110904749,0.126355591,0.109284037,0.094501155,0.135243023,0.129310859,0.122648099,0.130037929,0.1248549,0.103475113,0.126326251,0.109661371,0.092687449,0.132867485,0.127796042,0.138375739,0.127020382,0.116110988,0.102467492,0.116738639,0.115376237,0.115007464,0.139122638,0.133889431,0.111569544,0.085466498,0.121939809,0.100222695,0.114413022,0.118782206,0.126064771,0.097756215,0.114967188,0.139352635,0.135598173,0.119199876,0.130718915,0.119200965,0.124759109,0.126137938,0.11622999,0.136727168,0.122791657,0.12774634,0.1033457,0.116749739,0.115820255,0.109248111,0.122703852,0.101295738,0.120895855,0.133236106,0.121549654,0.104898072,0.075655975,0.116142263,0.122129035,0.129134483,0.127593493,0.119148983,0.098593713,0.097434752,0.12381083,0.135524213,0.102299225,0.118647656,0.115790136,0.114088779,0.101851805,0.104778325,0.11302967,0.114989581,0.142132466,0.137755516,0.134279772,0.124172958,0.116627691,0.119157499,0.11722107,0.120066118,0.141728218,0.128931742,0.118509715,0.121463571,0.114651033,0.126740413,0.124093208,0.131654941,0.117256152,0.124646221,0.086177828,0.110341381,0.07648245,0.088497463,0.122103756,0.082898303,0.110878179,0.133954674,0.11498126,0.113634155,0.121517384,0.131478493,0.101361987,0.114267156,0.093482051,0.122972997,0.111538994,0.111451587,0.103898602,0.123110289
21,1.1,0.11367056,0.11914766,0.128185389,0.135605509,0.13436941,0.115047173,0.125016177,0.09341276,0.125613039,0.128067486,0.126372646,0.121318698,0.107725733,0.072808987,0.11995479,0.068111501,0.075043068,0.108142194,0.124511347,0.121189754,0.131895087,0.104991967,0.125062376,0.120669521,0.08745943,0.114971519,0.133644585,0.110755601,0.123803148,0.123339865,0.133792419,0.131108544,0.111570111,0.10215126,0.130126178,0.110138186,0.094304943,0.085104104,0.142506767,0.131220164,0.128598212,0.125476184,0.111217086,0.098601084,0.127785729,0.122845765,0.099962273,0.119862232,0.114815456,0.105463867,0.136998162,0.117414489,0.121284776,0.131416091,0.128640074,0.11689415,0.093346362,0.118634751,0.139025578,0.109317639,0.116657114,0.134455767,0.114758352,0.109488291,0.123083746,0.123582629,0.130879465,0.106672767,0.115072888,0.10802409,0.123295357,0.116368837,0.116834946,0.138630097,0.110084415,0.112132543,0.114292791,0.121087653,0.108517404,0.110362876,0.113089197,0.087965816,0.131980348,0.132938568,0.130549752,0.130015649,0.132321455,0.114871694,0.129372387,0.118156685,0.104998011,0.141549815,0.12410362,0.137453596,0.098224308,0.12340159,0.109344093,0.098176126,0.122439367,0.124735944,0.120450442,0.120643129,0.108645381,0.086752439,0.130909906,0.103272311,0.106310754,0.120791182,0.12243926,0.090051181,0.111635139,0.133010621,0.131798346,0.112919125,0.128506734,0.120265934,0.123045826,0.130190442,0.09925942,0.125156869,0.1222477,0.133468128,0.099414369,0.114423536,0.10951665,0.115160265,0.121163406,0.097088309,0.121339962,0.126625671,0.126255487,0.096551488,0.074117854,0.11543656,0.126999238,0.125899509,0.119395274,0.125448929,0.107575874,0.115251412,0.083478644,0.127818255,0.083065039,0.125468801,0.117279409,0.116772344,0.110412291,0.115690141,0.110101946,0.115417695,0.129690341,0.137626049,0.138111662,0.1234547,0.105787341,0.11736859,0.112376237,0.127108101,0.136126178,0.117161085,0.128176497,0.142802786,0.115503853,0.12638813,0.129352523,0.124195348,0.117345746,0.131283948,0.095390531,0.114208375,0.090855578,0.09268216,0.117877216,0.071873114,0.115151281,0.125688117,0.104375052,0.102381793,0.123688736,0.121751862,0.103857351,0.106438654,0.100340938,0.125750099,0.118933325,0.105197412,0.098791534,0.118328774
22,1.2,0.113222719,0.120542128,0.110898106,0.126357461,0.127058245,0.119919108,0.122889047,0.113887644,0.114377453,0.131790155,0.116816368,0.112189208,0.101488054,0.074741215,0.119392146,0.068617827,0.08897373,0.089742636,0.118642048,0.117434516,0.117823659,0.101827774,0.116121943,0.132469598,0.086907443,0.111776511,0.13099706,0.112304761,0.136845828,0.123503709,0.117622175,0.128294165,0.11349585,0.102098163,0.138262176,0.106630778,0.095243151,0.079726472,0.138867703,0.115390194,0.120173976,0.116614344,0.10365797,0.101210094,0.124170923,0.124946036,0.104444983,0.130899738,0.119024403,0.098262163,0.130773404,0.124781105,0.12463702,0.121298878,0.13672693,0.112837318,0.081595927,0.110337943,0.134462756,0.110501253,0.111941458,0.125709695,0.118041768,0.116402422,0.123293994,0.123215534,0.133412031,0.115458978,0.123303401,0.109279316,0.113666163,0.110754996,0.118091376,0.138780472,0.101709443,0.109994446,0.122992604,0.104626223,0.120096782,0.126944668,0.111042868,0.083940642,0.128567902,0.132967805,0.121894103,0.123449109,0.117512188,0.098245026,0.135600175,0.114491173,0.093007975,0.117639127,0.132374277,0.12603089,0.10206567,0.121413838,0.10985608,0.111695315,0.12312047,0.121698185,0.122321798,0.12275452,0.097754514,0.088719017,0.120490491,0.104634593,0.11552182,0.11972908,0.133830966,0.095729866,0.116649292,0.131481173,0.123028084,0.121307081,0.126014139,0.137215042,0.124390912,0.133331818,0.101135662,0.128625697,0.141644926,0.119351814,0.106829278,0.113691039,0.104483742,0.114177944,0.122400596,0.098126413,0.130218472,0.121219783,0.12028599,0.101530365,0.076836956,0.130961616,0.127850791,0.121483185,0.123166625,0.122385111,0.095238432,0.102512939,0.095896697,0.139259688,0.099446071,0.128119944,0.1175914,0.112132502,0.106907029,0.094160605,0.109615564,0.11394872,0.139162277,0.129781291,0.133677775,0.113773669,0.110950057,0.11043454,0.107843666,0.120197637,0.126578724,0.118770476,0.125174887,0.133708571,0.111068509,0.129718111,0.138202946,0.122018756,0.124390134,0.132928007,0.128333711,0.113207047,0.086439127,0.092304134,0.127259301,0.077941389,0.12003674,0.131884331,0.114066819,0.105711674,0.119659216,0.117971306,0.113175302,0.10172695,0.07264097,0.131718601,0.122998605,0.103792805,0.099854699,0.11997564
23,1.3,0.116725906,0.123179966,0.115203888,0.136205747,0.127342523,0.121426196,0.12923673,0.0991115,0.127051348,0.133642572,0.123268556,0.102712143,0.126249328,0.078061034,0.122867267,0.078471542,0.086987484,0.115712094,0.124866291,0.114977455,0.110392765,0.118728498,0.126996443,0.128101999,0.100834457,0.111873055,0.128928396,0.11455223,0.111626381,0.117891678,0.117035965,0.1332478,0.110719516,0.099238371,0.123423418,0.115081944,0.115958207,0.083597684,0.128460411,0.117359521,0.120877726,0.115037558,0.085658813,0.10315498,0.121345158,0.122510613,0.104750274,0.126445611,0.11673597,0.091416511,0.126467192,0.120914494,0.116530147,0.129439498,0.137791904,0.101348806,0.091666877,0.101954543,0.116457992,0.10641592,0.118521458,0.135308921,0.120532328,0.118552186,0.124629358,0.119344775,0.131802725,0.11067962,0.131995651,0.115669591,0.121832939,0.107100891,0.123551306,0.126353205,0.102898226,0.102458726,0.117057016,0.108250496,0.102093781,0.127691535,0.115912016,0.088669011,0.130155985,0.126792807,0.131241013,0.116647276,0.124485068,0.11225419,0.127530587,0.105461486,0.100764708,0.115815019,0.130504538,0.129485433,0.111451312,0.121766467,0.113281135,0.121528447,0.126240829,0.112741918,0.127455758,0.114675419,0.095887469,0.091931226,0.110473868,0.109057084,0.130086898,0.118500898,0.12128397,0.092955532,0.124723991,0.125827387,0.125502906,0.126001556,0.122830036,0.132348307,0.135200399,0.133663397,0.112995317,0.124656958,0.148065493,0.109400114,0.113246219,0.124571683,0.100463304,0.117636227,0.124100676,0.100910488,0.116806392,0.119766514,0.121376716,0.100095343,0.058838728,0.114802166,0.127204043,0.119469774,0.12423733,0.129507485,0.102708028,0.099588878,0.101073624,0.138476099,0.086520832,0.119864295,0.114795713,0.11475365,0.121486169,0.097970686,0.131313595,0.113841171,0.132991611,0.128182332,0.127154299,0.12324518,0.119359792,0.117344577,0.118744608,0.127550637,0.111907559,0.12901906,0.126096269,0.133147313,0.112740687,0.133184066,0.133165596,0.128567247,0.13204754,0.132648988,0.128750968,0.118928188,0.07717918,0.079554185,0.125365598,0.081464907,0.124820789,0.12135255,0.09978051,0.108590092,0.124020915,0.099605503,0.101822394,0.10300093,0.078870493,0.130772007,0.122737786,0.110303955,0.106902301,0.128270818
24,1.4,0.122556003,0.129787518,0.114219002,0.12349829,0.133756291,0.121769013,0.122441519,0.103560772,0.118522003,0.120304522,0.111860029,0.116199001,0.11347797,0.079005225,0.124182004,0.088791439,0.076471275,0.108581056,0.106150555,0.109508213,0.117539894,0.118087138,0.134002459,0.141110182,0.114360578,0.114691107,0.125810819,0.12714594,0.121377087,0.126331046,0.11857797,0.1253752,0.108528615,0.098155898,0.133390931,0.11148027,0.111191303,0.073677372,0.129715604,0.124669618,0.124711853,0.110386518,0.092716301,0.091961092,0.138024701,0.131678747,0.107160893,0.114654956,0.106624526,0.091025905,0.123083342,0.127658525,0.119325181,0.116527101,0.131234346,0.085394783,0.101002344,0.106321693,0.130123701,0.115861399,0.114545227,0.139688535,0.118932575,0.106904155,0.126007865,0.121867834,0.127591106,0.100394683,0.124081117,0.104542467,0.119874692,0.122647969,0.121576133,0.118247451,0.095854539,0.112485997,0.132644797,0.108961789,0.112504089,0.121579236,0.114237992,0.086606141,0.129596311,0.128715729,0.123106926,0.129593302,0.111829899,0.09943787,0.129962291,0.09634612,0.113977725,0.126029772,0.129471949,0.131120672,0.103563665,0.127098318,0.102578086,0.119653193,0.119981321,0.107520248,0.120825165,0.118440669,0.095547853,0.098128083,0.115096809,0.105102945,0.124404756,0.116382232,0.124648661,0.100338121,0.113577332,0.115171135,0.113841856,0.128070738,0.125287924,0.131003928,0.124408475,0.131855733,0.110978604,0.127340676,0.126424328,0.11298938,0.125964657,0.123472923,0.097317235,0.125375299,0.12459957,0.097911274,0.120295648,0.122944754,0.120205217,0.088399411,0.070388496,0.116087837,0.132320457,0.120100881,0.130417793,0.12291941,0.106697111,0.098410581,0.116437109,0.139142149,0.084259127,0.12644329,0.11618212,0.10674472,0.123351073,0.094576876,0.118180197,0.110041342,0.128633089,0.128026759,0.133471972,0.116698066,0.104686562,0.121677173,0.11248585,0.124726981,0.109336681,0.125445516,0.114897614,0.134827629,0.102240192,0.130135031,0.139679344,0.120116547,0.129416178,0.139709995,0.122675008,0.129809526,0.076391629,0.097410903,0.129226224,0.082375135,0.117454337,0.113547924,0.096809045,0.11582367,0.128396358,0.101695938,0.103283844,0.093698377,0.092401553,0.12467314,0.117774412,0.0999368,0.090631412,0.112196581
25,1.5,0.125034456,0.112580356,0.117896566,0.122535269,0.127832298,0.129970096,0.114369744,0.118270073,0.111748145,0.12239311,0.123161345,0.121245317,0.116527299,0.08354148,0.122343512,0.095259932,0.07554626,0.109543739,0.108160156,0.105998511,0.106184853,0.115999884,0.123057877,0.123411883,0.134399605,0.119825797,0.141074132,0.104990276,0.11401955,0.12963046,0.122467432,0.133122512,0.125494882,0.106064322,0.126001522,0.10892564,0.120813155,0.074263463,0.13276517,0.122919901,0.118995298,0.105247678,0.087217478,0.093758594,0.133783023,0.133622819,0.110473602,0.114640267,0.114261312,0.091472019,0.1206668,0.127465284,0.114739622,0.114432467,0.125177959,0.082425481,0.095458728,0.100402175,0.126954284,0.118974083,0.118951748,0.138228851,0.127513378,0.121813972,0.133014011,0.105306072,0.132156912,0.114503356,0.121823507,0.101395188,0.115026241,0.120678669,0.117708813,0.123413404,0.102416667,0.106220022,0.123527511,0.114890191,0.114084883,0.117886524,0.117551169,0.100694862,0.126740203,0.126160306,0.123518984,0.123546668,0.108201124,0.104320603,0.133975507,0.117787743,0.10870489,0.124158076,0.125609986,0.116081875,0.111185335,0.131992131,0.104890353,0.115723605,0.11931974,0.099917316,0.117592009,0.116833949,0.108564789,0.099115842,0.132787521,0.100666198,0.127095513,0.11772558,0.119581992,0.103933753,0.120082903,0.115464089,0.111718855,0.125857089,0.123800164,0.134033316,0.128222821,0.138133626,0.11644739,0.121182444,0.13504015,0.107233141,0.130463078,0.12059291,0.097316957,0.128838248,0.104860561,0.113759149,0.12345362,0.132153101,0.115372714,0.096491653,0.084937727,0.114145278,0.138799029,0.124698495,0.120307445,0.121924142,0.107923684,0.10955621,0.131747631,0.139522371,0.091697863,0.129260475,0.104664222,0.098753122,0.113862962,0.107600493,0.125412862,0.123110145,0.12470733,0.132515527,0.12482869,0.121519924,0.108246192,0.121227084,0.111337838,0.133627737,0.105441088,0.130956126,0.120882843,0.126781057,0.11009631,0.131627226,0.145563844,0.118490107,0.128915003,0.129509851,0.110963246,0.112037724,0.075359993,0.090714554,0.12627633,0.079023107,0.107941227,0.132908478,0.118217125,0.123053625,0.128928511,0.103336084,0.116518955,0.098181253,0.090500607,0.124689267,0.119110297,0.109457437,0.103110012,0.121975032
26,1.6,0.115551695,0.128069514,0.123128685,0.124957331,0.120652748,0.122510906,0.13419937,0.107588241,0.103911281,0.123228786,0.12395161,0.122460916,0.12120738,0.086541621,0.134884038,0.108724855,0.084067926,0.111566316,0.122379967,0.117245825,0.109424161,0.112730342,0.129456279,0.132242703,0.141631326,0.104166956,0.141591853,0.122932804,0.111199797,0.131093674,0.119894866,0.120186744,0.110351068,0.107987732,0.124750808,0.105229328,0.107297061,0.070904487,0.112480807,0.119940622,0.126336578,0.113367612,0.100711487,0.095801653,0.124519351,0.124103679,0.109026502,0.125504123,0.108819416,0.083942191,0.119901745,0.128008973,0.119340435,0.10167005,0.129725961,0.080774618,0.108417523,0.111812877,0.134844407,0.12231316,0.109176666,0.130983084,0.108074898,0.112837861,0.130891368,0.125957851,0.123455803,0.115627344,0.089621888,0.109015246,0.114563882,0.108878039,0.12335688,0.119013224,0.101555416,0.120783025,0.132004094,0.111105859,0.104719249,0.114412505,0.119121594,0.103900402,0.127305698,0.128302938,0.134304854,0.134164018,0.111941667,0.10967494,0.117717231,0.113534991,0.11352066,0.104907045,0.128069152,0.118202173,0.117752543,0.122570947,0.109867359,0.117070065,0.117021213,0.105378363,0.12402821,0.115748643,0.118720864,0.108068338,0.119120445,0.11226532,0.124300737,0.124981213,0.104167544,0.099471482,0.122363103,0.122951329,0.119179463,0.136450968,0.115544898,0.133539745,0.126258394,0.134397276,0.111245774,0.128393889,0.125124179,0.103267983,0.128599919,0.114748305,0.112550498,0.143190341,0.116758649,0.120379336,0.116445741,0.128174364,0.118940888,0.10325475,0.086695453,0.127600612,0.131415424,0.122074306,0.125645896,0.124433209,0.10426416,0.099508672,0.124866972,0.1284894,0.095745337,0.127497318,0.123745672,0.115563782,0.124550419,0.111841481,0.12592078,0.112034605,0.126828883,0.118865205,0.132722265,0.120723274,0.107880811,0.122151369,0.109767187,0.118741499,0.108693829,0.129996431,0.121878997,0.117974983,0.123900402,0.121817188,0.131155548,0.118890283,0.120749874,0.129724715,0.10192856,0.115295726,0.082638603,0.096247417,0.12173711,0.081614581,0.124409348,0.116833932,0.11366183,0.130709828,0.122521107,0.105920862,0.10746318,0.103216646,0.11433435,0.115789786,0.11218444,0.109410953,0.108356301,0.126627439
27,1.7,0.124676073,0.124544406,0.117494173,0.118496412,0.118321776,0.124994691,0.101857503,0.109271551,0.10219855,0.117030288,0.125913433,0.124297541,0.118714546,0.080961608,0.115066402,0.104503397,0.098061237,0.113601471,0.11246496,0.113856489,0.11633774,0.095470717,0.132992736,0.123101025,0.129047973,0.098139586,0.139020151,0.114374153,0.106595947,0.119551312,0.131690105,0.125758973,0.12572436,0.106207008,0.117217163,0.113232028,0.110294808,0.07689869,0.107615061,0.117700148,0.124285555,0.12020083,0.114411052,0.093188713,0.12580504,0.121806407,0.104579422,0.118963729,0.11781541,0.080930856,0.125878219,0.129300419,0.124176782,0.113656973,0.118543759,0.080475343,0.110732453,0.120660383,0.125579543,0.117251605,0.112359486,0.117026743,0.109169478,0.119411586,0.126209196,0.11670421,0.118507684,0.110856159,0.107140675,0.113474499,0.105579936,0.11043047,0.128184459,0.120731963,0.115301549,0.127019278,0.126378523,0.10598794,0.106715671,0.102809843,0.119426821,0.101043365,0.127235458,0.124024764,0.122753598,0.132524144,0.114485407,0.106825154,0.121701446,0.102763873,0.100030058,0.108390325,0.128725103,0.117727135,0.11542668,0.122623194,0.115172114,0.095412153,0.129762988,0.105737011,0.125345382,0.110703266,0.11500023,0.112214584,0.131066934,0.109800756,0.118236004,0.118650774,0.090504079,0.09581019,0.124963699,0.11483851,0.116938569,0.136488839,0.125731596,0.131861273,0.107787738,0.124630186,0.115470792,0.125227765,0.12400054,0.106266564,0.132885964,0.113827405,0.108375802,0.145249113,0.108851778,0.111189076,0.122720451,0.120689025,0.122921141,0.099528854,0.090093898,0.119424372,0.130513542,0.128479138,0.125457631,0.118566152,0.100193084,0.107715379,0.118499993,0.122011875,0.101648456,0.127213321,0.112675391,0.111760637,0.109370423,0.116885499,0.121833766,0.104675248,0.133297997,0.126081701,0.119049978,0.118715687,0.10353899,0.128084462,0.116025209,0.118637837,0.128690182,0.128534685,0.117059205,0.116903657,0.119385162,0.130982226,0.115737365,0.120292529,0.120702974,0.130227604,0.109149684,0.118208946,0.07779063,0.096033687,0.123854405,0.085446194,0.12584476,0.113180956,0.109876027,0.124149437,0.119633102,0.111285212,0.107872376,0.111594987,0.122650632,0.121627748,0.114382075,0.117319182,0.108362203,0.12342427
28,1.8,0.119657951,0.130190466,0.107530104,0.125679375,0.124121563,0.125426271,0.102968715,0.120777163,0.107366952,0.113447365,0.121903899,0.110144267,0.110543529,0.081521336,0.11446308,0.092636128,0.094457284,0.119547912,0.117176102,0.11597919,0.116386299,0.108525223,0.131000007,0.119797334,0.118461412,0.117271532,0.138171911,0.126765968,0.116283652,0.128055773,0.127721376,0.129872841,0.107575097,0.102626123,0.112313237,0.117972617,0.110479172,0.081061374,0.111918655,0.125497386,0.126011236,0.107548441,0.103212852,0.101387689,0.126228222,0.125610717,0.099071945,0.113706619,0.118472349,0.08217219,0.131301956,0.125977229,0.126702723,0.111137687,0.128845072,0.085740764,0.12733322,0.104642525,0.1330439,0.097704768,0.118258234,0.125674036,0.100470777,0.11269415,0.127362605,0.115868105,0.132140254,0.102242298,0.106867377,0.09569211,0.104846967,0.117857206,0.11828985,0.115078807,0.105425785,0.123477654,0.117851617,0.10793972,0.109288164,0.123182594,0.122294034,0.094422651,0.125336267,0.126384327,0.13266013,0.129167146,0.109120659,0.126551475,0.117253026,0.103808865,0.103433061,0.121328142,0.126588333,0.113941747,0.100859624,0.128941422,0.111282036,0.10002125,0.118467392,0.101566303,0.124570057,0.110121066,0.124002531,0.111385121,0.125952228,0.108639893,0.121603657,0.121855846,0.088323943,0.097578767,0.122521752,0.113238521,0.112074251,0.129056719,0.114041833,0.132184264,0.118527816,0.133963031,0.124150974,0.130687832,0.121929712,0.106638299,0.126871502,0.099523426,0.103149463,0.137795109,0.109090892,0.117220901,0.126411363,0.117538721,0.118542445,0.097807198,0.092031821,0.113139277,0.126681986,0.135899412,0.115559594,0.114439528,0.10352496,0.110622086,0.1108571,0.127314295,0.085579515,0.116795115,0.107156792,0.111907553,0.116644483,0.110094438,0.109439687,0.096220763,0.137943097,0.121890823,0.123612152,0.125484115,0.095663624,0.134834154,0.125781096,0.118846058,0.120058188,0.120497885,0.118262566,0.12572088,0.119518902,0.121416139,0.106619972,0.115934882,0.118400214,0.126452646,0.100108533,0.113627136,0.079364768,0.096538837,0.12903998,0.089201323,0.116787437,0.126712559,0.11372926,0.122623278,0.118529431,0.103243396,0.115459457,0.100158393,0.12966098,0.120160121,0.117236962,0.112821023,0.125305012,0.121337993
29,1.9,0.117610395,0.135010226,0.116910442,0.111068392,0.121180329,0.121836084,0.116826969,0.113036543,0.097929876,0.114529635,0.115456731,0.116645903,0.109051518,0.084337588,0.125454695,0.090645862,0.099519949,0.115102274,0.110282606,0.105893788,0.11204697,0.102621325,0.12703782,0.134019679,0.114339679,0.103368939,0.13089134,0.122657639,0.119103155,0.124828219,0.136478497,0.128190585,0.105949013,0.101569708,0.13228277,0.120755661,0.106455844,0.074497205,0.115162942,0.115571831,0.123027189,0.112954066,0.115997317,0.092387487,0.12593319,0.112002061,0.103762244,0.116810339,0.122986215,0.092798314,0.1283072,0.125688855,0.120784153,0.103964582,0.12741409,0.084273167,0.123353412,0.111766185,0.119300267,0.118823655,0.116710198,0.123901118,0.109925645,0.123635805,0.129586695,0.112956834,0.113008855,0.093306423,0.091702881,0.111861491,0.109660228,0.107727118,0.115010019,0.115186141,0.112974761,0.108350362,0.128375626,0.11431757,0.120412209,0.11968259,0.113519209,0.095124546,0.123677956,0.131968362,0.128455347,0.121614821,0.116264464,0.118625282,0.121639254,0.107174259,0.09282214,0.109711879,0.127603413,0.116426151,0.088873498,0.127030585,0.107430877,0.084585451,0.120065424,0.100751574,0.124637337,0.105038268,0.128272915,0.112257907,0.119740969,0.107375294,0.11660531,0.121177206,0.090619721,0.101158711,0.127956259,0.117068691,0.116835696,0.127436496,0.111311256,0.133858603,0.104672134,0.128579907,0.115893919,0.113688462,0.12454253,0.103668385,0.124697204,0.105317101,0.093337672,0.129587764,0.119352538,0.115690763,0.113756393,0.123416846,0.12272255,0.094176649,0.100244027,0.112778408,0.13023601,0.130041274,0.122858438,0.124298096,0.098140299,0.103369904,0.113653095,0.126045416,0.097228763,0.121199236,0.106739502,0.114851889,0.115563335,0.10194473,0.123761786,0.095900273,0.134343258,0.126570609,0.123017166,0.11513633,0.110679783,0.128453773,0.122969154,0.114877794,0.105143762,0.11094526,0.114845329,0.114581232,0.114355723,0.12330238,0.110956948,0.115464969,0.116018598,0.127895699,0.094354307,0.115306933,0.087727517,0.101234002,0.124044594,0.089739672,0.121742031,0.120314504,0.1091349,0.117087659,0.122431297,0.109489533,0.124680321,0.104452649,0.116197621,0.118263074,0.112951934,0.115726926,0.122889001,0.117151661
