,observation,ucl_alpha_0.01,ucl_alpha_0.02,ucl_alpha_0.12000000000000001,ucl_alpha_0.22,ucl_alpha_0.32000000000000006,ucl_alpha_0.42000000000000004,ucl_alpha_0.52,ucl_alpha_0.6200000000000001,ucl_alpha_0.7200000000000001,ucl_alpha_0.8200000000000001,ucl_alpha_0.92,filename,true_positives,drift_predictions
0,114.3357462,1.000533026,1.000533026,1.000533026,1.000533026,1.000533026,1.000533026,1.000533026,1.000533026,1.000533026,1.000533026,1.000533026,102_PaulAnka_60_m.jpg,1,0
1,120.7838883,107.7067811,107.7067811,107.7067811,107.7067811,107.7067811,107.7067811,107.7067811,107.7067811,107.7067811,107.7067811,107.7067811,10638_LuiseRainer_26_f.jpg,0,0
2,110.5369228,899.6862563,899.6862563,899.6862563,899.6862563,899.6862563,899.6862563,899.6862563,899.6862563,899.6862563,899.6862563,899.6862563,10645_LuiseRainer_27_f.jpg,0,1
3,120.1838558,1938.795974,1938.795974,1938.795974,1938.795974,1938.795974,1938.795974,1938.795974,1938.795974,1938.795974,1938.795974,1938.795974,10666_LuiseRainer_28_f.jpg,0,1
4,98.84910963,1316.611166,1316.611166,1316.611166,1316.611166,1316.611166,1316.611166,1316.611166,1316.611166,1316.611166,1316.611166,1316.611166,10671_LuiseRainer_74_f.jpg,0,1
5,103.643975,1927.059628,1927.059628,1927.059628,1927.059628,1927.059628,1927.059628,1927.059628,1927.059628,1927.059628,1927.059628,1927.059628,10674_LuiseRainer_27_f.jpg,0,1
6,119.2546306,67.69819263,67.69819263,67.69819263,67.69819263,67.69819263,67.69819263,67.69819263,67.69819263,67.69819263,67.69819263,67.69819263,10686_LuiseRainer_46_f.jpg,1,0
7,141.9168244,1164.346527,1164.346527,1164.346527,1164.346527,1164.346527,1164.346527,1164.346527,1164.346527,1164.346527,1164.346527,1164.346527,10752_OrnellaMuti_15_f.jpg,1,1
8,119.8222005,4.270549356,4.270549356,4.270549356,4.270549356,4.270549356,4.270549356,4.270549356,4.270549356,4.270549356,4.270549356,4.270549356,10757_OrnellaMuti_21_f.jpg,0,0
9,125.9318499,13.53452272,13.53452272,13.53452272,13.53452272,13.53452272,13.53452272,13.53452272,13.53452272,13.53452272,13.53452272,13.53452272,10762_OrnellaMuti_26_f.jpg,1,0
10,137.1122543,2297.328214,2297.328214,2297.328214,2297.328214,2297.328214,2297.328214,2297.328214,2297.328214,2297.328214,2297.328214,2297.328214,10785_OrnellaMuti_51_f.jpg,1,1
11,137.713476,98.04233818,98.04233818,98.04233818,98.04233818,98.04233818,98.04233818,98.04233818,98.04233818,98.04233818,98.04233818,98.04233818,10789_OrnellaMuti_55_f.jpg,1,0
12,146.9550357,581.8232865,581.8232865,581.8232865,581.8232865,581.8232865,581.8232865,581.8232865,581.8232865,581.8232865,581.8232865,581.8232865,10791_OrnellaMuti_57_f.jpg,1,1
13,158.6022555,1735.699514,1735.699514,1735.699514,1735.699514,1735.699514,1735.699514,1735.699514,1735.699514,1735.699514,1735.699514,1735.699514,11665_MireilleDarc_34_f.jpg,1,1
14,125.4607544,1093.154846,1093.154846,1093.154846,1093.154846,1093.154846,1093.154846,1093.154846,1093.154846,1093.154846,1093.154846,1093.154846,11669_MireilleDarc_38_f.jpg,1,1
15,114.3604634,1758.791998,1758.791998,1758.791998,1758.791998,1758.791998,1758.791998,1758.791998,1758.791998,1758.791998,1758.791998,1758.791998,11678_MireilleDarc_51_f.jpg,1,1
16,140.1181399,174.36329,174.36329,174.36329,174.36329,174.36329,174.36329,174.36329,174.36329,174.36329,174.36329,174.36329,11679_MireilleDarc_54_f.jpg,1,1
17,149.6269161,2796.476059,2796.476059,2796.476059,2796.476059,2796.476059,2796.476059,2796.476059,2796.476059,2796.476059,2796.476059,2796.476059,11683_MireilleDarc_58_f.jpg,1,1
18,127.1738815,65.07292347,65.07292347,65.07292347,65.07292347,65.07292347,65.07292347,65.07292347,65.07292347,65.07292347,65.07292347,65.07292347,11847_BarbaraBouchet_25_f.jpg,0,0
19,140.5337759,5.777599269,5.777599269,5.777599269,5.777599269,5.777599269,5.777599269,5.777599269,5.777599269,5.777599269,5.777599269,5.777599269,11870_BarbaraBouchet_61_f.jpg,1,0
20,147.0752874,188.9517085,188.9517085,188.9517085,188.9517085,188.9517085,188.9517085,188.9517085,188.9517085,188.9517085,188.9517085,188.9517085,11876_BarbaraBouchet_68_f.jpg,1,1
21,147.6275415,0.788058171,0.788058171,0.788058171,0.788058171,0.788058171,0.788058171,0.788058171,0.788058171,0.788058171,0.788058171,0.788058171,11948_AngelaLansbury_20_f.jpg,1,0
22,150.5691315,0.601563442,0.601563442,0.601563442,0.601563442,0.601563442,0.601563442,0.601563442,0.601563442,0.601563442,0.601563442,0.601563442,11959_AngelaLansbury_35_f.jpg,1,0
23,64.93408861,1344.883702,1344.883702,1344.883702,1344.883702,1344.883702,1344.883702,1344.883702,1344.883702,1344.883702,1344.883702,1344.883702,11962_AngelaLansbury_41_f.jpg,1,1
24,152.0696366,324.8927364,324.8927364,324.8927364,324.8927364,324.8927364,324.8927364,324.8927364,324.8927364,324.8927364,324.8927364,324.8927364,11964_AngelaLansbury_46_f.jpg,1,1
25,132.0146177,3791.484979,3791.484979,3791.484979,3791.484979,3791.484979,3791.484979,3791.484979,3791.484979,3791.484979,3791.484979,3791.484979,11971_AngelaLansbury_60_f.jpg,1,1
26,141.3592398,212.7015468,212.7015468,212.7015468,212.7015468,212.7015468,212.7015468,212.7015468,212.7015468,212.7015468,212.7015468,212.7015468,11977_AngelaLansbury_67_f.jpg,1,1
27,148.246853,366.0851538,366.0851538,366.0851538,366.0851538,366.0851538,366.0851538,366.0851538,366.0851538,366.0851538,366.0851538,366.0851538,11984_AngelaLansbury_80_f.jpg,1,1
28,157.4044512,1065.836141,1065.836141,1065.836141,1065.836141,1065.836141,1065.836141,1065.836141,1065.836141,1065.836141,1065.836141,1065.836141,11989_AngelaLansbury_87_f.jpg,1,1
29,125.777094,825.6097736,825.6097736,825.6097736,825.6097736,825.6097736,825.6097736,825.6097736,825.6097736,825.6097736,825.6097736,825.6097736,12024_DebbieReynolds_24_f.jpg,1,1
30,158.484575,865.3187215,865.3187215,865.3187215,865.3187215,865.3187215,865.3187215,865.3187215,865.3187215,865.3187215,865.3187215,865.3187215,12045_DebbieReynolds_69_f.jpg,1,1
31,139.0741287,294.2778915,294.2778915,294.2778915,294.2778915,294.2778915,294.2778915,294.2778915,294.2778915,294.2778915,294.2778915,294.2778915,12055_DebbieReynolds_78_f.jpg,1,1
32,91.79187407,1038.386491,1038.386491,1038.386491,1038.386491,1038.386491,1038.386491,1038.386491,1038.386491,1038.386491,1038.386491,1038.386491,12092_EvaMarieSaint_30_f.jpg,1,1
33,106.2141382,694.2958167,694.2958167,694.2958167,694.2958167,694.2958167,694.2958167,694.2958167,694.2958167,694.2958167,694.2958167,694.2958167,12103_EvaMarieSaint_44_f.jpg,1,1
34,118.126697,1583.670692,1583.670692,1583.670692,1583.670692,1583.670692,1583.670692,1583.670692,1583.670692,1583.670692,1583.670692,1583.670692,12115_EvaMarieSaint_73_f.jpg,1,1
35,125.4889295,606.8189045,606.8189045,606.8189045,606.8189045,606.8189045,606.8189045,606.8189045,606.8189045,606.8189045,606.8189045,606.8189045,12121_EvaMarieSaint_82_f.jpg,1,1
36,115.2766692,903.436866,903.436866,903.436866,903.436866,903.436866,903.436866,903.436866,903.436866,903.436866,903.436866,903.436866,121_MickJagger_18_m.jpg,1,1
37,120.6333723,2750.935021,2750.935021,2750.935021,2750.935021,2750.935021,2750.935021,2750.935021,2750.935021,2750.935021,2750.935021,2750.935021,12329_MyrnaLoy_51_f.jpg,1,1
38,122.0664094,689.3700365,689.3700365,689.3700365,689.3700365,689.3700365,689.3700365,689.3700365,689.3700365,689.3700365,689.3700365,689.3700365,12330_MyrnaLoy_75_f.jpg,1,1
39,111.331535,50.87101272,50.87101272,50.87101272,50.87101272,50.87101272,50.87101272,50.87101272,50.87101272,50.87101272,50.87101272,50.87101272,12337_MyrnaLoy_20_f.jpg,1,0
40,136.944839,44.76441775,44.76441775,44.76441775,44.76441775,44.76441775,44.76441775,44.76441775,44.76441775,44.76441775,44.76441775,44.76441775,12364_MyrnaLoy_67_f.jpg,1,0
41,121.8100932,661.4227952,661.4227952,661.4227952,661.4227952,661.4227952,661.4227952,661.4227952,661.4227952,661.4227952,661.4227952,661.4227952,12376_MyrnaLoy_33_f.jpg,1,1
42,131.0853099,1366.698847,1366.698847,1366.698847,1366.698847,1366.698847,1366.698847,1366.698847,1366.698847,1366.698847,1366.698847,1366.698847,12425_AngieDickinson_47_f.jpg,1,1
43,78.58353998,1831.920393,1831.920393,1831.920393,1831.920393,1831.920393,1831.920393,1831.920393,1831.920393,1831.920393,1831.920393,1831.920393,12438_AngieDickinson_31_f.jpg,1,1
44,134.2098525,325.890028,325.890028,325.890028,325.890028,325.890028,325.890028,325.890028,325.890028,325.890028,325.890028,325.890028,12445_AngieDickinson_42_f.jpg,1,1
45,154.6148689,51.68799867,51.68799867,51.68799867,51.68799867,51.68799867,51.68799867,51.68799867,51.68799867,51.68799867,51.68799867,51.68799867,12457_AngieDickinson_76_f.jpg,1,0
46,116.3251936,315.7097237,315.7097237,315.7097237,315.7097237,315.7097237,315.7097237,315.7097237,315.7097237,315.7097237,315.7097237,315.7097237,12607_FrancesDee_43_f.jpg,1,1
47,125.8181935,643.1681513,643.1681513,643.1681513,643.1681513,643.1681513,643.1681513,643.1681513,643.1681513,643.1681513,643.1681513,643.1681513,12612_FrancesDee_83_f.jpg,1,1
48,140.3992579,115.8038456,115.8038456,115.8038456,115.8038456,115.8038456,115.8038456,115.8038456,115.8038456,115.8038456,115.8038456,115.8038456,12613_FrancesDee_89_f.jpg,1,0
49,74.66969073,21.91793105,21.91793105,21.91793105,21.91793105,21.91793105,21.91793105,21.91793105,21.91793105,21.91793105,21.91793105,21.91793105,13032_GeraldineChaplin_38_f.jpg,0,0
50,139.0308922,791.6931272,791.6931272,791.6931272,791.6931272,791.6931272,791.6931272,791.6931272,791.6931272,791.6931272,791.6931272,791.6931272,13041_GeraldineChaplin_52_f.jpg,1,1
51,154.6593316,57.52889784,57.52889784,57.52889784,57.52889784,57.52889784,57.52889784,57.52889784,57.52889784,57.52889784,57.52889784,57.52889784,13042_GeraldineChaplin_53_f.jpg,0,0
52,142.9207756,284.2576659,284.2576659,284.2576659,284.2576659,284.2576659,284.2576659,284.2576659,284.2576659,284.2576659,284.2576659,284.2576659,13052_GeraldineChaplin_66_f.jpg,1,1
53,128.6950466,444.5422323,444.5422323,444.5422323,444.5422323,444.5422323,444.5422323,444.5422323,444.5422323,444.5422323,444.5422323,444.5422323,13417_DanielleDarrieux_36_f.jpg,1,1
54,96.42247896,782.8878425,782.8878425,782.8878425,782.8878425,782.8878425,782.8878425,782.8878425,782.8878425,782.8878425,782.8878425,782.8878425,13419_DanielleDarrieux_38_f.jpg,1,1
55,111.3556383,459.5386029,459.5386029,459.5386029,459.5386029,459.5386029,459.5386029,459.5386029,459.5386029,459.5386029,459.5386029,459.5386029,13420_DanielleDarrieux_40_f.jpg,1,1
56,155.4734484,198.0656718,198.0656718,198.0656718,198.0656718,198.0656718,198.0656718,198.0656718,198.0656718,198.0656718,198.0656718,198.0656718,13436_DanielleDarrieux_64_f.jpg,1,1
57,148.7333881,51.97721326,51.97721326,51.97721326,51.97721326,51.97721326,51.97721326,51.97721326,51.97721326,51.97721326,51.97721326,51.97721326,13437_DanielleDarrieux_65_f.jpg,1,0
58,86.85536749,3355.759912,3355.759912,3355.759912,3355.759912,3355.759912,3355.759912,3355.759912,3355.759912,3355.759912,3355.759912,3355.759912,13522_HelenHayes_31_f.jpg,1,1
59,70.78894151,582.7021616,582.7021616,582.7021616,582.7021616,582.7021616,582.7021616,582.7021616,582.7021616,582.7021616,582.7021616,582.7021616,13526_HelenHayes_52_f.jpg,1,1
60,137.9607751,10217.91619,10217.91619,10217.91619,10217.91619,10217.91619,10217.91619,10217.91619,10217.91619,10217.91619,10217.91619,10217.91619,13533_HelenHayes_23_f.jpg,1,1
61,100.5644373,455.0055205,455.0055205,455.0055205,455.0055205,455.0055205,455.0055205,455.0055205,455.0055205,455.0055205,455.0055205,455.0055205,13537_HelenHayes_34_f.jpg,1,1
62,127.9863456,18.58610409,18.58610409,18.58610409,18.58610409,18.58610409,18.58610409,18.58610409,18.58610409,18.58610409,18.58610409,18.58610409,13539_HelenHayes_85_f.jpg,1,0
63,126.2242989,932.0870356,932.0870356,932.0870356,932.0870356,932.0870356,932.0870356,932.0870356,932.0870356,932.0870356,932.0870356,932.0870356,13550_HelenHayes_78_f.jpg,1,1
64,125.1874509,10314.05459,10314.05459,10314.05459,10314.05459,10314.05459,10314.05459,10314.05459,10314.05459,10314.05459,10314.05459,10314.05459,13554_HelenHayes_70_f.jpg,1,1
65,154.5851704,9.055925654,9.055925654,9.055925654,9.055925654,9.055925654,9.055925654,9.055925654,9.055925654,9.055925654,9.055925654,9.055925654,14520_AudreyHepburn_62_f.jpg,1,0
66,131.9691972,596.6585248,596.6585248,596.6585248,596.6585248,596.6585248,596.6585248,596.6585248,596.6585248,596.6585248,596.6585248,596.6585248,14530_AudreyHepburn_24_f.jpg,1,1
67,127.4267941,904.992929,904.992929,904.992929,904.992929,904.992929,904.992929,904.992929,904.992929,904.992929,904.992929,904.992929,14531_AudreyHepburn_24_f.jpg,1,1
68,132.7513222,332.671965,332.671965,332.671965,332.671965,332.671965,332.671965,332.671965,332.671965,332.671965,332.671965,332.671965,14534_AudreyHepburn_25_f.jpg,1,1
69,126.1827899,2857.465686,2857.465686,2857.465686,2857.465686,2857.465686,2857.465686,2857.465686,2857.465686,2857.465686,2857.465686,2857.465686,14537_AudreyHepburn_32_f.jpg,1,1
70,167.2184222,454.7244825,454.7244825,454.7244825,454.7244825,454.7244825,454.7244825,454.7244825,454.7244825,454.7244825,454.7244825,454.7244825,14551_AudreyHepburn_36_f.jpg,1,1
71,111.1651209,438.2948761,438.2948761,438.2948761,438.2948761,438.2948761,438.2948761,438.2948761,438.2948761,438.2948761,438.2948761,438.2948761,15001_AnnMiller_15_f.jpg,1,1
72,137.9950704,2618.599015,2618.599015,2618.599015,2618.599015,2618.599015,2618.599015,2618.599015,2618.599015,2618.599015,2618.599015,2618.599015,15003_AnnMiller_17_f.jpg,1,1
73,70.01356075,1452.303289,1452.303289,1452.303289,1452.303289,1452.303289,1452.303289,1452.303289,1452.303289,1452.303289,1452.303289,1452.303289,15007_AnnMiller_21_f.jpg,0,1
74,132.2066515,33.95579834,33.95579834,33.95579834,33.95579834,33.95579834,33.95579834,33.95579834,33.95579834,33.95579834,33.95579834,33.95579834,15022_AnnMiller_42_f.jpg,1,0
75,122.995567,933.6596353,933.6596353,933.6596353,933.6596353,933.6596353,933.6596353,933.6596353,933.6596353,933.6596353,933.6596353,933.6596353,15032_AnnMiller_60_f.jpg,1,1
76,105.7116899,145.4337717,145.4337717,145.4337717,145.4337717,145.4337717,145.4337717,145.4337717,145.4337717,145.4337717,145.4337717,145.4337717,15260_DyanCannon_40_f.jpg,1,1
77,120.7453061,905.2550304,905.2550304,905.2550304,905.2550304,905.2550304,905.2550304,905.2550304,905.2550304,905.2550304,905.2550304,905.2550304,15276_DyanCannon_67_f.jpg,1,1
78,152.1428855,86.2003312,86.2003312,86.2003312,86.2003312,86.2003312,86.2003312,86.2003312,86.2003312,86.2003312,86.2003312,86.2003312,15277_DyanCannon_68_f.jpg,1,0
79,130.1246493,8856.119659,8856.119659,8856.119659,8856.119659,8856.119659,8856.119659,8856.119659,8856.119659,8856.119659,8856.119659,8856.119659,15279_DyanCannon_70_f.jpg,1,1
80,113.2543585,84.32065286,84.32065286,84.32065286,84.32065286,84.32065286,84.32065286,84.32065286,84.32065286,84.32065286,84.32065286,84.32065286,15281_DyanCannon_72_f.jpg,1,0
81,144.8006664,442.5080793,442.5080793,442.5080793,442.5080793,442.5080793,442.5080793,442.5080793,442.5080793,442.5080793,442.5080793,442.5080793,15283_DyanCannon_75_f.jpg,1,1
82,129.9710734,25.17532006,25.17532006,25.17532006,25.17532006,25.17532006,25.17532006,25.17532006,25.17532006,25.17532006,25.17532006,25.17532006,15289_DyanCannon_32_f.jpg,1,0
83,136.3599789,269.2332973,269.2332973,269.2332973,269.2332973,269.2332973,269.2332973,269.2332973,269.2332973,269.2332973,269.2332973,269.2332973,15369_JanePowell_14_f.jpg,0,1
84,132.2976291,2455.264915,2455.264915,2455.264915,2455.264915,2455.264915,2455.264915,2455.264915,2455.264915,2455.264915,2455.264915,2455.264915,15388_JanePowell_38_f.jpg,1,1
85,120.1370031,7.203007897,7.203007897,7.203007897,7.203007897,7.203007897,7.203007897,7.203007897,7.203007897,7.203007897,7.203007897,7.203007897,15411_JanePowell_74_f.jpg,1,0
86,144.2708337,15.76504369,15.76504369,15.76504369,15.76504369,15.76504369,15.76504369,15.76504369,15.76504369,15.76504369,15.76504369,15.76504369,15414_JanePowell_77_f.jpg,1,0
87,135.0125282,990.9497792,990.9497792,990.9497792,990.9497792,990.9497792,990.9497792,990.9497792,990.9497792,990.9497792,990.9497792,990.9497792,15418_JanePowell_81_f.jpg,1,1
88,85.17550985,3110.008234,3110.008234,3110.008234,3110.008234,3110.008234,3110.008234,3110.008234,3110.008234,3110.008234,3110.008234,3110.008234,15468_JeanetteMacDonald_32_f.jpg,1,1
89,78.28713222,200.4939111,200.4939111,200.4939111,200.4939111,200.4939111,200.4939111,200.4939111,200.4939111,200.4939111,200.4939111,200.4939111,15479_JeanetteMacDonald_39_f.jpg,1,1
90,83.16480851,155.38985,155.38985,155.38985,155.38985,155.38985,155.38985,155.38985,155.38985,155.38985,155.38985,155.38985,15484_JeanetteMacDonald_44_f.jpg,0,1
91,83.513096,458.3544576,458.3544576,458.3544576,458.3544576,458.3544576,458.3544576,458.3544576,458.3544576,458.3544576,458.3544576,458.3544576,15486_JeanetteMacDonald_46_f.jpg,1,1
92,83.513096,458.3544576,458.3544576,458.3544576,458.3544576,458.3544576,458.3544576,458.3544576,458.3544576,458.3544576,458.3544576,458.3544576,15502_JeanetteMacDonald_43_f.jpg,1,1
93,147.4968411,482.8653667,482.8653667,482.8653667,482.8653667,482.8653667,482.8653667,482.8653667,482.8653667,482.8653667,482.8653667,482.8653667,15514_JeanetteMacDonald_59_f.jpg,1,1
94,83.88762055,3336.624465,3336.624465,3336.624465,3336.624465,3336.624465,3336.624465,3336.624465,3336.624465,3336.624465,3336.624465,3336.624465,15576_KateOMara_20_f.jpg,1,1
95,89.21530023,1854.971499,1854.971499,1854.971499,1854.971499,1854.971499,1854.971499,1854.971499,1854.971499,1854.971499,1854.971499,1854.971499,15577_KateOMara_21_f.jpg,0,1
96,129.5941469,451.908555,451.908555,451.908555,451.908555,451.908555,451.908555,451.908555,451.908555,451.908555,451.908555,451.908555,15585_KateOMara_29_f.jpg,1,1
97,129.4158874,615.1598634,615.1598634,615.1598634,615.1598634,615.1598634,615.1598634,615.1598634,615.1598634,615.1598634,615.1598634,615.1598634,15592_KateOMara_36_f.jpg,1,1
98,109.5658161,719.5929656,719.5929656,719.5929656,719.5929656,719.5929656,719.5929656,719.5929656,719.5929656,719.5929656,719.5929656,719.5929656,15599_KateOMara_43_f.jpg,1,1
99,126.0321495,417.6431978,417.6431978,417.6431978,417.6431978,417.6431978,417.6431978,417.6431978,417.6431978,417.6431978,417.6431978,417.6431978,15606_KateOMara_50_f.jpg,1,1
100,153.3868082,444.4706808,444.4706808,444.4706808,444.4706808,444.4706808,444.4706808,444.4706808,444.4706808,444.4706808,444.4706808,444.4706808,15608_KateOMara_52_f.jpg,1,1
101,116.1784188,267.8267235,267.8267235,267.8267235,267.8267235,267.8267235,267.8267235,267.8267235,267.8267235,267.8267235,267.8267235,267.8267235,1663_BobDylan_33_m.jpg,1,1
102,101.5563761,599.6146333,599.6146333,599.6146333,599.6146333,599.6146333,599.6146333,599.6146333,599.6146333,599.6146333,599.6146333,599.6146333,1686_BobDylan_72_m.jpg,1,1
103,103.1097524,1717.534133,1717.534133,1717.534133,1717.534133,1717.534133,1717.534133,1717.534133,1717.534133,1717.534133,1717.534133,1717.534133,1831_TomJones_23_m.jpg,0,1
104,63.24472578,851.0474085,851.0474085,851.0474085,851.0474085,851.0474085,851.0474085,851.0474085,851.0474085,851.0474085,851.0474085,851.0474085,1837_TomJones_28_m.jpg,1,1
105,139.8015017,1.216912445,1.216912445,1.216912445,1.216912445,1.216912445,1.216912445,1.216912445,1.216912445,1.216912445,1.216912445,1.216912445,1852_TomJones_59_m.jpg,1,0
106,129.5352366,27.66008818,27.66008818,27.66008818,27.66008818,27.66008818,27.66008818,27.66008818,27.66008818,27.66008818,27.66008818,27.66008818,1857_TomJones_64_m.jpg,1,0
107,140.5315906,581.6526024,581.6526024,581.6526024,581.6526024,581.6526024,581.6526024,581.6526024,581.6526024,581.6526024,581.6526024,581.6526024,1859_TomJones_66_m.jpg,1,1
108,165.0944413,402.190053,402.190053,402.190053,402.190053,402.190053,402.190053,402.190053,402.190053,402.190053,402.190053,402.190053,1908_EdwardFox_34_m.jpg,1,1
109,159.499475,175.6616506,175.6616506,175.6616506,175.6616506,175.6616506,175.6616506,175.6616506,175.6616506,175.6616506,175.6616506,175.6616506,1924_EdwardFox_53_m.jpg,1,1
110,123.5840672,35.74303433,35.74303433,35.74303433,35.74303433,35.74303433,35.74303433,35.74303433,35.74303433,35.74303433,35.74303433,35.74303433,1930_EdwardFox_63_m.jpg,1,0
111,145.1730724,292.3425537,292.3425537,292.3425537,292.3425537,292.3425537,292.3425537,292.3425537,292.3425537,292.3425537,292.3425537,292.3425537,1939_EdwardFox_76_m.jpg,1,1
112,140.8656407,210.1135585,210.1135585,210.1135585,210.1135585,210.1135585,210.1135585,210.1135585,210.1135585,210.1135585,210.1135585,210.1135585,1981_JamesCaan_27_m.jpg,0,1
113,114.1330671,295.78736,295.78736,295.78736,295.78736,295.78736,295.78736,295.78736,295.78736,295.78736,295.78736,295.78736,1988_JamesCaan_32_m.jpg,0,1
114,163.9684819,52.51247919,52.51247919,52.51247919,52.51247919,52.51247919,52.51247919,52.51247919,52.51247919,52.51247919,52.51247919,52.51247919,2008_JamesCaan_59_m.jpg,1,0
115,162.4106995,1153.543405,1153.543405,1153.543405,1153.543405,1153.543405,1153.543405,1153.543405,1153.543405,1153.543405,1153.543405,1153.543405,2019_JamesCaan_73_m.jpg,1,1
116,116.6176722,2493.260688,2493.260688,2493.260688,2493.260688,2493.260688,2493.260688,2493.260688,2493.260688,2493.260688,2493.260688,2493.260688,2055_JonVoight_36_m.jpg,1,1
117,106.8452768,505.0846908,505.0846908,505.0846908,505.0846908,505.0846908,505.0846908,505.0846908,505.0846908,505.0846908,505.0846908,505.0846908,2065_JonVoight_50_m.jpg,1,1
118,141.1189546,805.4765215,805.4765215,805.4765215,805.4765215,805.4765215,805.4765215,805.4765215,805.4765215,805.4765215,805.4765215,805.4765215,2073_JonVoight_60_m.jpg,1,1
119,118.4652894,2570.04285,2570.04285,2570.04285,2570.04285,2570.04285,2570.04285,2570.04285,2570.04285,2570.04285,2570.04285,2570.04285,2076_JonVoight_62_m.jpg,1,1
120,120.8760414,27.67000918,27.67000918,27.67000918,27.67000918,27.67000918,27.67000918,27.67000918,27.67000918,27.67000918,27.67000918,27.67000918,2077_JonVoight_64_m.jpg,1,0
121,138.3978759,4206.388713,4206.388713,4206.388713,4206.388713,4206.388713,4206.388713,4206.388713,4206.388713,4206.388713,4206.388713,4206.388713,2088_JonVoight_74_m.jpg,1,1
122,89.60987674,898.4201125,898.4201125,898.4201125,898.4201125,898.4201125,898.4201125,898.4201125,898.4201125,898.4201125,898.4201125,898.4201125,2097_MelBrooks_40_m.jpg,0,1
123,126.4134285,74.39259302,74.39259302,74.39259302,74.39259302,74.39259302,74.39259302,74.39259302,74.39259302,74.39259302,74.39259302,74.39259302,2105_MelBrooks_52_m.jpg,1,0
124,134.6801227,20.33635733,20.33635733,20.33635733,20.33635733,20.33635733,20.33635733,20.33635733,20.33635733,20.33635733,20.33635733,20.33635733,2121_MelBrooks_77_m.jpg,1,0
125,114.7858394,494.4711098,494.4711098,494.4711098,494.4711098,494.4711098,494.4711098,494.4711098,494.4711098,494.4711098,494.4711098,494.4711098,2124_MelBrooks_80_m.jpg,1,1
126,138.3515858,0.383254432,0.383254432,0.383254432,0.383254432,0.383254432,0.383254432,0.383254432,0.383254432,0.383254432,0.383254432,0.383254432,2709_KevinBacon_27_m.jpg,1,0
127,85.37307199,68.34536126,68.34536126,68.34536126,68.34536126,68.34536126,68.34536126,68.34536126,68.34536126,68.34536126,68.34536126,68.34536126,2720_KevinBacon_37_m.jpg,0,0
128,124.211995,75.65609528,75.65609528,75.65609528,75.65609528,75.65609528,75.65609528,75.65609528,75.65609528,75.65609528,75.65609528,75.65609528,2732_KevinBacon_48_m.jpg,1,0
129,127.2059688,6.434324906,6.434324906,6.434324906,6.434324906,6.434324906,6.434324906,6.434324906,6.434324906,6.434324906,6.434324906,6.434324906,2737_KevinBacon_52_m.jpg,1,0
130,141.6811112,245.1361555,245.1361555,245.1361555,245.1361555,245.1361555,245.1361555,245.1361555,245.1361555,245.1361555,245.1361555,245.1361555,2785_MickJagger_47_m.jpg,1,1
131,100.4545027,2758.685368,2758.685368,2758.685368,2758.685368,2758.685368,2758.685368,2758.685368,2758.685368,2758.685368,2758.685368,2758.685368,2792_MickJagger_63_m.jpg,1,1
132,121.7167166,740.4306247,740.4306247,740.4306247,740.4306247,740.4306247,740.4306247,740.4306247,740.4306247,740.4306247,740.4306247,740.4306247,2793_MickJagger_64_m.jpg,1,1
133,129.4480761,327.7893095,327.7893095,327.7893095,327.7893095,327.7893095,327.7893095,327.7893095,327.7893095,327.7893095,327.7893095,327.7893095,2794_MickJagger_66_m.jpg,1,1
134,82.77760765,1310.52573,1310.52573,1310.52573,1310.52573,1310.52573,1310.52573,1310.52573,1310.52573,1310.52573,1310.52573,1310.52573,3556_MichaelYork_13_m.jpg,0,1
135,125.5858939,351.2685664,351.2685664,351.2685664,351.2685664,351.2685664,351.2685664,351.2685664,351.2685664,351.2685664,351.2685664,351.2685664,3579_MichaelYork_50_m.jpg,1,1
136,148.4228353,304.4942997,304.4942997,304.4942997,304.4942997,304.4942997,304.4942997,304.4942997,304.4942997,304.4942997,304.4942997,304.4942997,3581_MichaelYork_52_m.jpg,1,1
137,149.5138182,2.796838442,2.796838442,2.796838442,2.796838442,2.796838442,2.796838442,2.796838442,2.796838442,2.796838442,2.796838442,2.796838442,3589_MichaelYork_61_m.jpg,1,0
138,127.6690906,23.2532383,23.2532383,23.2532383,23.2532383,23.2532383,23.2532383,23.2532383,23.2532383,23.2532383,23.2532383,23.2532383,3591_MichaelYork_63_m.jpg,1,0
139,125.1213227,144.9686605,144.9686605,144.9686605,144.9686605,144.9686605,144.9686605,144.9686605,144.9686605,144.9686605,144.9686605,144.9686605,3593_MichaelYork_65_m.jpg,1,1
140,154.8721573,11.46451855,11.46451855,11.46451855,11.46451855,11.46451855,11.46451855,11.46451855,11.46451855,11.46451855,11.46451855,11.46451855,3596_MichaelYork_70_m.jpg,0,0
141,130.930593,216.0282506,216.0282506,216.0282506,216.0282506,216.0282506,216.0282506,216.0282506,216.0282506,216.0282506,216.0282506,216.0282506,4131_GenaRowlands_35_m.jpg,0,1
142,138.8948368,543.3395873,543.3395873,543.3395873,543.3395873,543.3395873,543.3395873,543.3395873,543.3395873,543.3395873,543.3395873,543.3395873,4138_GenaRowlands_48_m.jpg,1,1
143,139.220068,146.9877797,146.9877797,146.9877797,146.9877797,146.9877797,146.9877797,146.9877797,146.9877797,146.9877797,146.9877797,146.9877797,4159_GenaRowlands_77_m.jpg,1,1
144,80.49267726,777.290315,777.290315,777.290315,777.290315,777.290315,777.290315,777.290315,777.290315,777.290315,777.290315,777.290315,4736_MichelPiccoli_34_m.jpg,1,1
145,145.1451376,15.76816766,15.76816766,15.76816766,15.76816766,15.76816766,15.76816766,15.76816766,15.76816766,15.76816766,15.76816766,15.76816766,4757_MichelPiccoli_51_m.jpg,1,0
146,124.4831541,2416.203728,2416.203728,2416.203728,2416.203728,2416.203728,2416.203728,2416.203728,2416.203728,2416.203728,2416.203728,2416.203728,4885_RomanPolanski_33_m.jpg,1,1
147,131.0099002,773.1693869,773.1693869,773.1693869,773.1693869,773.1693869,773.1693869,773.1693869,773.1693869,773.1693869,773.1693869,773.1693869,4918_RomanPolanski_73_m.jpg,0,1
148,133.9438996,18.68667992,18.68667992,18.68667992,18.68667992,18.68667992,18.68667992,18.68667992,18.68667992,18.68667992,18.68667992,18.68667992,4921_RomanPolanski_76_m.jpg,1,0
149,138.7783428,1232.288459,1232.288459,1232.288459,1232.288459,1232.288459,1232.288459,1232.288459,1232.288459,1232.288459,1232.288459,1232.288459,4993_WarrenBeatty_23_m.jpg,0,1
150,80.9520334,2452.387279,2452.387279,2452.387279,2452.387279,2452.387279,2452.387279,2452.387279,2452.387279,2452.387279,2452.387279,2452.387279,5009_WarrenBeatty_57_m.jpg,1,1
151,133.0304722,44.97579316,44.97579316,44.97579316,44.97579316,44.97579316,44.97579316,44.97579316,44.97579316,44.97579316,44.97579316,44.97579316,5023_WarrenBeatty_75_m.jpg,1,0
152,101.4449666,3.129851234,3.129851234,3.129851234,3.129851234,3.129851234,3.129851234,3.129851234,3.129851234,3.129851234,3.129851234,3.129851234,5028_WarrenBeatty_42_m.jpg,0,0
153,151.068542,339.5245677,339.5245677,339.5245677,339.5245677,339.5245677,339.5245677,339.5245677,339.5245677,339.5245677,339.5245677,339.5245677,5067_AnthonyHopkins_32_m.jpg,1,1
154,125.9284384,0.493016608,0.493016608,0.493016608,0.493016608,0.493016608,0.493016608,0.493016608,0.493016608,0.493016608,0.493016608,0.493016608,5079_AnthonyHopkins_54_m.jpg,1,0
155,146.4871261,2467.314488,2467.314488,2467.314488,2467.314488,2467.314488,2467.314488,2467.314488,2467.314488,2467.314488,2467.314488,2467.314488,5096_AnthonyHopkins_72_m.jpg,1,1
156,155.3794792,1616.785444,1616.785444,1616.785444,1616.785444,1616.785444,1616.785444,1616.785444,1616.785444,1616.785444,1616.785444,1616.785444,5109_AnthonyHopkins_76_m.jpg,1,1
157,130.7048554,302.7112126,302.7112126,302.7112126,302.7112126,302.7112126,302.7112126,302.7112126,302.7112126,302.7112126,302.7112126,302.7112126,5594_PeterFalk_39_m.jpg,1,1
158,137.2857405,23.17073148,23.17073148,23.17073148,23.17073148,23.17073148,23.17073148,23.17073148,23.17073148,23.17073148,23.17073148,23.17073148,5601_PeterFalk_47_m.jpg,1,0
159,125.6598236,240.6979105,240.6979105,240.6979105,240.6979105,240.6979105,240.6979105,240.6979105,240.6979105,240.6979105,240.6979105,240.6979105,5617_PeterFalk_68_m.jpg,1,1
160,133.1398491,987.980303,987.980303,987.980303,987.980303,987.980303,987.980303,987.980303,987.980303,987.980303,987.980303,987.980303,5621_PeterFalk_74_m.jpg,1,1
161,150.0645696,206.1230478,206.1230478,206.1230478,206.1230478,206.1230478,206.1230478,206.1230478,206.1230478,206.1230478,206.1230478,206.1230478,5630_PeterFalk_83_m.jpg,1,1
162,117.1562138,218.2005835,218.2005835,218.2005835,218.2005835,218.2005835,218.2005835,218.2005835,218.2005835,218.2005835,218.2005835,218.2005835,5770_BenGazzara_32_m.jpg,1,1
163,136.3269615,1380.337636,1380.337636,1380.337636,1380.337636,1380.337636,1380.337636,1380.337636,1380.337636,1380.337636,1380.337636,1380.337636,5792_BenGazzara_73_m.jpg,1,1
164,148.0088706,160.3374531,160.3374531,160.3374531,160.3374531,160.3374531,160.3374531,160.3374531,160.3374531,160.3374531,160.3374531,160.3374531,5849_HerbertLom_40_m.jpg,1,1
165,142.2575562,22.69297649,22.69297649,22.69297649,22.69297649,22.69297649,22.69297649,22.69297649,22.69297649,22.69297649,22.69297649,22.69297649,5864_HerbertLom_61_m.jpg,1,0
166,123.6917313,2.816993393,2.816993393,2.816993393,2.816993393,2.816993393,2.816993393,2.816993393,2.816993393,2.816993393,2.816993393,2.816993393,5876_HerbertLom_81_m.jpg,1,0
167,136.6066233,340.9874542,340.9874542,340.9874542,340.9874542,340.9874542,340.9874542,340.9874542,340.9874542,340.9874542,340.9874542,340.9874542,5881_HerbertLom_93_m.jpg,1,1
168,138.2641286,706.9769173,706.9769173,706.9769173,706.9769173,706.9769173,706.9769173,706.9769173,706.9769173,706.9769173,706.9769173,706.9769173,6230_DirkBogarde_29_m.jpg,1,1
169,105.1351514,896.3039459,896.3039459,896.3039459,896.3039459,896.3039459,896.3039459,896.3039459,896.3039459,896.3039459,896.3039459,896.3039459,6231_DirkBogarde_31_m.jpg,1,1
170,82.65102689,214.6003022,214.6003022,214.6003022,214.6003022,214.6003022,214.6003022,214.6003022,214.6003022,214.6003022,214.6003022,214.6003022,6245_DirkBogarde_42_m.jpg,1,1
171,110.0876619,1655.05765,1655.05765,1655.05765,1655.05765,1655.05765,1655.05765,1655.05765,1655.05765,1655.05765,1655.05765,1655.05765,6246_DirkBogarde_43_m.jpg,1,1
172,124.4176393,16.07446063,16.07446063,16.07446063,16.07446063,16.07446063,16.07446063,16.07446063,16.07446063,16.07446063,16.07446063,16.07446063,6255_DirkBogarde_56_m.jpg,1,0
173,148.8974379,56.38940384,56.38940384,56.38940384,56.38940384,56.38940384,56.38940384,56.38940384,56.38940384,56.38940384,56.38940384,56.38940384,6262_DirkBogarde_67_m.jpg,1,0
174,134.6030179,413.6391872,413.6391872,413.6391872,413.6391872,413.6391872,413.6391872,413.6391872,413.6391872,413.6391872,413.6391872,413.6391872,6472_JohnnyCash_10_m.jpg,0,1
175,163.8524266,10.99361797,10.99361797,10.99361797,10.99361797,10.99361797,10.99361797,10.99361797,10.99361797,10.99361797,10.99361797,10.99361797,6485_JohnnyCash_40_m.jpg,1,0
176,155.0765247,789.0611889,789.0611889,789.0611889,789.0611889,789.0611889,789.0611889,789.0611889,789.0611889,789.0611889,789.0611889,789.0611889,6493_JohnnyCash_69_m.jpg,1,1
177,108.103878,1358.091386,1358.091386,1358.091386,1358.091386,1358.091386,1358.091386,1358.091386,1358.091386,1358.091386,1358.091386,1358.091386,6494_JohnnyCash_29_m.jpg,1,1
178,128.0297436,842.7648066,842.7648066,842.7648066,842.7648066,842.7648066,842.7648066,842.7648066,842.7648066,842.7648066,842.7648066,842.7648066,6497_JohnnyCash_35_m.jpg,1,1
179,142.3697867,320.5019995,320.5019995,320.5019995,320.5019995,320.5019995,320.5019995,320.5019995,320.5019995,320.5019995,320.5019995,320.5019995,6676_PeterGraves_34_m.jpg,1,1
180,130.4794844,1550.150905,1550.150905,1550.150905,1550.150905,1550.150905,1550.150905,1550.150905,1550.150905,1550.150905,1550.150905,1550.150905,6681_PeterGraves_41_m.jpg,1,1
181,152.3204598,3049.876494,3049.876494,3049.876494,3049.876494,3049.876494,3049.876494,3049.876494,3049.876494,3049.876494,3049.876494,3049.876494,6682_PeterGraves_43_m.jpg,0,1
182,137.7097111,4.160485849,4.160485849,4.160485849,4.160485849,4.160485849,4.160485849,4.160485849,4.160485849,4.160485849,4.160485849,4.160485849,6698_PeterGraves_82_m.jpg,1,0
183,134.3853526,468.2399077,468.2399077,468.2399077,468.2399077,468.2399077,468.2399077,468.2399077,468.2399077,468.2399077,468.2399077,468.2399077,6700_PeterGraves_46_m.jpg,1,1
184,135.0221083,843.7210969,843.7210969,843.7210969,843.7210969,843.7210969,843.7210969,843.7210969,843.7210969,843.7210969,843.7210969,843.7210969,6703_PeterGraves_54_m.jpg,1,1
185,142.5961252,2148.186919,2148.186919,2148.186919,2148.186919,2148.186919,2148.186919,2148.186919,2148.186919,2148.186919,2148.186919,2148.186919,6792_RoyScheider_39_m.jpg,1,1
186,143.9061648,1436.765768,1436.765768,1436.765768,1436.765768,1436.765768,1436.765768,1436.765768,1436.765768,1436.765768,1436.765768,1436.765768,6806_RoyScheider_56_m.jpg,1,1
187,93.53524763,1710.093044,1710.093044,1710.093044,1710.093044,1710.093044,1710.093044,1710.093044,1710.093044,1710.093044,1710.093044,1710.093044,6811_RoyScheider_65_m.jpg,1,1
188,139.9195898,168.4249802,168.4249802,168.4249802,168.4249802,168.4249802,168.4249802,168.4249802,168.4249802,168.4249802,168.4249802,168.4249802,6992_ChristopherWalken_29_m.jpg,1,1
189,114.9415706,87.25336718,87.25336718,87.25336718,87.25336718,87.25336718,87.25336718,87.25336718,87.25336718,87.25336718,87.25336718,87.25336718,7012_ChristopherWalken_50_m.jpg,0,0
190,142.2658358,544.1623763,544.1623763,544.1623763,544.1623763,544.1623763,544.1623763,544.1623763,544.1623763,544.1623763,544.1623763,544.1623763,7016_ChristopherWalken_56_m.jpg,1,1
191,160.2547288,22.30320974,22.30320974,22.30320974,22.30320974,22.30320974,22.30320974,22.30320974,22.30320974,22.30320974,22.30320974,22.30320974,7098_GladysCooper_15_m.jpg,1,0
192,155.2812682,697.0425487,697.0425487,697.0425487,697.0425487,697.0425487,697.0425487,697.0425487,697.0425487,697.0425487,697.0425487,697.0425487,7121_GladysCooper_74_m.jpg,1,1
193,115.3930602,1082.896353,1082.896353,1082.896353,1082.896353,1082.896353,1082.896353,1082.896353,1082.896353,1082.896353,1082.896353,1082.896353,7401_MickeyRooney_8_m.jpg,0,1
194,124.5361271,17.60983408,17.60983408,17.60983408,17.60983408,17.60983408,17.60983408,17.60983408,17.60983408,17.60983408,17.60983408,17.60983408,7402_MickeyRooney_10_m.jpg,0,0
195,141.0047375,428.1990559,428.1990559,428.1990559,428.1990559,428.1990559,428.1990559,428.1990559,428.1990559,428.1990559,428.1990559,428.1990559,7410_MickeyRooney_23_m.jpg,1,1
196,106.8406263,366.5166626,366.5166626,366.5166626,366.5166626,366.5166626,366.5166626,366.5166626,366.5166626,366.5166626,366.5166626,366.5166626,7416_MickeyRooney_33_m.jpg,0,1
197,145.5204667,374.6178862,374.6178862,374.6178862,374.6178862,374.6178862,374.6178862,374.6178862,374.6178862,374.6178862,374.6178862,374.6178862,7431_MickeyRooney_63_m.jpg,1,1
198,154.3339303,33.57916668,33.57916668,33.57916668,33.57916668,33.57916668,33.57916668,33.57916668,33.57916668,33.57916668,33.57916668,33.57916668,7436_MickeyRooney_77_m.jpg,1,0
199,145.0602556,104.9746906,104.9746906,104.9746906,104.9746906,104.9746906,104.9746906,104.9746906,104.9746906,104.9746906,104.9746906,104.9746906,7437_MickeyRooney_78_m.jpg,1,0
200,113.8377245,191.922577,191.922577,191.922577,191.922577,191.922577,191.922577,191.922577,191.922577,191.922577,191.922577,191.922577,7764_AlbertoSordi_45_m.jpg,1,1
201,103.5283616,65.44533781,65.44533781,65.44533781,65.44533781,65.44533781,65.44533781,65.44533781,65.44533781,65.44533781,65.44533781,65.44533781,7766_AlbertoSordi_50_m.jpg,1,0
202,168.4172142,329.0501401,329.0501401,329.0501401,329.0501401,329.0501401,329.0501401,329.0501401,329.0501401,329.0501401,329.0501401,329.0501401,7779_AlbertoSordi_76_m.jpg,1,1
203,147.3229818,27.9072603,27.9072603,27.9072603,27.9072603,27.9072603,27.9072603,27.9072603,27.9072603,27.9072603,27.9072603,27.9072603,8305_RichardCrenna_18_m.jpg,1,0
204,113.1897585,965.908401,965.908401,965.908401,965.908401,965.908401,965.908401,965.908401,965.908401,965.908401,965.908401,965.908401,8308_RichardCrenna_28_m.jpg,0,1
205,150.3808067,84.21237804,84.21237804,84.21237804,84.21237804,84.21237804,84.21237804,84.21237804,84.21237804,84.21237804,84.21237804,84.21237804,8338_RichardCrenna_64_m.jpg,1,0
206,105.1399583,328.8276495,328.8276495,328.8276495,328.8276495,328.8276495,328.8276495,328.8276495,328.8276495,328.8276495,328.8276495,328.8276495,85_PaulAnka_65_m.jpg,1,1
207,170.1915289,61.38181755,61.38181755,61.38181755,61.38181755,61.38181755,61.38181755,61.38181755,61.38181755,61.38181755,61.38181755,61.38181755,8825_ArnoldSchwarzenegger_32_m.jpg,1,0
208,92.9262495,4360.235358,4360.235358,4360.235358,4360.235358,4360.235358,4360.235358,4360.235358,4360.235358,4360.235358,4360.235358,4360.235358,8833_ArnoldSchwarzenegger_41_m.jpg,0,1
209,135.7624597,23.83776243,23.83776243,23.83776243,23.83776243,23.83776243,23.83776243,23.83776243,23.83776243,23.83776243,23.83776243,23.83776243,8843_ArnoldSchwarzenegger_54_m.jpg,1,0
210,149.1583898,1389.353906,1389.353906,1389.353906,1389.353906,1389.353906,1389.353906,1389.353906,1389.353906,1389.353906,1389.353906,1389.353906,8852_ArnoldSchwarzenegger_61_m.jpg,1,1
211,111.8143227,350.9686285,350.9686285,350.9686285,350.9686285,350.9686285,350.9686285,350.9686285,350.9686285,350.9686285,350.9686285,350.9686285,88_PaulAnka_67_m.jpg,1,1
212,130.7698197,567.0468205,567.0468205,567.0468205,567.0468205,567.0468205,567.0468205,567.0468205,567.0468205,567.0468205,567.0468205,567.0468205,8948_FredMacMurray_28_m.jpg,1,1
213,109.8719185,3425.214993,3425.214993,3425.214993,3425.214993,3425.214993,3425.214993,3425.214993,3425.214993,3425.214993,3425.214993,3425.214993,8950_FredMacMurray_31_m.jpg,1,1
214,104.3135266,1363.981621,1363.981621,1363.981621,1363.981621,1363.981621,1363.981621,1363.981621,1363.981621,1363.981621,1363.981621,1363.981621,8964_FredMacMurray_51_m.jpg,1,1
215,119.0876449,615.035441,615.035441,615.035441,615.035441,615.035441,615.035441,615.035441,615.035441,615.035441,615.035441,615.035441,8978_FredMacMurray_74_m.jpg,1,1
216,131.9783922,1361.706507,1361.706507,1361.706507,1361.706507,1361.706507,1361.706507,1361.706507,1361.706507,1361.706507,1361.706507,1361.706507,9043_JeanClaudeVanDamme_28_m.jpg,1,1
217,137.0678133,69.94217264,69.94217264,69.94217264,69.94217264,69.94217264,69.94217264,69.94217264,69.94217264,69.94217264,69.94217264,69.94217264,9062_JeanClaudeVanDamme_44_m.jpg,1,0
218,147.2603242,508.3057237,508.3057237,508.3057237,508.3057237,508.3057237,508.3057237,508.3057237,508.3057237,508.3057237,508.3057237,508.3057237,9066_JeanClaudeVanDamme_51_m.jpg,1,1
219,124.2014994,3074.659388,3074.659388,3074.659388,3074.659388,3074.659388,3074.659388,3074.659388,3074.659388,3074.659388,3074.659388,3074.659388,9068_JeanClaudeVanDamme_52_m.jpg,1,1
220,120.5714115,3755.71111,3755.71111,3755.71111,3755.71111,3755.71111,3755.71111,3755.71111,3755.71111,3755.71111,3755.71111,3755.71111,9072_JeanClaudeVanDamme_43_m.jpg,1,1
221,122.4817308,165.8179033,165.8179033,165.8179033,165.8179033,165.8179033,165.8179033,165.8179033,165.8179033,165.8179033,165.8179033,165.8179033,9079_JeanClaudeVanDamme_53_m.jpg,1,1
222,131.0473365,787.0541581,787.0541581,787.0541581,787.0541581,787.0541581,787.0541581,787.0541581,787.0541581,787.0541581,787.0541581,787.0541581,90_PaulAnka_70_m.jpg,1,1
223,95.09276285,139.9262529,139.9262529,139.9262529,139.9262529,139.9262529,139.9262529,139.9262529,139.9262529,139.9262529,139.9262529,139.9262529,9570_MarcelloMastroianni_28_m.jpg,1,1
224,131.9250637,27.04437759,27.04437759,27.04437759,27.04437759,27.04437759,27.04437759,27.04437759,27.04437759,27.04437759,27.04437759,27.04437759,9574_MarcelloMastroianni_32_m.jpg,1,0
225,150.5590885,113.785082,113.785082,113.785082,113.785082,113.785082,113.785082,113.785082,113.785082,113.785082,113.785082,113.785082,9602_MarcelloMastroianni_65_m.jpg,1,0
226,164.6208425,26.6132668,26.6132668,26.6132668,26.6132668,26.6132668,26.6132668,26.6132668,26.6132668,26.6132668,26.6132668,26.6132668,9608_MarcelloMastroianni_71_m.jpg,1,0
227,144.5409371,80.62252003,80.62252003,80.62252003,80.62252003,80.62252003,80.62252003,80.62252003,80.62252003,80.62252003,80.62252003,80.62252003,9701_DorisDay_48_f.jpg,1,0
228,136.0547924,22.52493144,22.52493144,22.52493144,22.52493144,22.52493144,22.52493144,22.52493144,22.52493144,22.52493144,22.52493144,22.52493144,9707_DorisDay_38_f.jpg,1,0
229,118.9310757,1.011675232,1.011675232,1.011675232,1.011675232,1.011675232,1.011675232,1.011675232,1.011675232,1.011675232,1.011675232,1.011675232,9715_DorisDay_29_f.jpg,1,0
230,117.3424119,740.9221778,740.9221778,740.9221778,740.9221778,740.9221778,740.9221778,740.9221778,740.9221778,740.9221778,740.9221778,740.9221778,9722_DorisDay_36_f.jpg,1,1
231,135.2287035,1953.807649,1953.807649,1953.807649,1953.807649,1953.807649,1953.807649,1953.807649,1953.807649,1953.807649,1953.807649,1953.807649,9729_DorisDay_46_f.jpg,0,1
232,156.3574095,108.2865345,108.2865345,108.2865345,108.2865345,108.2865345,108.2865345,108.2865345,108.2865345,108.2865345,108.2865345,108.2865345,9737_DorisDay_65_f.jpg,1,0
233,153.9854776,405.0645476,405.0645476,405.0645476,405.0645476,405.0645476,405.0645476,405.0645476,405.0645476,405.0645476,405.0645476,405.0645476,9740_DorisDay_68_f.jpg,1,1
234,144.0108854,552.9134372,552.9134372,552.9134372,552.9134372,552.9134372,552.9134372,552.9134372,552.9134372,552.9134372,552.9134372,552.9134372,9753_TomJones_24_f.jpg,1,1
235,125.4615809,100.4020466,100.4020466,100.4020466,100.4020466,100.4020466,100.4020466,100.4020466,100.4020466,100.4020466,100.4020466,100.4020466,9764_TomJones_38_f.jpg,1,0
236,112.1892919,0.963898147,0.963898147,0.963898147,0.963898147,0.963898147,0.963898147,0.963898147,0.963898147,0.963898147,0.963898147,0.963898147,9782_TomJones_68_f.jpg,1,0
237,140.031478,0.83542468,0.83542468,0.83542468,0.83542468,0.83542468,0.83542468,0.83542468,0.83542468,0.83542468,0.83542468,0.83542468,9783_TomJones_69_f.jpg,1,0
238,86.16999227,2922.162938,2922.162938,2922.162938,2922.162938,2922.162938,2922.162938,2922.162938,2922.162938,2922.162938,2922.162938,2922.162938,99_PaulAnka_46_m.jpg,0,1
