,drift_beta,10638_LuiseRainer_26_f.jpg,10645_LuiseRainer_27_f.jpg,10666_LuiseRainer_28_f.jpg,10671_LuiseRainer_74_f.jpg,10674_LuiseRainer_27_f.jpg,10686_LuiseRainer_46_f.jpg,10752_OrnellaMuti_15_f.jpg,10757_OrnellaMuti_21_f.jpg,10762_OrnellaMuti_26_f.jpg,10765_OrnellaMuti_29_f.jpg,10785_OrnellaMuti_51_f.jpg,10789_OrnellaMuti_55_f.jpg,10791_OrnellaMuti_57_f.jpg,11665_MireilleDarc_34_f.jpg,11669_MireilleDarc_38_f.jpg,11678_MireilleDarc_51_f.jpg,11679_MireilleDarc_54_f.jpg,11683_MireilleDarc_58_f.jpg,11847_BarbaraBouchet_25_f.jpg,11870_BarbaraBouchet_61_f.jpg,11876_BarbaraBouchet_68_f.jpg,11948_AngelaLansbury_20_f.jpg,11959_AngelaLansbury_35_f.jpg,11962_AngelaLansbury_41_f.jpg,11964_AngelaLansbury_46_f.jpg,11971_AngelaLansbury_60_f.jpg,11977_AngelaLansbury_67_f.jpg,11984_AngelaLansbury_80_f.jpg,11989_AngelaLansbury_87_f.jpg,12024_DebbieReynolds_24_f.jpg,12045_DebbieReynolds_69_f.jpg,12055_DebbieReynolds_78_f.jpg,12092_EvaMarieSaint_30_f.jpg,12103_EvaMarieSaint_44_f.jpg,12115_EvaMarieSaint_73_f.jpg,12121_EvaMarieSaint_82_f.jpg,121_MickJagger_18_m.jpg,12329_MyrnaLoy_51_f.jpg,12330_MyrnaLoy_75_f.jpg,12337_MyrnaLoy_20_f.jpg,12364_MyrnaLoy_67_f.jpg,12376_MyrnaLoy_33_f.jpg,12425_AngieDickinson_47_f.jpg,12438_AngieDickinson_31_f.jpg,12445_AngieDickinson_42_f.jpg,12457_AngieDickinson_76_f.jpg,12607_FrancesDee_43_f.jpg,12612_FrancesDee_83_f.jpg,12613_FrancesDee_89_f.jpg,13032_GeraldineChaplin_38_f.jpg,13041_GeraldineChaplin_52_f.jpg,13042_GeraldineChaplin_53_f.jpg,13052_GeraldineChaplin_66_f.jpg,13417_DanielleDarrieux_36_f.jpg,13419_DanielleDarrieux_38_f.jpg,13420_DanielleDarrieux_40_f.jpg,13436_DanielleDarrieux_64_f.jpg,13437_DanielleDarrieux_65_f.jpg,13522_HelenHayes_31_f.jpg,13526_HelenHayes_52_f.jpg,13533_HelenHayes_23_f.jpg,13537_HelenHayes_34_f.jpg,13539_HelenHayes_85_f.jpg,13550_HelenHayes_78_f.jpg,13554_HelenHayes_70_f.jpg,14520_AudreyHepburn_62_f.jpg,14530_AudreyHepburn_24_f.jpg,14531_AudreyHepburn_24_f.jpg,14534_AudreyHepburn_25_f.jpg,14537_AudreyHepburn_32_f.jpg,14551_AudreyHepburn_36_f.jpg,15001_AnnMiller_15_f.jpg,15003_AnnMiller_17_f.jpg,15007_AnnMiller_21_f.jpg,15022_AnnMiller_42_f.jpg,15032_AnnMiller_60_f.jpg,15260_DyanCannon_40_f.jpg,15276_DyanCannon_67_f.jpg,15277_DyanCannon_68_f.jpg,15279_DyanCannon_70_f.jpg,15281_DyanCannon_72_f.jpg,15283_DyanCannon_75_f.jpg,15289_DyanCannon_32_f.jpg,15369_JanePowell_14_f.jpg,15388_JanePowell_38_f.jpg,15411_JanePowell_74_f.jpg,15414_JanePowell_77_f.jpg,15418_JanePowell_81_f.jpg,15468_JeanetteMacDonald_32_f.jpg,15479_JeanetteMacDonald_39_f.jpg,15484_JeanetteMacDonald_44_f.jpg,15486_JeanetteMacDonald_46_f.jpg,15502_JeanetteMacDonald_43_f.jpg,15514_JeanetteMacDonald_59_f.jpg,15576_KateOMara_20_f.jpg,15577_KateOMara_21_f.jpg,15585_KateOMara_29_f.jpg,15592_KateOMara_36_f.jpg,15599_KateOMara_43_f.jpg,15606_KateOMara_50_f.jpg,15608_KateOMara_52_f.jpg,15851_StВphaneAudran_22_f.jpg,15869_StВphaneAudran_41_f.jpg,15886_StВphaneAudran_62_f.jpg,15888_StВphaneAudran_64_f.jpg,15891_StВphaneAudran_69_f.jpg,15892_StВphaneAudran_70_f.jpg,1663_BobDylan_33_m.jpg,1686_BobDylan_72_m.jpg,1831_TomJones_23_m.jpg,1837_TomJones_28_m.jpg,1852_TomJones_59_m.jpg,1857_TomJones_64_m.jpg,1859_TomJones_66_m.jpg,1908_EdwardFox_34_m.jpg,1924_EdwardFox_53_m.jpg,1930_EdwardFox_63_m.jpg,1939_EdwardFox_76_m.jpg,1981_JamesCaan_27_m.jpg,1988_JamesCaan_32_m.jpg,2008_JamesCaan_59_m.jpg,2019_JamesCaan_73_m.jpg,2055_JonVoight_36_m.jpg,2065_JonVoight_50_m.jpg,2073_JonVoight_60_m.jpg,2076_JonVoight_62_m.jpg,2077_JonVoight_64_m.jpg,2088_JonVoight_74_m.jpg,2097_MelBrooks_40_m.jpg,2105_MelBrooks_52_m.jpg,2121_MelBrooks_77_m.jpg,2124_MelBrooks_80_m.jpg,2709_KevinBacon_27_m.jpg,2720_KevinBacon_37_m.jpg,2732_KevinBacon_48_m.jpg,2737_KevinBacon_52_m.jpg,2785_MickJagger_47_m.jpg,2792_MickJagger_63_m.jpg,2793_MickJagger_64_m.jpg,2794_MickJagger_66_m.jpg,3556_MichaelYork_13_m.jpg,3579_MichaelYork_50_m.jpg,3581_MichaelYork_52_m.jpg,3589_MichaelYork_61_m.jpg,3591_MichaelYork_63_m.jpg,3593_MichaelYork_65_m.jpg,3596_MichaelYork_70_m.jpg,4131_GenaRowlands_35_m.jpg,4138_GenaRowlands_48_m.jpg,4159_GenaRowlands_77_m.jpg,4736_MichelPiccoli_34_m.jpg,4757_MichelPiccoli_51_m.jpg,4885_RomanPolanski_33_m.jpg,4918_RomanPolanski_73_m.jpg,4921_RomanPolanski_76_m.jpg,4993_WarrenBeatty_23_m.jpg,5009_WarrenBeatty_57_m.jpg,5023_WarrenBeatty_75_m.jpg,5028_WarrenBeatty_42_m.jpg,5067_AnthonyHopkins_32_m.jpg,5079_AnthonyHopkins_54_m.jpg,5096_AnthonyHopkins_72_m.jpg,5109_AnthonyHopkins_76_m.jpg,5594_PeterFalk_39_m.jpg,5601_PeterFalk_47_m.jpg,5617_PeterFalk_68_m.jpg,5621_PeterFalk_74_m.jpg,5630_PeterFalk_83_m.jpg,5770_BenGazzara_32_m.jpg,5792_BenGazzara_73_m.jpg,5849_HerbertLom_40_m.jpg,5864_HerbertLom_61_m.jpg,5876_HerbertLom_81_m.jpg,5881_HerbertLom_93_m.jpg,6230_DirkBogarde_29_m.jpg,6231_DirkBogarde_31_m.jpg,6245_DirkBogarde_42_m.jpg,6246_DirkBogarde_43_m.jpg,6255_DirkBogarde_56_m.jpg,6262_DirkBogarde_67_m.jpg,6472_JohnnyCash_10_m.jpg,6485_JohnnyCash_40_m.jpg,6493_JohnnyCash_69_m.jpg,6494_JohnnyCash_29_m.jpg,6497_JohnnyCash_35_m.jpg,6676_PeterGraves_34_m.jpg,6681_PeterGraves_41_m.jpg,6682_PeterGraves_43_m.jpg,6698_PeterGraves_82_m.jpg,6700_PeterGraves_46_m.jpg,6703_PeterGraves_54_m.jpg,6792_RoyScheider_39_m.jpg,6806_RoyScheider_56_m.jpg,6811_RoyScheider_65_m.jpg,6992_ChristopherWalken_29_m.jpg,7012_ChristopherWalken_50_m.jpg,7016_ChristopherWalken_56_m.jpg,7098_GladysCooper_15_m.jpg,7121_GladysCooper_74_m.jpg,7401_MickeyRooney_8_m.jpg,7402_MickeyRooney_10_m.jpg,7410_MickeyRooney_23_m.jpg,7416_MickeyRooney_33_m.jpg,7431_MickeyRooney_63_m.jpg,7436_MickeyRooney_77_m.jpg,7437_MickeyRooney_78_m.jpg,7764_AlbertoSordi_45_m.jpg,7766_AlbertoSordi_50_m.jpg,7779_AlbertoSordi_76_m.jpg,8305_RichardCrenna_18_m.jpg,8308_RichardCrenna_28_m.jpg,8338_RichardCrenna_64_m.jpg,8825_ArnoldSchwarzenegger_32_m.jpg,8833_ArnoldSchwarzenegger_41_m.jpg,8843_ArnoldSchwarzenegger_54_m.jpg,8852_ArnoldSchwarzenegger_61_m.jpg,8945_FredMacMurray_24_m.jpg,8948_FredMacMurray_28_m.jpg,8950_FredMacMurray_31_m.jpg,8958_FredMacMurray_45_m.jpg,8964_FredMacMurray_51_m.jpg,9039_JeanClaudeVanDamme_24_m.jpg,9048_JeanClaudeVanDamme_33_m.jpg,9062_JeanClaudeVanDamme_44_m.jpg,9066_JeanClaudeVanDamme_51_m.jpg,9068_JeanClaudeVanDamme_52_m.jpg,9079_JeanClaudeVanDamme_53_m.jpg,9569_MarcelloMastroianni_27_m.jpg,9570_MarcelloMastroianni_28_m.jpg,9574_MarcelloMastroianni_32_m.jpg,9579_MarcelloMastroianni_38_m.jpg,9603_MarcelloMastroianni_66_m.jpg,9716_DorisDay_30_f.jpg,9727_DorisDay_47_f.jpg,9737_DorisDay_65_f.jpg,9744_DorisDay_82_f.jpg,9745_DorisDay_57_f.jpg,9753_TomJones_24_f.jpg
0,-1,0.127122327,0.122638632,0.119251572,0.113228605,0.123993646,0.122233966,0.096118558,0.122049809,0.092614722,0.115949934,0.111160039,0.108247549,0.116251384,0.083464708,0.129667463,0.104801039,0.091776592,0.108071747,0.125608218,0.10898968,0.11454461,0.128086061,0.110595378,0.087628365,0.120615129,0.092977529,0.101610607,0.122425609,0.104882998,0.1161364,0.120325416,0.113801476,0.117324067,0.125640139,0.123779275,0.121401234,0.126238048,0.122054595,0.132367631,0.112958567,0.090682305,0.132344159,0.112858939,0.119400589,0.12182904,0.093419959,0.100941607,0.108892642,0.120513161,0.117363986,0.118427196,0.127608261,0.109638312,0.105810489,0.115446927,0.123004219,0.091255492,0.089420627,0.132402913,0.122543823,0.108522874,0.128857988,0.120530279,0.124675804,0.103702132,0.112667836,0.09709873,0.117319378,0.11733858,0.111911445,0.110371551,0.131041008,0.11933381,0.131115976,0.124760541,0.117744377,0.118904227,0.100208756,0.101251556,0.123668848,0.11170825,0.11950984,0.124397461,0.12477954,0.104748383,0.115975101,0.101331023,0.1186496,0.117451823,0.112276325,0.1028141,0.114747086,0.11613875,0.114597201,0.108435224,0.123035546,0.115002153,0.109401656,0.112894436,0.112707171,0.119591944,0.093368953,0.115827929,0.112772233,0.089617351,0.112062976,0.102015655,0.114208812,0.113317358,0.117667094,0.124491825,0.095396754,0.100773045,0.124249078,0.116410214,0.151675683,0.122507816,0.127253227,0.112079589,0.12598053,0.142602348,0.113618261,0.083845324,0.114659919,0.136958896,0.126209657,0.129532368,0.122282659,0.119260263,0.117848127,0.094282652,0.128130425,0.130153117,0.123605385,0.098438279,0.122415621,0.094401807,0.117620874,0.135339215,0.117163357,0.124696282,0.117961732,0.117919937,0.100142637,0.12794566,0.103351067,0.122846995,0.125208433,0.065680834,0.104358744,0.139868663,0.13432129,0.128799172,0.111121947,0.112767059,0.11159575,0.106303034,0.124843519,0.119806369,0.113562528,0.120724852,0.115322116,0.12811209,0.123418167,0.117160032,0.110734041,0.09173095,0.123416358,0.12216842,0.108482302,0.102525054,0.07440498,0.107679098,0.108361113,0.109561002,0.126589176,0.116829035,0.123458169,0.097567307,0.106586533,0.12502065,0.122755405,0.125263022,0.119626127,0.114958846,0.085458661,0.096523801,0.110860001,0.120265951,0.092403525,0.127833928,0.119509834,0.100611585,0.101546273,0.110524132,0.120961214,0.103376096,0.115565283,0.102389525,0.126428337,0.121466874,0.121823825,0.11365354,0.110178526,0.113265239,0.13915202,0.115826884,0.11325598,0.11543758,0.122420557,0.116776329,0.120268778,0.115184037,0.119582423,0.1135167,0.118891401,0.128505561,0.108236075,0.118299976,0.133178337,0.122473133,0.110606509,0.120682376,0.071225506,0.099416903,0.120801111,0.114442871,0.086234779,0.098413831,0.111453519,0.109938948,0.104876172,0.118174932,0.081962418,0.1090768,0.117843138,0.11366725,0.121152004
1,-0.9,0.131377241,0.118889844,0.119503197,0.111027545,0.125851433,0.111278809,0.085290417,0.125037706,0.107748652,0.115089736,0.118587705,0.113469839,0.109275359,0.090740017,0.119869743,0.097735441,0.093282755,0.111251477,0.127452667,0.12008208,0.117952109,0.129203245,0.094471997,0.083194137,0.125030165,0.108202927,0.115469644,0.116695598,0.092634475,0.115204966,0.127941232,0.120543761,0.119790647,0.121454992,0.124568751,0.122129909,0.122564083,0.118311069,0.133496566,0.121699185,0.091823842,0.112911246,0.094174272,0.116424795,0.118560179,0.117685894,0.116306781,0.104660338,0.114685713,0.125068005,0.122597143,0.127520137,0.115133265,0.090859345,0.109314294,0.129986009,0.102196494,0.086874079,0.124631598,0.11795316,0.102265708,0.126770541,0.12219589,0.124218887,0.10902968,0.117829425,0.100787612,0.133534264,0.118171094,0.117326462,0.115602009,0.133832038,0.125273478,0.127850381,0.11566314,0.121348829,0.113064685,0.108855463,0.105016748,0.123379932,0.103382844,0.122400047,0.114983096,0.126138645,0.109090621,0.113288175,0.108492479,0.126724794,0.128947397,0.118518565,0.111540286,0.117132589,0.124199111,0.121742633,0.116070864,0.121126061,0.116835671,0.119498642,0.123121901,0.114893734,0.111672736,0.091814953,0.124369513,0.102067397,0.089999268,0.128580091,0.108406186,0.111034321,0.102564137,0.115816047,0.129610301,0.103708048,0.102555996,0.1300817,0.113043019,0.127004459,0.115521433,0.117665583,0.108734846,0.130606103,0.137694414,0.106823821,0.085939972,0.129772578,0.127161911,0.12477255,0.117045556,0.127853401,0.129398996,0.118912143,0.107435047,0.119540048,0.127814679,0.126263219,0.108461901,0.116202415,0.111436994,0.111250887,0.121078268,0.115308326,0.130201766,0.115993067,0.118861637,0.099424936,0.132202374,0.099205668,0.114375493,0.116184934,0.067285977,0.116246193,0.124351932,0.129079723,0.118853802,0.123629856,0.113042856,0.121940753,0.117277305,0.125129232,0.12871531,0.130330828,0.111411628,0.125288026,0.121095112,0.109463468,0.111032938,0.109617939,0.095309217,0.113450537,0.128630977,0.096755736,0.110279884,0.077701068,0.108447776,0.125931662,0.111439012,0.130715365,0.122726113,0.12758791,0.100312084,0.102621729,0.118952181,0.12179987,0.136540663,0.126606953,0.127189913,0.091356739,0.101313701,0.119986014,0.133564905,0.102681385,0.116196975,0.111384282,0.108655668,0.110868386,0.107499061,0.125352214,0.102371099,0.104334065,0.105623709,0.126164422,0.126704187,0.123826579,0.116392669,0.116967985,0.119866768,0.134617153,0.118500065,0.124043416,0.120608584,0.126040282,0.120186741,0.123824907,0.124196297,0.129061579,0.110782899,0.127379167,0.12089576,0.105001228,0.119429341,0.136608211,0.124887958,0.120760506,0.121804219,0.069594651,0.084547423,0.124207659,0.115621888,0.07550849,0.106130202,0.115976513,0.108567466,0.105101699,0.113745249,0.075996469,0.107534195,0.130547043,0.119468621,0.122494453
2,-0.8,0.123035451,0.126731509,0.121185759,0.115841875,0.130262873,0.123357234,0.099222178,0.133411352,0.09492194,0.116652667,0.111852988,0.107116075,0.103804794,0.093608784,0.108889313,0.098887282,0.100671328,0.126716387,0.123034633,0.120523709,0.123092023,0.127589923,0.107396105,0.08599522,0.133054337,0.094131115,0.114639187,0.127432332,0.099744352,0.112518275,0.12543904,0.114077382,0.128698264,0.128397639,0.124515962,0.119971815,0.136261028,0.134259576,0.124319088,0.115912361,0.097899401,0.110862364,0.092751544,0.122003846,0.129124731,0.135604934,0.107177805,0.100343325,0.098928281,0.116939141,0.118553891,0.125069885,0.11679036,0.101147801,0.118444449,0.120164812,0.090727275,0.089849411,0.124908278,0.130282984,0.110337679,0.125465213,0.104667788,0.135456518,0.109460748,0.122436099,0.091536805,0.124854122,0.119490393,0.130790961,0.110236653,0.12485471,0.13196762,0.131414848,0.120039133,0.130899836,0.123435593,0.104461371,0.1072803,0.126608377,0.107010162,0.116747554,0.115683265,0.140751093,0.113291588,0.125440276,0.10827015,0.12804218,0.119769802,0.120642533,0.114764688,0.123523581,0.123141361,0.114345495,0.112703308,0.11913862,0.108459207,0.12178655,0.11756855,0.129157371,0.121821481,0.097014036,0.121879334,0.097116628,0.093202894,0.112423681,0.108308084,0.103246188,0.117398119,0.118724569,0.126733673,0.098150535,0.098795551,0.13455215,0.092500235,0.095684936,0.126057095,0.128345031,0.100166286,0.132352163,0.141379557,0.120146519,0.087869786,0.128087076,0.129235618,0.123501391,0.122731368,0.129540707,0.125854288,0.116496419,0.097785231,0.114968219,0.124193751,0.123925666,0.102890276,0.134306823,0.108475803,0.10586483,0.124609392,0.110171846,0.120618297,0.122182795,0.120240004,0.106041625,0.129455972,0.081516927,0.126964343,0.116182092,0.065206887,0.10163897,0.140399275,0.132777164,0.12377517,0.120805896,0.116464821,0.119896505,0.114422261,0.118938932,0.133831947,0.12418979,0.114268299,0.126795616,0.130969364,0.113516775,0.11087628,0.117826732,0.100390086,0.105149041,0.128066472,0.105607158,0.115357588,0.088957313,0.108843726,0.124537668,0.114690068,0.135822836,0.124741616,0.13156141,0.09986483,0.100043789,0.128553614,0.130157032,0.12697977,0.131972121,0.120832515,0.091819773,0.118402631,0.112707619,0.140616605,0.105799942,0.127106624,0.115216827,0.123230037,0.10723723,0.118526519,0.121233826,0.120362379,0.101700356,0.105631725,0.13857006,0.115613126,0.120414584,0.118527063,0.121259299,0.128500721,0.139591935,0.115283851,0.11913769,0.12150415,0.132110053,0.127454602,0.118068285,0.111568673,0.129628702,0.113729295,0.133194989,0.125573365,0.115781677,0.128025939,0.134936698,0.123196111,0.112778526,0.114292804,0.073732987,0.091530175,0.125964307,0.119260399,0.086964282,0.097089982,0.118582226,0.094338158,0.110573899,0.115379779,0.079493421,0.115128024,0.109092397,0.106342483,0.122480981
3,-0.7,0.130477258,0.113218423,0.117071116,0.111863162,0.129733025,0.10889198,0.113639321,0.130645368,0.106175344,0.132295999,0.103923218,0.104779245,0.106726395,0.088847334,0.117918316,0.097989731,0.096791116,0.127787406,0.131802359,0.126009709,0.113278165,0.127024283,0.109001741,0.084631554,0.124138816,0.099538085,0.103531555,0.118902933,0.098465824,0.119739201,0.133502296,0.114332008,0.127256221,0.12374704,0.126573802,0.104252694,0.117108429,0.121150726,0.135391297,0.122359621,0.115125383,0.126202211,0.100800881,0.11744799,0.122057374,0.141444386,0.102681379,0.100913168,0.105036088,0.126371458,0.134378419,0.123504321,0.102230595,0.10338063,0.132261377,0.135610042,0.104806743,0.092854581,0.128911666,0.123894666,0.10407387,0.144417667,0.1181257,0.114602604,0.104023628,0.126492388,0.099077195,0.133637854,0.118117461,0.12871042,0.10998592,0.122796269,0.128843541,0.123999161,0.120037059,0.129035422,0.129763751,0.105655787,0.105317076,0.116329261,0.105933069,0.11988965,0.121822533,0.119998772,0.115341451,0.127498646,0.111885943,0.118228841,0.128920517,0.117999407,0.117120395,0.120948626,0.131092801,0.104169713,0.111651603,0.127382127,0.119303442,0.113084147,0.109611163,0.119758668,0.105498415,0.094392539,0.124281608,0.101533004,0.096366639,0.118921644,0.109043079,0.110563428,0.103442764,0.111664772,0.124466514,0.115867711,0.115242891,0.124812449,0.112667997,0.114220701,0.123781256,0.121442444,0.08382933,0.124860343,0.130925067,0.105317827,0.098617799,0.132427491,0.129212293,0.116606989,0.117242212,0.131131054,0.127520415,0.11950291,0.100932994,0.12465626,0.118445712,0.129011631,0.096960517,0.127282033,0.104241963,0.115770933,0.124191645,0.114819737,0.133402856,0.120937247,0.11048369,0.101455121,0.125338991,0.089663767,0.123834453,0.131952676,0.054361461,0.104144229,0.128657976,0.120580481,0.123386842,0.124726929,0.121483464,0.120821729,0.120917817,0.124170099,0.126464598,0.120533842,0.114949055,0.121433347,0.130318655,0.115485048,0.113875402,0.111128293,0.115826079,0.107463197,0.133719911,0.101114418,0.116268486,0.101420598,0.110772202,0.106389421,0.120522682,0.128384676,0.127825695,0.128812447,0.098968271,0.102638757,0.116185793,0.115695396,0.120894349,0.139694738,0.134467419,0.091869224,0.108494059,0.119084233,0.126119732,0.096596859,0.1255518,0.115633064,0.113128746,0.110962687,0.116995907,0.120340118,0.106626694,0.099404305,0.111588018,0.124140196,0.138124012,0.121045448,0.135861848,0.120073741,0.121648186,0.133730878,0.112753513,0.112597516,0.126691822,0.135681724,0.124075989,0.119953927,0.115757927,0.130083488,0.114565499,0.138518404,0.113190014,0.106159202,0.120625546,0.137310871,0.130675866,0.117023923,0.11928118,0.069809367,0.077439312,0.118203838,0.125527729,0.077427489,0.105594925,0.12109037,0.105027012,0.10371867,0.111411305,0.077433598,0.121602838,0.110402541,0.109125116,0.125174534
4,-0.6,0.127823427,0.126348688,0.12548848,0.116056344,0.123724308,0.1289985,0.105616041,0.135083242,0.117881993,0.123803328,0.114193825,0.119605298,0.112414925,0.092971705,0.126234171,0.094297293,0.096836512,0.120263555,0.128999682,0.118889901,0.128998533,0.133111847,0.105490417,0.091921805,0.125254152,0.094560696,0.121715769,0.11689059,0.097369602,0.120296472,0.128519106,0.107845309,0.126220645,0.130399021,0.130048439,0.129257811,0.120391124,0.116886077,0.129366885,0.11384613,0.114709679,0.115613616,0.099288422,0.123890005,0.124435875,0.138446179,0.105957281,0.108880633,0.100597933,0.118305974,0.124850408,0.123673985,0.118542537,0.107129165,0.12761134,0.132873834,0.100293027,0.094746881,0.124099274,0.121098358,0.103594986,0.133363679,0.121093764,0.118466646,0.092581223,0.109714408,0.119794624,0.118648102,0.120914687,0.116500974,0.101833915,0.128270925,0.120296911,0.12182289,0.12734532,0.126570475,0.131731974,0.102403077,0.100747761,0.123505766,0.109988434,0.121514229,0.120158902,0.130343849,0.117994587,0.140549143,0.103879096,0.127552845,0.128239248,0.112599373,0.112617248,0.122512683,0.129962959,0.105340009,0.111441775,0.112930078,0.118431045,0.115801534,0.105885766,0.124561613,0.11034464,0.101258508,0.118121954,0.093807055,0.090701321,0.122874456,0.115491156,0.112181175,0.113563239,0.119571268,0.125563985,0.100572134,0.110060571,0.114396829,0.100814624,0.094805729,0.120927375,0.125191874,0.081179986,0.129302676,0.128150477,0.110045496,0.109872342,0.124145601,0.145149043,0.11570988,0.117354939,0.119238459,0.132574287,0.106032433,0.102449376,0.110662868,0.120768838,0.123744798,0.104338517,0.135647568,0.109993558,0.117833182,0.111561118,0.110802497,0.133845021,0.124843698,0.113771033,0.102472809,0.129129207,0.081681466,0.124760703,0.111971462,0.076563854,0.116811902,0.126104527,0.118494424,0.122166934,0.123274647,0.118521514,0.133837142,0.118115311,0.123994343,0.120079409,0.130606604,0.116891074,0.113040277,0.139447639,0.108349187,0.115060873,0.108469724,0.10369079,0.102916293,0.13334033,0.106674518,0.116049446,0.095613377,0.126759995,0.118969976,0.121538918,0.134939552,0.128892056,0.130074982,0.095841934,0.102743735,0.124636641,0.125725764,0.123647125,0.138384178,0.126272289,0.103843187,0.11187742,0.124082483,0.136255524,0.100918293,0.127412425,0.109031713,0.109169137,0.10313588,0.122154402,0.122354105,0.112935324,0.100895179,0.105919822,0.127687599,0.121692505,0.128528216,0.1125577,0.101920155,0.127523315,0.132681674,0.109501401,0.121146746,0.126629277,0.121772277,0.127590677,0.122481478,0.130659146,0.139721546,0.124017371,0.134270853,0.123697433,0.103032335,0.117696105,0.133947112,0.129177165,0.116955488,0.119921018,0.061540976,0.086853757,0.119134209,0.117903241,0.084503955,0.107131019,0.117728231,0.093129249,0.111443049,0.111609756,0.099149548,0.122237162,0.108925137,0.12067064,0.113683364
5,-0.5,0.139040944,0.118346316,0.133487465,0.123057788,0.120115809,0.129235064,0.108822463,0.137853052,0.115905177,0.12011711,0.113641138,0.127347063,0.113573319,0.104040336,0.135426204,0.092361912,0.096165163,0.123744195,0.123207376,0.119931184,0.111390981,0.119571772,0.112412894,0.095268379,0.127131542,0.101737804,0.119042113,0.116352547,0.101911713,0.120525946,0.132268828,0.111737711,0.126665735,0.124667016,0.124214551,0.126347254,0.116491075,0.116128369,0.126906852,0.119355326,0.104630464,0.127713452,0.11304461,0.126960421,0.127912264,0.141660961,0.109320386,0.111559519,0.094254087,0.112925048,0.138266268,0.120678969,0.106427399,0.103861164,0.134485058,0.122626776,0.104525433,0.088593021,0.133072164,0.132039807,0.115682682,0.133744093,0.120620683,0.121518455,0.107176403,0.113077569,0.124366278,0.122034206,0.124612726,0.119331412,0.098750227,0.127561713,0.129171063,0.124578473,0.123645576,0.135427271,0.131577819,0.107481075,0.102805923,0.12348324,0.105996087,0.121874704,0.114959101,0.119034806,0.117086057,0.130506761,0.104790473,0.138165347,0.1311872,0.118008842,0.118979455,0.131573382,0.130535689,0.112215308,0.113546762,0.120950726,0.1313525,0.121345424,0.109312283,0.122175922,0.109746286,0.098459885,0.125953367,0.093982877,0.092272364,0.133143504,0.106943965,0.119968655,0.110702018,0.126955945,0.134932129,0.111764413,0.108242589,0.116317435,0.108613059,0.119745598,0.127320305,0.130424814,0.090166096,0.13066811,0.140829353,0.110425345,0.100128206,0.125400662,0.137838734,0.13759219,0.124457364,0.105780778,0.128113227,0.120511376,0.103932752,0.128463879,0.126385392,0.122592348,0.103110822,0.123988052,0.108387578,0.110572072,0.119732387,0.110134704,0.136083547,0.140450023,0.112779646,0.098223049,0.125680441,0.093786376,0.120155113,0.120747997,0.078704886,0.11017826,0.114445235,0.114331051,0.120459083,0.127587625,0.126708001,0.116972682,0.122586957,0.120810242,0.125881627,0.128157175,0.104678063,0.124321626,0.141517329,0.114440947,0.10886805,0.102656227,0.124194988,0.118225468,0.136487186,0.115894479,0.110287024,0.09900799,0.099625812,0.12497965,0.120911092,0.135421495,0.130851593,0.136913577,0.089770332,0.114249827,0.121246108,0.135396478,0.119986316,0.134590148,0.13406532,0.108319172,0.12129161,0.116172267,0.123566771,0.090813589,0.121429869,0.112131824,0.111974619,0.114578729,0.116556991,0.130487319,0.113186631,0.118793165,0.108791578,0.139615511,0.131729318,0.121977552,0.129474837,0.109333541,0.110858384,0.122647914,0.113026903,0.109993782,0.125810748,0.12916543,0.119311499,0.11285896,0.116974941,0.137474514,0.120328341,0.135535621,0.119117143,0.10905656,0.122946317,0.133038291,0.127619866,0.119425071,0.129035969,0.079736683,0.071689558,0.115277733,0.124996871,0.087398005,0.104518614,0.125405825,0.098723678,0.106171999,0.114839216,0.117636186,0.12415514,0.121639506,0.10099112,0.118114217
6,-0.4,0.131241001,0.11743646,0.137759976,0.124991266,0.135167828,0.144799988,0.091365769,0.131868315,0.124174731,0.122083663,0.114642626,0.130251088,0.107065704,0.099440782,0.124521176,0.087151684,0.104769434,0.123713674,0.11122356,0.11958108,0.108773331,0.128741032,0.110043309,0.107488078,0.13413947,0.085242294,0.127053059,0.105264206,0.093145235,0.123796782,0.142712047,0.106835355,0.129595294,0.135799407,0.128261692,0.108712209,0.13367674,0.120215716,0.128297265,0.128874125,0.090044334,0.128686637,0.116425295,0.141010486,0.124392269,0.126825456,0.107672369,0.097743852,0.088984833,0.128684184,0.130476344,0.124707469,0.125435733,0.106079003,0.124569058,0.127697107,0.110373678,0.09470747,0.128530822,0.127195119,0.118217453,0.126196901,0.124129459,0.128915973,0.097985935,0.117753323,0.117683283,0.131254735,0.11133956,0.1126206,0.108815377,0.137032615,0.125763818,0.117587047,0.124759928,0.128507665,0.127179536,0.102712973,0.0920114,0.120201656,0.108675847,0.137217838,0.131600347,0.13316363,0.116405152,0.125645164,0.11956057,0.123230083,0.13359121,0.108124433,0.128731025,0.12935417,0.133902274,0.09898303,0.113135263,0.125657333,0.128478307,0.111313189,0.114941849,0.133718753,0.116648704,0.092674735,0.118915224,0.11016576,0.104312989,0.139218532,0.118809502,0.11922548,0.097739143,0.124259375,0.134742569,0.112193849,0.114381913,0.121924903,0.094230598,0.121161657,0.117166032,0.127138896,0.087389222,0.132904433,0.134436461,0.101322844,0.09340255,0.130773265,0.125285887,0.118067496,0.128921127,0.116147372,0.140598085,0.124625021,0.110396012,0.132286984,0.132333517,0.133783543,0.083496902,0.133517261,0.104968156,0.110134022,0.129548552,0.10853876,0.134409254,0.132442156,0.105557529,0.093745627,0.123415732,0.095879793,0.128559506,0.12332423,0.076165836,0.116918694,0.132578601,0.121790173,0.127983087,0.131423611,0.122295614,0.118625826,0.11915365,0.123147761,0.123377771,0.138010826,0.112343651,0.109912272,0.137874219,0.101770084,0.120096691,0.10029167,0.116115105,0.098361795,0.134096039,0.111056763,0.120067079,0.096902253,0.104942608,0.12238806,0.132357654,0.124827377,0.132368074,0.132673936,0.088794595,0.105253436,0.125266825,0.126780366,0.129344408,0.137082863,0.12882169,0.118513953,0.112644796,0.114831393,0.125926791,0.092750016,0.125940544,0.111745126,0.10790559,0.106682224,0.122718472,0.121571108,0.115689684,0.134036187,0.105740037,0.128906731,0.141376439,0.127265887,0.121141996,0.100768021,0.125694495,0.118665222,0.118206648,0.111842603,0.132124667,0.118596462,0.127668805,0.11372013,0.126979649,0.120952688,0.121006078,0.128658096,0.129797274,0.11052934,0.135131734,0.133322372,0.135906571,0.1192338,0.122255077,0.075293733,0.08062739,0.117822259,0.13499151,0.086238649,0.107791076,0.12302054,0.095828967,0.123031938,0.101340555,0.11489389,0.118876975,0.124849906,0.104527608,0.120640288
7,-0.3,0.130127979,0.13252277,0.133138341,0.125681511,0.1221188,0.128327886,0.091657198,0.121247261,0.122149868,0.125638863,0.136297306,0.124351824,0.116806356,0.098028838,0.129057721,0.104484116,0.094850458,0.1166105,0.105946972,0.120197142,0.103047626,0.128222433,0.108648554,0.103743638,0.125125942,0.096727824,0.127406367,0.130935386,0.091393316,0.111501453,0.123335995,0.115393299,0.126870877,0.134878778,0.11784901,0.10368089,0.138884888,0.118540523,0.133346668,0.132536621,0.103622985,0.138891956,0.12899984,0.133526412,0.135359647,0.122827508,0.114030426,0.107339562,0.086053905,0.120131798,0.128468585,0.12929085,0.120294949,0.117257303,0.129605473,0.128632298,0.110604632,0.104085602,0.12358612,0.137142843,0.11302423,0.137999171,0.121858956,0.115916198,0.094419621,0.122292155,0.11522934,0.124311231,0.130533258,0.107179262,0.11888172,0.136207363,0.12659235,0.121425874,0.122188205,0.132926283,0.127312382,0.113136491,0.095742434,0.120086593,0.102195226,0.132834555,0.123005099,0.12678223,0.099596746,0.121880517,0.120962198,0.130731648,0.138699233,0.119518594,0.139960973,0.118986827,0.120436967,0.095489653,0.111823301,0.124074175,0.125906411,0.117781745,0.107036358,0.115666601,0.114632546,0.09027464,0.122226245,0.120015671,0.113041043,0.130467041,0.120905457,0.118987182,0.118656691,0.116623356,0.129638187,0.109413572,0.117016366,0.124501471,0.102654938,0.116754753,0.113614878,0.136979501,0.099345866,0.127084971,0.117241679,0.112934748,0.086923161,0.120139545,0.129599936,0.136102257,0.119919027,0.113923616,0.142420484,0.09304494,0.099446751,0.115135225,0.124209267,0.130514685,0.086898384,0.130505843,0.104436052,0.118754538,0.122071348,0.109675444,0.130970344,0.128364539,0.105968159,0.107434597,0.123367792,0.091898038,0.118789164,0.123215844,0.094051684,0.118864849,0.121686497,0.136859613,0.134241846,0.129848015,0.122241726,0.127996823,0.119339373,0.108599341,0.124920882,0.127198064,0.098251734,0.11738529,0.138238775,0.100807796,0.121956533,0.112372505,0.128655508,0.123055197,0.1246015,0.123262757,0.120131407,0.108463528,0.126858787,0.122009081,0.133248201,0.121321913,0.139039139,0.14211169,0.095737162,0.086778653,0.119757747,0.127767733,0.116266134,0.128831883,0.123309813,0.133188175,0.109993096,0.124281183,0.122792125,0.088484117,0.131943585,0.099008505,0.104427545,0.113724022,0.108128938,0.118164528,0.131435235,0.125853219,0.109308372,0.128158551,0.136534227,0.131486647,0.134767459,0.109252695,0.119867264,0.116168167,0.103597759,0.118270938,0.138018553,0.124875855,0.118060306,0.093592328,0.123003099,0.138980278,0.106737189,0.140205172,0.13386415,0.113663304,0.151156885,0.127981541,0.130360775,0.12488057,0.132364594,0.074301774,0.108922093,0.12883051,0.132222887,0.111193455,0.088185965,0.126887375,0.094914153,0.108139017,0.117263592,0.107421665,0.120643176,0.123029769,0.102677854,0.114391949
8,-0.2,0.134160588,0.141558831,0.135809927,0.131090083,0.114576732,0.12204367,0.09832255,0.111300199,0.120845583,0.112665004,0.123842419,0.123175312,0.115582176,0.084641429,0.142343671,0.094782774,0.082024158,0.121571024,0.10393459,0.099419221,0.134803326,0.116831645,0.097285962,0.102054407,0.130784182,0.090921772,0.125756556,0.136716874,0.108798005,0.111901809,0.134560946,0.114907505,0.136128965,0.131352923,0.130576893,0.109612949,0.133434808,0.127812741,0.137879707,0.124882572,0.100841599,0.137725199,0.107509144,0.145563806,0.120931474,0.122152439,0.1332306,0.103476522,0.077739937,0.121940824,0.137582728,0.126519266,0.12239367,0.11822542,0.122369406,0.131079199,0.099700819,0.10201553,0.122434614,0.133905073,0.119886353,0.132176123,0.116547869,0.118457804,0.087348493,0.12364214,0.109568928,0.122615362,0.12470771,0.109814745,0.12774436,0.140216347,0.130526828,0.120441655,0.1264373,0.128850987,0.122713606,0.093084924,0.098293563,0.127493441,0.117557328,0.135984969,0.129089854,0.130102048,0.103359897,0.128380713,0.117358986,0.122721585,0.134163509,0.129082895,0.137006457,0.13732222,0.134487653,0.09569263,0.107383732,0.131353854,0.133707513,0.129296098,0.114322718,0.124367982,0.110996201,0.097987201,0.116555284,0.117383505,0.101985459,0.128649235,0.116841738,0.108620832,0.119224243,0.115784178,0.133285132,0.117514875,0.130528875,0.126096539,0.116049335,0.125442709,0.116898937,0.114893735,0.110586857,0.128610491,0.111280269,0.105310158,0.088416975,0.129028767,0.130706144,0.114101196,0.130643676,0.122318182,0.134388528,0.109425915,0.08856637,0.111186244,0.132812409,0.133392305,0.1117531,0.138360361,0.112053059,0.113572257,0.132567153,0.1036165,0.127943805,0.122552467,0.117219088,0.102083213,0.113114683,0.113844354,0.124523057,0.111584331,0.078000378,0.114411597,0.116928244,0.137092445,0.134266753,0.113572424,0.121577201,0.133164193,0.121680738,0.113975288,0.125269215,0.144592712,0.096217971,0.117917237,0.117863224,0.115388868,0.122715974,0.092819998,0.117861611,0.137364345,0.129373917,0.119005189,0.126964225,0.096812534,0.129363052,0.123682433,0.127616446,0.131095438,0.140280293,0.137611605,0.107065773,0.094513374,0.121559214,0.121918064,0.126874229,0.137474821,0.127857483,0.121075804,0.120604738,0.113352726,0.129690739,0.086275354,0.120981994,0.112571556,0.119433154,0.108065702,0.092757959,0.131685192,0.11303977,0.138779229,0.103942897,0.12509961,0.127615746,0.1321969,0.138447474,0.123880633,0.130046015,0.106545214,0.101339081,0.124934129,0.138168153,0.125180168,0.137831843,0.101935389,0.121038452,0.137981529,0.125022314,0.134266974,0.146410562,0.142816803,0.138731662,0.125651983,0.133206033,0.126530226,0.131854414,0.084064647,0.104714028,0.133306515,0.123342576,0.109307029,0.088338927,0.120764404,0.093855395,0.087406544,0.121211623,0.096124448,0.120054442,0.11491374,0.114212002,0.128922499
9,-0.1,0.140394862,0.145588039,0.131013141,0.128660331,0.111219378,0.110289457,0.082278946,0.127243509,0.139997872,0.113437802,0.131700625,0.123800169,0.116758583,0.077327821,0.129486906,0.09083811,0.086003916,0.116965994,0.12261281,0.11099421,0.1258603,0.115853819,0.10544446,0.104792624,0.129153606,0.096295508,0.107376041,0.130862693,0.093305534,0.11587419,0.14020308,0.102338384,0.139750398,0.129769219,0.121216217,0.099762383,0.141207558,0.124881055,0.148813015,0.131308295,0.106981454,0.126050492,0.086667501,0.126748634,0.119849102,0.113297521,0.119325398,0.089024978,0.081233958,0.144857102,0.124558569,0.133426618,0.103742617,0.112439914,0.106336074,0.117313542,0.091671236,0.094726342,0.129118819,0.130512318,0.103810033,0.134765984,0.123432021,0.134107156,0.075332657,0.120742339,0.119950572,0.119623323,0.132609672,0.107806191,0.114939548,0.14148006,0.139072703,0.099572109,0.121279504,0.137193811,0.126974962,0.086437478,0.090489632,0.117751495,0.118675516,0.132345552,0.122201783,0.133788846,0.109271355,0.129509701,0.122872527,0.12021559,0.126730111,0.137492014,0.128703634,0.135258264,0.126777883,0.090491911,0.122950365,0.143963952,0.144969519,0.132386084,0.117730815,0.125136406,0.120950463,0.114285154,0.127126742,0.107617904,0.097704194,0.132922562,0.102388653,0.110001302,0.102837952,0.136622274,0.137124743,0.121344491,0.114091172,0.135640193,0.115637141,0.117922882,0.121046539,0.120675776,0.095526299,0.139105472,0.103285185,0.105826452,0.078224575,0.123362754,0.146396604,0.140172246,0.124729155,0.118169555,0.117908284,0.113230247,0.097263988,0.118559628,0.133433641,0.139463226,0.119903742,0.130274124,0.113208759,0.115251777,0.113880751,0.10149625,0.13207353,0.118505672,0.107569476,0.095120036,0.122796969,0.107263042,0.104005859,0.103755177,0.070586502,0.123253633,0.116575667,0.139196405,0.139637883,0.137851896,0.117115254,0.136674866,0.121099175,0.135091898,0.132188322,0.140909647,0.120956298,0.129543563,0.107474277,0.099355184,0.133842193,0.092166256,0.106032978,0.132325971,0.131904623,0.11240058,0.123351359,0.09560856,0.119416612,0.129817521,0.122285987,0.131271414,0.141802459,0.125192703,0.118577958,0.085864304,0.131096018,0.126130201,0.126829573,0.135047187,0.130803877,0.120677049,0.101648509,0.1098877,0.120432362,0.083536501,0.145141665,0.101366993,0.107702749,0.118508808,0.111599401,0.112646461,0.117819707,0.131318355,0.088675565,0.12139759,0.128139638,0.138704921,0.130790469,0.121900576,0.117764823,0.110673065,0.107600347,0.12255189,0.142006245,0.116083882,0.134829581,0.106432712,0.115409674,0.134411295,0.124989986,0.129591784,0.124619829,0.13885667,0.149658155,0.122692124,0.126968885,0.124712545,0.141440907,0.059671666,0.089145704,0.12414196,0.133783769,0.077062085,0.074235495,0.1208584,0.094075428,0.087407462,0.103737544,0.085019405,0.10557519,0.111522064,0.119972588,0.130854202
10,0,0.144792458,0.129494938,0.136923524,0.140892206,0.130371989,0.144206608,0.100631144,0.127541967,0.132994013,0.109137661,0.130871101,0.130698897,0.124592624,0.076985221,0.137590649,0.072168231,0.07488477,0.122159727,0.114497112,0.11006501,0.114564066,0.116750611,0.106673384,0.091579655,0.134106191,0.078734854,0.101698051,0.128930543,0.097002523,0.123089942,0.141780557,0.129072554,0.137449833,0.13239792,0.134971835,0.12966355,0.131011704,0.123850222,0.137996884,0.110774662,0.099497669,0.140544973,0.104270035,0.127327466,0.124875116,0.116902559,0.107966761,0.108645622,0.060831588,0.132772019,0.129338176,0.131364791,0.110864043,0.109945269,0.135326575,0.129457246,0.086688699,0.080117101,0.145060287,0.139074536,0.102743058,0.143768117,0.108455703,0.117718964,0.081663871,0.135979091,0.106242431,0.128529493,0.129163733,0.127416221,0.100952534,0.141194021,0.131644581,0.126896533,0.134151239,0.134752119,0.124369966,0.079900344,0.124587802,0.104066221,0.116407206,0.13060976,0.111106916,0.131561772,0.111720536,0.129187778,0.116712995,0.136455726,0.142061936,0.136149317,0.132751966,0.129969727,0.128839934,0.130213264,0.125626419,0.127025533,0.1336744,0.136799485,0.127967384,0.123846803,0.12029131,0.084041178,0.126321381,0.105143767,0.085425245,0.130471907,0.080981204,0.123816907,0.106619249,0.127310677,0.141893541,0.102292018,0.112147314,0.131579243,0.116212206,0.11728194,0.106622453,0.123069381,0.084116825,0.136462186,0.124992714,0.099848698,0.062919008,0.143546621,0.136275573,0.135049972,0.111046534,0.104813556,0.141321925,0.112274126,0.096295579,0.145692044,0.138783892,0.138347549,0.096308592,0.131218801,0.096440139,0.115341573,0.122650873,0.103230816,0.137658493,0.131915025,0.109749209,0.099499004,0.124555656,0.087577411,0.129773361,0.127439404,0.066049005,0.101671386,0.102773059,0.136119203,0.1233392,0.121569685,0.124440756,0.12999444,0.131704871,0.146374809,0.132917244,0.138248016,0.11021925,0.144653092,0.120373889,0.098207283,0.114871056,0.073141424,0.102049587,0.10959308,0.134821709,0.118757794,0.114584305,0.096395859,0.123869564,0.131266258,0.101967158,0.134467823,0.127163693,0.132824307,0.08740514,0.059666059,0.119706887,0.126166533,0.138700793,0.126621101,0.147508333,0.101953879,0.083844013,0.108762576,0.14452359,0.077258886,0.133383347,0.113469518,0.090315117,0.104807223,0.104119426,0.11966458,0.104079545,0.1280162,0.081843067,0.132747308,0.148926016,0.14709204,0.131940863,0.121037129,0.107840916,0.13136072,0.112587672,0.119316279,0.116375886,0.115099128,0.122220391,0.113772377,0.131454691,0.126900908,0.107618064,0.136745916,0.138313237,0.128155762,0.138033525,0.14771974,0.134598058,0.125873848,0.152274121,0.054817977,0.069243909,0.129990822,0.131477385,0.076490808,0.065551168,0.11839185,0.091743624,0.083822323,0.121857523,0.075858113,0.100497091,0.097943557,0.101768203,0.142342827
11,0.1,0.129551718,0.12982649,0.121478692,0.124133566,0.112131016,0.132423751,0.098750632,0.130408313,0.12561566,0.080070413,0.130414877,0.115201965,0.098535592,0.07789522,0.12948855,0.063007385,0.07272329,0.11366129,0.097119386,0.107446204,0.109610248,0.110179047,0.092038081,0.074938527,0.130224933,0.071572376,0.100137106,0.101798163,0.097422048,0.113683184,0.13929009,0.127070315,0.136950099,0.110445859,0.125804174,0.111882062,0.129354703,0.123828766,0.122873634,0.117212664,0.080744414,0.13923918,0.083299014,0.120565673,0.119605639,0.097057478,0.107762315,0.110120031,0.057575979,0.112929984,0.124437223,0.117296288,0.091904804,0.106515307,0.11417703,0.122020104,0.080250272,0.073698121,0.140309343,0.136470833,0.108142747,0.134294607,0.08961081,0.125436269,0.081997998,0.127063069,0.087980033,0.116591204,0.128921386,0.111416968,0.094636801,0.137332849,0.123715053,0.117285333,0.128392933,0.128153235,0.115796816,0.055887966,0.118008944,0.09387501,0.10183575,0.115466652,0.101753004,0.12418158,0.11760912,0.120403532,0.11435665,0.121346558,0.134273996,0.124821466,0.115665742,0.1343856,0.121604788,0.127869368,0.125950452,0.127369234,0.115695819,0.144966136,0.118220536,0.124998129,0.078794822,0.080703864,0.131593579,0.096792474,0.084193862,0.132321199,0.083168198,0.112692083,0.094210852,0.134772062,0.145791356,0.091609592,0.091958954,0.121824775,0.088495057,0.107921519,0.115478938,0.116393969,0.080988545,0.133015201,0.127274227,0.103862978,0.054553763,0.13011854,0.138466757,0.113359178,0.115066622,0.100296383,0.147583076,0.095322835,0.1008747,0.118414706,0.135541593,0.134524325,0.104768369,0.127595286,0.094337633,0.096732678,0.118995969,0.09967027,0.139570162,0.124144874,0.091014906,0.09235379,0.108753209,0.076337815,0.116565246,0.120793841,0.047849914,0.104612207,0.102774084,0.12794193,0.120806527,0.128681915,0.117034816,0.12366661,0.125314002,0.137769912,0.120793991,0.127081699,0.111959167,0.126526717,0.131882412,0.078983093,0.109050796,0.084380587,0.08395856,0.097769635,0.129674431,0.107504998,0.092757459,0.086025917,0.116153562,0.12337977,0.106269001,0.136726667,0.134116669,0.128363244,0.061437579,0.066082362,0.128084981,0.12621931,0.121746564,0.110989166,0.132957756,0.08487386,0.071575246,0.100305632,0.130630333,0.070665294,0.134745347,0.094823579,0.097805343,0.094790483,0.114659789,0.12491939,0.10497924,0.108759597,0.079375946,0.144308492,0.141210566,0.128596401,0.12761944,0.087581422,0.103994415,0.124405239,0.092663547,0.108640529,0.107533491,0.103946128,0.120894039,0.093399457,0.116072544,0.137519305,0.095357789,0.12709404,0.13312832,0.122492491,0.121557346,0.139130222,0.129593623,0.118045525,0.12930798,0.048551643,0.059713236,0.125077775,0.1209669,0.063646413,0.054515335,0.112654407,0.086780308,0.069442456,0.106502709,0.070260583,0.09853163,0.094838185,0.092848183,0.133534252
12,0.2,0.11928817,0.105892619,0.115483171,0.11645167,0.107731854,0.101822927,0.098147353,0.102798606,0.111398231,0.084691356,0.125981521,0.10352166,0.110427263,0.063534421,0.106146513,0.062278839,0.069401565,0.096681404,0.08895077,0.10150154,0.10374231,0.104506375,0.084945373,0.067631835,0.110894576,0.071082284,0.078458334,0.116571433,0.0706532,0.114596223,0.120692089,0.1139936,0.133806503,0.118151201,0.115433898,0.095819912,0.110680533,0.096353536,0.121699455,0.112980522,0.074807723,0.121469291,0.0715432,0.111657138,0.107282684,0.091745081,0.107545662,0.08952105,0.054902264,0.108919648,0.106895646,0.109104225,0.089859137,0.100023182,0.108306591,0.105687481,0.084326798,0.073695669,0.125622692,0.121100059,0.089576471,0.12207446,0.07953256,0.106880828,0.078171999,0.118188194,0.089677842,0.114926296,0.117832132,0.105250715,0.081315147,0.133024997,0.116363011,0.117708203,0.11857012,0.119161543,0.102897719,0.060089029,0.100564299,0.090298291,0.093956292,0.109020346,0.09246915,0.103438275,0.09246137,0.123126053,0.106663978,0.111662506,0.132068326,0.128057869,0.109757212,0.107468127,0.12122282,0.11215849,0.100523267,0.113733389,0.128626163,0.129761111,0.103553358,0.110657731,0.092683154,0.077908388,0.114911485,0.095159394,0.077309871,0.11305195,0.068127178,0.096675677,0.081838666,0.118028711,0.127232227,0.077957338,0.092345134,0.123883037,0.082532893,0.09348251,0.109992264,0.097733055,0.075703906,0.135254266,0.12376319,0.085545279,0.045735341,0.140168161,0.143843749,0.112441756,0.102563525,0.083284229,0.133478817,0.107273937,0.085845758,0.117109423,0.119450831,0.13325841,0.100296753,0.125404088,0.080740789,0.081696226,0.104446834,0.081402493,0.118962371,0.11518372,0.068035969,0.077717641,0.110572829,0.068219578,0.103897372,0.101749786,0.053495952,0.093545913,0.101958748,0.1281763,0.103362933,0.110397889,0.096653392,0.104569933,0.115964545,0.121755044,0.104953398,0.119164011,0.093358043,0.127931526,0.116128482,0.075489131,0.113606055,0.080839331,0.093239487,0.111205746,0.112060393,0.105758508,0.103988799,0.066137548,0.100253819,0.11729131,0.08931842,0.117880747,0.114073379,0.115156307,0.062203282,0.053954431,0.113468691,0.115879217,0.102103835,0.11924743,0.12994318,0.08521405,0.065297359,0.090951638,0.121261216,0.071377454,0.125902884,0.077839497,0.067990475,0.093351889,0.098137595,0.120369521,0.103056922,0.09921821,0.070086665,0.141899556,0.124356821,0.110741521,0.096768936,0.106573573,0.091541679,0.115620562,0.08577932,0.090647958,0.09484622,0.095201809,0.115664392,0.092397352,0.110143402,0.110830697,0.088842077,0.107437307,0.126806191,0.110241781,0.129165454,0.131520613,0.116981457,0.108132161,0.127967112,0.042359044,0.048740572,0.107369902,0.115652386,0.055269266,0.045163916,0.109287213,0.084267234,0.064474114,0.085572124,0.064997413,0.084780553,0.086747517,0.083283488,0.12454621
13,0.3,0.101443747,0.104048899,0.102781298,0.103457642,0.097972455,0.099859396,0.063576639,0.097929327,0.092085122,0.085519187,0.104307859,0.103355969,0.099282819,0.066430378,0.104923457,0.060064491,0.059290459,0.084369882,0.074955476,0.082016218,0.099296864,0.092279493,0.089865985,0.052405077,0.112897341,0.065514879,0.084574229,0.091754664,0.083596727,0.092743691,0.113376757,0.097854223,0.121293039,0.101806796,0.097671122,0.082885189,0.111206319,0.077350524,0.106526023,0.101419012,0.064717453,0.104364952,0.063028463,0.107231146,0.10401534,0.088525593,0.090789915,0.080530185,0.051470199,0.104982187,0.106409743,0.098399894,0.071939747,0.091985054,0.091749741,0.094317168,0.065639729,0.055439429,0.118876196,0.117414185,0.089325859,0.105800276,0.078396622,0.095298718,0.077880712,0.101745983,0.081062782,0.093862256,0.108288569,0.102140116,0.068276181,0.122973297,0.112504334,0.106792632,0.103910187,0.105148169,0.104765337,0.055681949,0.09927892,0.079072671,0.084211457,0.095022116,0.095570512,0.100779834,0.09270301,0.10585596,0.093848217,0.116208131,0.11935489,0.114733221,0.098080324,0.096749228,0.097540449,0.100038034,0.098499191,0.107575053,0.09863686,0.114486346,0.105467926,0.103759626,0.074829663,0.067958191,0.097980974,0.081250486,0.06556686,0.105157019,0.067793962,0.104340903,0.075485301,0.108658046,0.122217271,0.079274231,0.079530616,0.102448343,0.076401179,0.096444719,0.103908893,0.084349204,0.066046834,0.121894331,0.096629564,0.0861717,0.04506511,0.111409521,0.122406839,0.107602656,0.091844258,0.079615554,0.120612688,0.089703778,0.083832446,0.115230492,0.10775384,0.121680211,0.083396282,0.103648942,0.078956506,0.092966219,0.097514078,0.071789092,0.116335448,0.10640812,0.076881261,0.084602501,0.086239841,0.068690116,0.102198158,0.096611125,0.043000589,0.0723963,0.082553448,0.106077019,0.101782537,0.10165794,0.069404325,0.103075977,0.118204192,0.119853119,0.103077944,0.112384243,0.100133901,0.122517982,0.096922524,0.057153472,0.102907583,0.069709758,0.08097404,0.078089259,0.100693217,0.063661783,0.083753586,0.066150344,0.092061629,0.105281346,0.093546467,0.104302102,0.114489263,0.109241128,0.069675712,0.056926049,0.112746625,0.109748933,0.103782432,0.105717114,0.109381142,0.080437622,0.069564436,0.081168583,0.117426914,0.074435745,0.130775289,0.079520128,0.081614893,0.074990313,0.092112468,0.096765284,0.090598714,0.10075118,0.057418905,0.118568516,0.131861429,0.115531305,0.092312897,0.094231392,0.092072423,0.107341948,0.090866901,0.096011275,0.088481134,0.086043044,0.105521254,0.086492487,0.103882293,0.106906434,0.080734025,0.100304414,0.105228776,0.092468766,0.114882233,0.117368474,0.10667428,0.102150145,0.112255295,0.036257717,0.056441619,0.099784728,0.100828454,0.065357518,0.041724874,0.1042254,0.077070598,0.051512729,0.082679531,0.054280159,0.083212352,0.082820011,0.079510298,0.114830087
14,0.4,0.102951884,0.095645513,0.097353856,0.091985349,0.0907148,0.101316084,0.072315293,0.098986187,0.092819372,0.081225487,0.10547581,0.093417651,0.08889443,0.055574371,0.09543324,0.050141483,0.052119972,0.088214077,0.086508596,0.089906536,0.074784515,0.093415112,0.078276605,0.066274352,0.09811798,0.049456583,0.071058084,0.097453516,0.076262835,0.077006861,0.094609298,0.086874396,0.109387982,0.084374383,0.096384442,0.095448507,0.101234406,0.079265625,0.10014342,0.076828622,0.065393382,0.100398333,0.058270729,0.081124022,0.086622794,0.0847046,0.089903525,0.093351483,0.042921237,0.095630207,0.090385532,0.098819806,0.083406583,0.07923385,0.084674593,0.089131788,0.049283567,0.069559052,0.103282537,0.099687542,0.080053615,0.107919228,0.075549057,0.097969037,0.059840484,0.093044717,0.081207428,0.08437333,0.103178758,0.089181401,0.055842104,0.112014849,0.093332875,0.102082988,0.096102448,0.10833498,0.090038829,0.052993332,0.096964888,0.085853011,0.082631234,0.095608438,0.088950475,0.088325815,0.084933488,0.107878342,0.081243485,0.09809337,0.107030534,0.094241864,0.094783535,0.090522011,0.095012092,0.081449133,0.073899211,0.108267643,0.108021815,0.097998125,0.091281986,0.102617436,0.070504852,0.070076037,0.084941909,0.077170555,0.066928838,0.089712546,0.050788417,0.085235458,0.064311133,0.084408493,0.112520001,0.077695903,0.08721506,0.099996641,0.095156155,0.089060091,0.091332667,0.085203475,0.066092197,0.111494967,0.103299307,0.085873816,0.049621737,0.087359389,0.100658803,0.085980134,0.075797002,0.063993391,0.104493835,0.074837065,0.088615269,0.092225033,0.100006156,0.107103232,0.07529322,0.085918091,0.080190802,0.072969584,0.08254803,0.067253053,0.101078436,0.095958227,0.06491439,0.061893833,0.094702119,0.055838828,0.085804309,0.079685149,0.040580184,0.075614175,0.086942541,0.084771636,0.088878286,0.114235654,0.072728691,0.096984951,0.102260351,0.12469139,0.092177754,0.114262,0.062431465,0.107222426,0.082373404,0.062858605,0.08505352,0.076435007,0.069738778,0.074688671,0.09685228,0.086586606,0.08042137,0.066248915,0.075099803,0.101638166,0.066109279,0.094214517,0.109170183,0.093113413,0.060908333,0.054965594,0.093739568,0.103809271,0.096152472,0.095333629,0.119506729,0.070114513,0.057931348,0.095295283,0.090879971,0.0604271,0.105084752,0.064221459,0.067665908,0.080484919,0.094261429,0.087020927,0.07148976,0.080390797,0.058644944,0.108353967,0.11069261,0.100751423,0.087237862,0.079211016,0.077532767,0.110254691,0.069251019,0.07612089,0.099143418,0.087916842,0.092980022,0.071948555,0.092509598,0.091567134,0.072759987,0.095496076,0.104999241,0.093824122,0.105559313,0.102133051,0.10741521,0.094662324,0.110220556,0.044978468,0.055515717,0.099324422,0.095667936,0.04879686,0.043717967,0.094761081,0.075379591,0.055137202,0.08755073,0.057575246,0.071633515,0.078948016,0.079333893,0.104188829
15,0.5,0.091903856,0.084895843,0.093491199,0.106345214,0.086372429,0.098726871,0.065378763,0.082544278,0.101249834,0.077073119,0.09764137,0.082803223,0.090426075,0.059877049,0.087134513,0.053499017,0.047457653,0.062797405,0.094232639,0.076621662,0.075244739,0.094760112,0.083257485,0.056072525,0.091109357,0.054822106,0.068158393,0.100764342,0.094912905,0.08216885,0.101004628,0.099573839,0.093139436,0.082438817,0.088913082,0.079598842,0.089210887,0.076323035,0.104105799,0.087445529,0.052989242,0.103787406,0.065781495,0.09061285,0.09603374,0.0756779,0.064731978,0.066870017,0.032886121,0.092951092,0.083466621,0.096718696,0.060859445,0.077572478,0.078837336,0.084234348,0.060035721,0.046421886,0.115238701,0.093042084,0.075309559,0.115797048,0.069458964,0.101154033,0.056958241,0.099115613,0.063939487,0.078016988,0.105801814,0.083088852,0.065694579,0.108682324,0.097197866,0.091780756,0.097832295,0.095514143,0.097422773,0.051909918,0.098382139,0.083745934,0.075715538,0.103658245,0.076273202,0.101125229,0.083157367,0.096534739,0.08738764,0.09502339,0.106700996,0.103900532,0.075912998,0.09668797,0.091308652,0.078625657,0.078420182,0.102876923,0.1138337,0.100764462,0.080295631,0.092768619,0.061544744,0.05922583,0.089474188,0.076593164,0.056915941,0.088564715,0.070076717,0.084361356,0.068331048,0.09551742,0.102058685,0.063712795,0.069941953,0.089792398,0.06635225,0.086730148,0.103593098,0.089378592,0.063403509,0.098474219,0.099147521,0.073988734,0.042822002,0.097575828,0.101328037,0.079430707,0.077197448,0.079903933,0.108435914,0.076881617,0.077982334,0.102814363,0.107060449,0.097515201,0.077672495,0.086061207,0.066206268,0.093415484,0.092830215,0.081968401,0.106737812,0.105892493,0.058352646,0.067419255,0.083428267,0.051116349,0.084299928,0.083112081,0.026016507,0.074017042,0.076640651,0.109295366,0.090316219,0.080943001,0.070821129,0.103116729,0.100177916,0.112566626,0.082777175,0.107238594,0.060950747,0.109354101,0.086901132,0.06344127,0.097239457,0.087826043,0.080657659,0.068274898,0.085239989,0.092067986,0.062458161,0.059012583,0.076064332,0.084926202,0.091690318,0.093670445,0.091717189,0.094943067,0.039505225,0.040613831,0.090165953,0.093345904,0.0978867,0.094713252,0.113554054,0.067454944,0.052416076,0.067111258,0.108169941,0.069021758,0.104921266,0.06741862,0.073569652,0.076458235,0.075151086,0.086024514,0.086391895,0.076848508,0.061586173,0.114163973,0.100017131,0.09637659,0.093669116,0.075611844,0.078457145,0.106108877,0.085079127,0.080129914,0.085947759,0.075169029,0.086570987,0.060231185,0.091582377,0.086259891,0.07496405,0.095116962,0.094849819,0.096949522,0.101463249,0.10051635,0.1032491,0.09729382,0.102854661,0.040046777,0.047585779,0.095123075,0.091206665,0.046816881,0.042043539,0.083377891,0.060045609,0.056766623,0.074088842,0.055434598,0.072239129,0.084464272,0.084195264,0.097158659
16,0.6,0.097785707,0.092827659,0.098611214,0.098071577,0.090027323,0.111757466,0.062612749,0.112675132,0.099220313,0.074452282,0.090608088,0.084838853,0.082309828,0.050785041,0.094027367,0.050260205,0.055734265,0.095481735,0.082226229,0.081035386,0.086577767,0.08149338,0.077561995,0.050774904,0.097878052,0.057084809,0.083592908,0.089405612,0.064836054,0.084878339,0.112045314,0.081908864,0.103922333,0.090092204,0.094522929,0.087773505,0.103422028,0.086500882,0.093245152,0.087714689,0.060566654,0.100789897,0.060739997,0.092438299,0.087251889,0.091952825,0.07328576,0.071173501,0.045192382,0.093329161,0.069361208,0.09877898,0.072777564,0.080786785,0.092127356,0.091468673,0.061282933,0.055531127,0.112386952,0.10387528,0.072698397,0.103048228,0.077721217,0.100239242,0.055460777,0.09198703,0.069962884,0.102115631,0.098164002,0.090995243,0.074433268,0.105155533,0.085993259,0.103272059,0.102813765,0.086114374,0.106415429,0.045166498,0.084813797,0.081745284,0.088228481,0.088683435,0.073362843,0.082106146,0.083250995,0.110178319,0.083151341,0.076367584,0.095337705,0.102247121,0.083671911,0.092112981,0.093535404,0.088374986,0.089005479,0.100444199,0.091391002,0.103646393,0.077529998,0.071292456,0.056103383,0.061940682,0.088931244,0.061092709,0.066848427,0.091054912,0.066356556,0.078179995,0.069530012,0.090886815,0.111793869,0.059615195,0.067389106,0.104749232,0.085663203,0.08896516,0.0982296,0.093117257,0.066799198,0.105968442,0.087100515,0.074736949,0.044621159,0.11572306,0.101414575,0.087660433,0.087317191,0.079858802,0.113254731,0.078456053,0.072681696,0.093269587,0.093466278,0.101687091,0.07654646,0.09107951,0.083700667,0.084337548,0.092213964,0.081833332,0.117768359,0.094546181,0.057767123,0.066280003,0.084816134,0.063546572,0.099561761,0.07827986,0.051772404,0.066965706,0.07563053,0.091122294,0.09128734,0.097555146,0.0888551,0.101975061,0.093093199,0.092452229,0.095999327,0.101653117,0.095292783,0.10692718,0.106867756,0.063274202,0.090506616,0.061814022,0.080055933,0.080294649,0.101093626,0.078010544,0.084480928,0.080600967,0.081920506,0.098988243,0.087664606,0.099025438,0.097580396,0.103094313,0.060468131,0.051921028,0.090594624,0.098730969,0.091518255,0.099537157,0.104138929,0.062693722,0.057766588,0.071214801,0.089480949,0.050222377,0.107923972,0.070179615,0.064308737,0.072811107,0.082215318,0.096695837,0.081378456,0.078078334,0.055784123,0.103746568,0.111061331,0.102050615,0.084951597,0.083501839,0.084589707,0.096953725,0.095951679,0.075185346,0.090277113,0.076826154,0.080500411,0.074514179,0.082669454,0.10219418,0.072732367,0.085490037,0.106244974,0.098845583,0.111792453,0.105244956,0.107903869,0.089045538,0.110268203,0.040835345,0.057777463,0.091914379,0.094990522,0.066913136,0.035222565,0.08859715,0.0716387,0.051112004,0.088416181,0.047814895,0.070715535,0.070863965,0.081251147,0.099354229
17,0.7,0.120699629,0.118960552,0.125636059,0.101873076,0.113763157,0.125466063,0.091904182,0.108318865,0.124743639,0.080385451,0.109851997,0.0920964,0.083497767,0.056476811,0.130305157,0.049066049,0.055356282,0.080608588,0.100376224,0.095244639,0.10954627,0.097304094,0.112590215,0.066914204,0.101423057,0.055805385,0.088934057,0.100891456,0.063954505,0.101622048,0.137064012,0.090284484,0.135967684,0.092474466,0.10607342,0.106487722,0.119871532,0.10867265,0.111557849,0.076744826,0.064914849,0.121822733,0.111805855,0.086504172,0.117254998,0.114051536,0.100319934,0.083275535,0.042610834,0.106756502,0.079736088,0.109323062,0.084128459,0.086135106,0.114080479,0.097570817,0.053333725,0.087647615,0.10373616,0.111965186,0.093823247,0.118630695,0.071494405,0.108687521,0.056958183,0.119082226,0.098700873,0.125870943,0.112099915,0.11070128,0.073206572,0.123389008,0.097806236,0.115164793,0.121241325,0.134541263,0.086022653,0.053590008,0.113922233,0.077348498,0.10614107,0.102641249,0.08477356,0.119257134,0.078062256,0.106483333,0.087142066,0.120095861,0.12973105,0.098408379,0.120674892,0.094105071,0.084558804,0.103713412,0.110000384,0.123579387,0.132499469,0.127516291,0.110896921,0.119728417,0.087241768,0.056539713,0.118510951,0.102805296,0.066236018,0.118268754,0.096661394,0.115241079,0.112853619,0.115253946,0.116678732,0.087393815,0.125699256,0.10971468,0.090746723,0.07217637,0.090286252,0.101651458,0.077939095,0.112206932,0.13755144,0.085560867,0.070251951,0.126721448,0.126330625,0.088977878,0.116307283,0.077141568,0.130652195,0.090295632,0.075878644,0.121838895,0.107290923,0.127230514,0.105728484,0.094661633,0.097999186,0.125321716,0.10432961,0.120927423,0.125920613,0.124032573,0.065134917,0.086426352,0.10457948,0.108631585,0.102246208,0.11043191,0.041875596,0.07439097,0.094755919,0.115900792,0.115147651,0.091769877,0.081387664,0.115046928,0.107151913,0.124541354,0.121742907,0.136673755,0.111065461,0.109845617,0.100328207,0.098516992,0.124938753,0.055309152,0.071942793,0.085949879,0.118968418,0.093617446,0.092019935,0.098072585,0.090981586,0.119614226,0.086139275,0.124655173,0.121008202,0.107953679,0.089159749,0.062319582,0.094336211,0.119330824,0.131882501,0.108569178,0.113195724,0.083155901,0.055402061,0.07561105,0.124704066,0.064824712,0.136761913,0.080772868,0.087293502,0.104319028,0.094901468,0.100165017,0.07986663,0.101600298,0.065430188,0.129738315,0.12603248,0.110996347,0.11753992,0.088565654,0.107694889,0.108206668,0.094005787,0.089132399,0.109245116,0.09147802,0.09479804,0.094966343,0.113926168,0.113758743,0.093346333,0.101632423,0.107272006,0.094768006,0.106132625,0.11925898,0.113898587,0.116109941,0.124942901,0.064006945,0.049299651,0.117159998,0.111561161,0.046743821,0.051983821,0.113617392,0.09353082,0.059541696,0.095172898,0.078921889,0.074468399,0.075851448,0.106814123,0.122019797
18,0.8,0.130984521,0.118650049,0.132090806,0.12291011,0.12140699,0.121201622,0.107912177,0.123987716,0.117727614,0.108801567,0.120166399,0.098577982,0.081363447,0.056948391,0.147581004,0.047668758,0.079925347,0.106044153,0.122489937,0.102319204,0.111758063,0.108108193,0.099320171,0.084144313,0.107132947,0.093404917,0.095212346,0.124222816,0.09274669,0.108502047,0.121721963,0.109003543,0.129079177,0.111756418,0.117300463,0.125735806,0.118274385,0.136481331,0.120876122,0.104329816,0.101218244,0.140200997,0.10715443,0.1113088,0.115716303,0.121124605,0.109109305,0.104594813,0.081931182,0.126860953,0.092789857,0.12669267,0.123393089,0.101475846,0.127708593,0.126268542,0.078095877,0.091258925,0.120566963,0.121661539,0.097969799,0.131104361,0.095658258,0.113377747,0.054177653,0.113089236,0.109335166,0.133152393,0.113117822,0.120903908,0.094465467,0.133387863,0.116549814,0.119381534,0.121491729,0.133680174,0.112942401,0.07710291,0.125282569,0.094493618,0.103421995,0.116642563,0.091906753,0.132158146,0.097450612,0.112385677,0.096855899,0.145208167,0.118489877,0.113452665,0.116943577,0.121446812,0.123770298,0.125193663,0.114065575,0.135010057,0.129303481,0.122076865,0.110156673,0.113667498,0.106732334,0.093948753,0.124132246,0.097390916,0.08573707,0.114944023,0.094118932,0.11092216,0.116806014,0.119535164,0.132539642,0.084343016,0.101219909,0.099607558,0.112095156,0.085496475,0.135532556,0.127419844,0.096513879,0.131393358,0.111094539,0.094619848,0.087271125,0.132163221,0.147422131,0.105929649,0.117500148,0.093105585,0.126209972,0.123946976,0.100701667,0.137281892,0.13168005,0.132808041,0.117860937,0.115254432,0.118095146,0.125622824,0.113163111,0.112096334,0.131113931,0.130569966,0.091252603,0.084657913,0.103883225,0.104836118,0.107001123,0.109194332,0.087578016,0.101240591,0.104309395,0.108356628,0.118146321,0.124656105,0.125779335,0.131536224,0.126135363,0.141467688,0.132392651,0.115873585,0.121304002,0.130681451,0.117332882,0.095262091,0.124975178,0.083850665,0.109907706,0.101591128,0.139333721,0.10813817,0.106603993,0.080914994,0.106331881,0.133987012,0.099605787,0.125410091,0.124921025,0.132335007,0.107163442,0.085839946,0.121074074,0.122140013,0.127399747,0.114558046,0.13179007,0.087279584,0.083620321,0.093796295,0.143309508,0.060546115,0.119861644,0.100038292,0.118055754,0.105154527,0.112558083,0.124118239,0.112571427,0.110489263,0.081033468,0.134953573,0.131084649,0.121068894,0.118272583,0.102852896,0.1119507,0.139582938,0.103454116,0.101848376,0.096596067,0.114338188,0.111791321,0.115083013,0.103549656,0.130487133,0.092625179,0.126815318,0.12978877,0.11278457,0.117871298,0.12263815,0.133286464,0.11856863,0.124171234,0.077920438,0.085206762,0.105209708,0.125201511,0.08388484,0.077026945,0.121315382,0.1062436,0.082877979,0.121280064,0.088598359,0.108493446,0.090849171,0.120724841,0.122819865
19,0.9,0.121433324,0.112017624,0.12426233,0.119748039,0.117809315,0.113939165,0.103274919,0.13178981,0.126316301,0.110266896,0.132491053,0.123249169,0.119667948,0.092482966,0.111392187,0.088215993,0.088971623,0.100368731,0.13470986,0.110170354,0.099305722,0.117358199,0.099006828,0.082117169,0.124140642,0.096974435,0.114621277,0.112333873,0.135870169,0.110791472,0.139342539,0.113695998,0.132443614,0.120172845,0.121409863,0.140918705,0.119465662,0.14049737,0.127289373,0.109480778,0.08980378,0.140081362,0.074918138,0.107157347,0.109852809,0.105553307,0.110422964,0.107881135,0.089148796,0.137291608,0.133676332,0.12358175,0.122649673,0.11654605,0.120035126,0.130084029,0.108689466,0.100854266,0.127205628,0.11767966,0.11280867,0.140017383,0.092805436,0.124407154,0.083050973,0.125632082,0.122529576,0.13293921,0.126884627,0.115176142,0.091578213,0.131852988,0.10993106,0.13389288,0.1242485,0.132231488,0.123963623,0.083743506,0.135714435,0.101154104,0.129908891,0.119057092,0.106178675,0.131498707,0.107342867,0.135604656,0.116154748,0.131244955,0.129890236,0.127568085,0.126183236,0.130057525,0.131060124,0.117779431,0.109112031,0.137525466,0.125097876,0.119984327,0.111594164,0.097763222,0.110309921,0.083755856,0.1299772,0.112520142,0.082430276,0.138166745,0.101832649,0.104805934,0.120897952,0.129638606,0.123745328,0.118636837,0.103183755,0.111163078,0.119202894,0.105847696,0.115619945,0.114287595,0.09384393,0.137129924,0.118001014,0.108529653,0.093106519,0.122198864,0.13092688,0.126331492,0.130528841,0.10930106,0.124794748,0.106990649,0.12570208,0.156097557,0.130020879,0.133664181,0.120912568,0.129438151,0.110039105,0.110054442,0.126737502,0.102492766,0.123747744,0.135734519,0.099486775,0.091318889,0.123647541,0.103228504,0.12018593,0.116826966,0.113631431,0.117066182,0.107575528,0.122247349,0.113899628,0.136019415,0.135577153,0.120829697,0.128290339,0.140917391,0.121389365,0.130742895,0.119005436,0.134198346,0.12057977,0.091575696,0.114918767,0.100707318,0.097918532,0.101795536,0.131916924,0.130440215,0.116131806,0.097556401,0.126074928,0.124468934,0.107567723,0.118414436,0.130777979,0.135683019,0.104546843,0.07840087,0.095784898,0.118609367,0.13721636,0.133099256,0.135877768,0.099577354,0.089880414,0.116769447,0.133236692,0.096938408,0.121457559,0.100184279,0.11358341,0.109726738,0.118000789,0.099856574,0.109055581,0.114403006,0.105064562,0.150583971,0.121039091,0.130302022,0.121869559,0.127712445,0.130479914,0.126530849,0.096468387,0.116166144,0.113543838,0.127014338,0.112549779,0.14042261,0.113002486,0.125073773,0.10387975,0.151304908,0.124089541,0.14233259,0.130543666,0.12822757,0.128352708,0.115138676,0.125695254,0.090985569,0.103017516,0.117002922,0.117716758,0.089022141,0.083571019,0.117821438,0.108379354,0.088001071,0.113286272,0.095629869,0.102253103,0.094285035,0.107244775,0.128889684
20,1,0.127173127,0.112324619,0.128342936,0.124623099,0.123381542,0.127854481,0.093196444,0.132758974,0.115070665,0.105751755,0.120130082,0.123070965,0.110764718,0.084835389,0.109560495,0.085033104,0.098198871,0.099872883,0.124484011,0.12150816,0.107524088,0.109099167,0.115861287,0.095114491,0.127610698,0.090884688,0.114869157,0.125775616,0.113807733,0.113566269,0.127569769,0.104152199,0.131609174,0.120765809,0.122664866,0.143475879,0.112565392,0.138444918,0.131973872,0.11335008,0.090692603,0.126771675,0.102218705,0.112098683,0.10741034,0.124631202,0.118072843,0.094274853,0.095547335,0.131433968,0.140707914,0.12947072,0.135130555,0.116094019,0.127923179,0.135280336,0.103641669,0.110677715,0.12773362,0.121488762,0.104572517,0.132820222,0.098374717,0.128726177,0.08526977,0.128385873,0.106798586,0.128931259,0.115430639,0.11327539,0.126380882,0.131803199,0.103457559,0.128640351,0.124898738,0.137650421,0.121837988,0.100261935,0.129023105,0.094417481,0.129173519,0.122263355,0.11648495,0.128612155,0.103837744,0.126803755,0.104426252,0.116596634,0.127719858,0.125542359,0.123770944,0.119068039,0.122658024,0.121629287,0.112281182,0.123543705,0.12485546,0.122831004,0.110660172,0.10437177,0.085810275,0.104514889,0.126502358,0.122591091,0.093768259,0.126335584,0.110386798,0.123501807,0.095881727,0.12088026,0.130961685,0.109391289,0.108247199,0.108603016,0.112802067,0.118798809,0.129293527,0.106291535,0.095403264,0.135289505,0.133768557,0.106245634,0.108517029,0.145543622,0.121632536,0.136397339,0.107202709,0.117855888,0.134487404,0.121255261,0.106339898,0.137688161,0.135451514,0.143068973,0.136821401,0.133251943,0.108181746,0.102832788,0.12230006,0.112516658,0.124212584,0.137598645,0.105969694,0.094671758,0.120111585,0.116371593,0.112446722,0.119858,0.129398189,0.106882795,0.109452325,0.132837368,0.11786153,0.135463957,0.142952891,0.109726451,0.137031557,0.131545075,0.117214535,0.123762425,0.106918993,0.125300601,0.113171097,0.090624923,0.134710457,0.086764857,0.133275032,0.114296629,0.136616085,0.119643564,0.112637559,0.11057473,0.116534214,0.11894879,0.102020585,0.122366608,0.133995858,0.124997924,0.110550372,0.081411831,0.115906707,0.130146941,0.120723138,0.123446149,0.123751005,0.103319503,0.098853009,0.125311663,0.135213687,0.107168647,0.121654783,0.107779826,0.123774209,0.100482598,0.120207444,0.109306073,0.106962462,0.111211289,0.105375867,0.132374991,0.124127172,0.127264984,0.131264712,0.121369197,0.112924411,0.12394466,0.097981732,0.1192618,0.130099841,0.119271399,0.110942362,0.142722196,0.122142999,0.114859901,0.103420831,0.133432406,0.125206138,0.137579914,0.13022641,0.133597926,0.132321396,0.10111198,0.128952051,0.077380617,0.0936298,0.121637643,0.123181502,0.094555545,0.087599638,0.124150138,0.099801085,0.105287063,0.100986508,0.111908412,0.099638541,0.113156079,0.097198522,0.131489043
21,1.1,0.120355328,0.121755729,0.124473418,0.12811629,0.120470238,0.127638518,0.112680943,0.128120005,0.108296626,0.109916838,0.117820371,0.113808329,0.097917529,0.073715927,0.107342101,0.070367805,0.08458202,0.09098608,0.12563871,0.116241689,0.132736448,0.120877543,0.109308013,0.10742012,0.121157174,0.086922388,0.100809525,0.125656475,0.082773236,0.112621809,0.127965669,0.109923745,0.128594597,0.12291686,0.123487164,0.131606548,0.118322253,0.123352939,0.126709108,0.108379836,0.1007162,0.125932849,0.077221337,0.113386583,0.107759105,0.117213309,0.115860932,0.094460791,0.082871075,0.131296014,0.125020473,0.126115423,0.132144538,0.112918016,0.119175412,0.128428575,0.107657054,0.095807147,0.123348039,0.123915465,0.107585636,0.133784312,0.109516088,0.116006738,0.081258867,0.124427055,0.105483613,0.134564744,0.120676338,0.112703567,0.106982051,0.126958907,0.111400334,0.117511125,0.128010023,0.135385181,0.120705942,0.109009711,0.120227133,0.090864504,0.129205484,0.123968987,0.121312784,0.1383504,0.120196304,0.132692756,0.103736499,0.118711592,0.128229211,0.116221508,0.127495885,0.121811066,0.109413761,0.11646774,0.115402188,0.117016956,0.12839848,0.123124958,0.114251439,0.100105688,0.101127389,0.114951053,0.120286689,0.10321292,0.089948554,0.121197911,0.111450824,0.119690065,0.093116123,0.11674195,0.123355521,0.111504961,0.107329637,0.111408478,0.123349344,0.106555306,0.127307813,0.110237535,0.083555277,0.13072696,0.130218917,0.102277798,0.112560676,0.136617791,0.130234391,0.125578377,0.122462928,0.114648639,0.135433785,0.116319058,0.098542258,0.125834013,0.12827832,0.142288215,0.118264996,0.12506145,0.121675496,0.102130195,0.120393896,0.111730471,0.128852467,0.130497253,0.1070933,0.091043233,0.127195804,0.100430795,0.111392621,0.117392855,0.126982092,0.095693932,0.108916547,0.12820626,0.120649333,0.134586572,0.129347484,0.116775823,0.129132039,0.125095064,0.129832436,0.134511716,0.092258764,0.121987318,0.130916121,0.10342263,0.122129035,0.088079565,0.130422969,0.113453929,0.139204994,0.1186075,0.118541482,0.11119026,0.11125629,0.119578514,0.092999124,0.118425297,0.12260731,0.125295964,0.104787549,0.079234511,0.127042759,0.130723669,0.124093028,0.124444825,0.134985934,0.102216113,0.104351296,0.093403326,0.14306564,0.093164044,0.126098816,0.11195956,0.133192503,0.1107798,0.109140407,0.108597117,0.096520145,0.120004424,0.118407441,0.130555958,0.116220627,0.137405384,0.117783895,0.125903857,0.11233967,0.125248495,0.107991322,0.129068439,0.133612571,0.112089076,0.120115569,0.141594245,0.12727754,0.131776283,0.109600264,0.126532928,0.119928933,0.123904965,0.123310222,0.145529741,0.130262181,0.118256233,0.122479381,0.077649457,0.091771722,0.126840681,0.112575696,0.109659304,0.087681962,0.128086882,0.106761313,0.114225332,0.100011549,0.102736801,0.101607145,0.106610247,0.099387288,0.121042023
22,1.2,0.127286365,0.125794499,0.127255221,0.119828825,0.120963689,0.131280908,0.09929502,0.12360909,0.134422137,0.102304718,0.134386205,0.109366668,0.110769759,0.069363154,0.128193703,0.074499764,0.074819026,0.094743653,0.123798171,0.117515075,0.120068456,0.119605456,0.118906814,0.109257543,0.124943054,0.089079595,0.106479431,0.131170409,0.086522526,0.113303794,0.12835857,0.109851333,0.134692928,0.115785138,0.12055549,0.122999338,0.120720343,0.118827762,0.131577833,0.116692017,0.092759391,0.128099707,0.077466716,0.127306421,0.106535882,0.119228981,0.106836765,0.102770531,0.073414918,0.133607025,0.113697592,0.12424718,0.128742585,0.100939769,0.120697281,0.11135809,0.103619327,0.101018764,0.129352531,0.128894204,0.105397662,0.121142985,0.103253539,0.121026322,0.07852896,0.12639896,0.099483592,0.132717781,0.121954716,0.122613078,0.089556684,0.13167144,0.117905855,0.115351725,0.121857737,0.125637334,0.133012224,0.105458709,0.104571808,0.085965285,0.118286136,0.129012369,0.099060941,0.127359978,0.112175905,0.122547078,0.11273773,0.120432957,0.132285787,0.115393666,0.123978421,0.117991423,0.114258406,0.118042137,0.130194922,0.124034122,0.125608458,0.128798447,0.11082857,0.111730147,0.122741863,0.103364832,0.131432215,0.108478739,0.101692372,0.130896604,0.10953529,0.118413147,0.120061704,0.125098883,0.140145624,0.106210567,0.09811173,0.112968022,0.11815394,0.106944662,0.130488174,0.118554341,0.091749199,0.125496638,0.129522838,0.099569323,0.107544097,0.123599443,0.136244217,0.140013444,0.119296396,0.112899084,0.120717885,0.117273,0.095769916,0.125648367,0.133135196,0.12871012,0.109973174,0.12388263,0.118670732,0.10656171,0.120832595,0.11510447,0.123240287,0.122046159,0.099153788,0.088893989,0.117303384,0.107440695,0.11807563,0.111058485,0.129950213,0.100983646,0.110274328,0.127796873,0.115345634,0.121374131,0.123942318,0.119125562,0.124649088,0.130404151,0.123759254,0.126079544,0.106986887,0.115725643,0.143444466,0.102540009,0.117400033,0.095930332,0.124353679,0.107892766,0.136627899,0.106356005,0.120552801,0.10422811,0.121589531,0.115781657,0.098922145,0.129186795,0.116472353,0.116747506,0.108781701,0.064306955,0.118732491,0.126399684,0.129726733,0.122144917,0.128574295,0.096532043,0.103970683,0.078008778,0.123893304,0.098318947,0.119476547,0.10672159,0.125407019,0.116236793,0.114858167,0.113129369,0.104981991,0.118131432,0.115333513,0.14342167,0.133457103,0.128446231,0.113347748,0.115947651,0.106147743,0.111768009,0.106519755,0.115550263,0.119889691,0.117917982,0.117743941,0.118460966,0.118647958,0.135729258,0.110743416,0.125528928,0.13395459,0.119610096,0.132283207,0.127270996,0.129322552,0.118984044,0.128677894,0.079852266,0.087449143,0.118192059,0.122590791,0.100797186,0.076831863,0.124084851,0.102841818,0.117409337,0.113931536,0.116736709,0.104367357,0.111723197,0.104248143,0.133886768
23,1.3,0.129938121,0.134909957,0.137681901,0.126511059,0.125686936,0.115298542,0.106722417,0.134185774,0.127500121,0.102638952,0.116147723,0.11174754,0.110048019,0.069954038,0.119992813,0.08578149,0.08033612,0.092776543,0.120741749,0.105660619,0.117019409,0.130911532,0.111642556,0.114390974,0.120123761,0.08877575,0.099927737,0.120871375,0.103702623,0.114613917,0.133222128,0.119046144,0.13283112,0.120136174,0.119177998,0.116565896,0.129977936,0.108612975,0.132378165,0.115336532,0.096287921,0.120566895,0.079672469,0.129145474,0.113773223,0.106761599,0.11438319,0.105661465,0.079576371,0.134179344,0.119418743,0.122074232,0.11948572,0.102785181,0.126009363,0.117425867,0.103754388,0.08397056,0.130023003,0.131608291,0.112144769,0.127786839,0.112584058,0.119273207,0.081436737,0.1335143,0.099264194,0.132429315,0.121019735,0.114176661,0.080430073,0.132157579,0.126670126,0.112301853,0.116822203,0.132416235,0.115390921,0.109857614,0.10640875,0.082140938,0.109781351,0.132471918,0.104310247,0.130060166,0.106213804,0.126812389,0.109711452,0.122283987,0.136494666,0.131365032,0.117543304,0.113707485,0.111569932,0.122924989,0.120137729,0.121635666,0.134841312,0.129486656,0.108533428,0.112258723,0.10469682,0.095212959,0.127474469,0.109721193,0.09573411,0.12342031,0.095502972,0.129997738,0.103847293,0.122726812,0.138632241,0.098946548,0.107320676,0.125452071,0.118470839,0.115835657,0.124047487,0.112921377,0.095919958,0.129207334,0.117680642,0.109031952,0.098482392,0.119098725,0.124883035,0.140380559,0.118883603,0.105797413,0.129243798,0.103562595,0.098856693,0.124219874,0.132372433,0.118005766,0.109140813,0.127539397,0.120234691,0.106298943,0.108918982,0.109546145,0.120722094,0.11342727,0.095114537,0.095511782,0.113491237,0.120122988,0.132497013,0.124075625,0.124600782,0.097132363,0.121199056,0.128258004,0.119030674,0.10680087,0.123051473,0.131717697,0.120070104,0.132686644,0.124466748,0.126919832,0.11865056,0.110289519,0.139756884,0.102787653,0.120143111,0.08927213,0.121832501,0.113709072,0.131659924,0.092420961,0.11099764,0.093823262,0.124903664,0.127100995,0.093449629,0.119493192,0.122465516,0.121264049,0.105745369,0.061577483,0.114653693,0.135835149,0.120233062,0.13480702,0.129248941,0.096326081,0.10736065,0.108570736,0.139988937,0.090477968,0.136294326,0.095674615,0.125530489,0.11893422,0.109180321,0.123921214,0.100326634,0.112218529,0.104245182,0.134338477,0.119799379,0.133992617,0.119369422,0.119437546,0.106467558,0.115698493,0.108279979,0.118983221,0.118676956,0.0996175,0.140541753,0.118431423,0.111808569,0.126956492,0.109715629,0.130255468,0.133278025,0.115006086,0.132815652,0.133995441,0.138194712,0.111150866,0.12411627,0.080726375,0.090388846,0.121286852,0.122441039,0.097026886,0.079720823,0.12037039,0.096357058,0.112504084,0.095717131,0.108026923,0.100153452,0.105057694,0.105220323,0.128201495
24,1.4,0.126205173,0.13340977,0.120628617,0.122336465,0.125003995,0.112523638,0.103794228,0.12059392,0.132371609,0.109947675,0.124051363,0.115775631,0.122777356,0.08210565,0.106945487,0.093492983,0.079010712,0.113403534,0.120416424,0.118265828,0.112258223,0.134685107,0.115391776,0.114119308,0.128978626,0.09445995,0.104023231,0.124100061,0.124098209,0.118810538,0.13580474,0.112455,0.124015127,0.122696611,0.128001354,0.119621139,0.124359413,0.114056413,0.120558313,0.11675869,0.11003616,0.12286199,0.084717054,0.131692551,0.115741339,0.111955099,0.117551032,0.113212925,0.081811017,0.136074973,0.116399674,0.113854939,0.113509936,0.123645936,0.11883037,0.112977073,0.088363914,0.09349976,0.133490102,0.137678635,0.104120804,0.133235107,0.100578735,0.120111276,0.101180441,0.120047971,0.101519719,0.133614313,0.120100076,0.121441901,0.090472871,0.128705918,0.123814727,0.114598098,0.118667138,0.128215282,0.126543918,0.083694184,0.126318103,0.093592319,0.110880568,0.133509751,0.101676222,0.13073764,0.113126461,0.116541494,0.10708778,0.121065634,0.134255316,0.12929964,0.109243522,0.120526441,0.125737413,0.129361675,0.107338171,0.120381529,0.12071629,0.119796103,0.10959645,0.123802955,0.113939962,0.094081122,0.124320339,0.110160479,0.101771947,0.116878331,0.099598076,0.111141628,0.105690574,0.124260335,0.117047181,0.100508039,0.11027514,0.11910167,0.108344717,0.11011398,0.131361914,0.133200245,0.089273282,0.133425721,0.124598942,0.098878188,0.094245281,0.121137707,0.130160922,0.132235744,0.12239233,0.096579496,0.131994841,0.106908997,0.10168537,0.121877748,0.131471374,0.122935746,0.101753348,0.126853867,0.103195246,0.102722493,0.124718983,0.108526964,0.124861878,0.11431361,0.092415539,0.095666177,0.122056178,0.103167629,0.132454506,0.116697797,0.115338419,0.102650139,0.116829846,0.134930433,0.121554782,0.121701663,0.12768105,0.123282705,0.121238293,0.130490137,0.131428828,0.121859365,0.110163466,0.137557596,0.12968476,0.103842461,0.113538318,0.102618743,0.106768014,0.123494884,0.131553076,0.10206073,0.12577948,0.097966196,0.122369187,0.130419378,0.10144575,0.123505079,0.127139006,0.119997973,0.092915895,0.067800804,0.121138621,0.138053334,0.117228142,0.12376385,0.122762554,0.108510946,0.100691232,0.114342706,0.134849495,0.086410726,0.132376139,0.100974464,0.114525814,0.118527542,0.11073284,0.115341547,0.099343137,0.125413568,0.10190062,0.123401026,0.12164299,0.132388182,0.111915249,0.111834186,0.113354934,0.119034635,0.110688434,0.121316259,0.120273545,0.107098661,0.125937897,0.114901923,0.130637693,0.125269548,0.110577744,0.127433254,0.129939591,0.125587309,0.126388022,0.123471539,0.129646523,0.114599867,0.124206482,0.081264149,0.089043707,0.121604327,0.120173354,0.085397465,0.090816848,0.122530584,0.095862985,0.124286193,0.11251382,0.091627158,0.092938711,0.106323549,0.097143686,0.11737289
25,1.5,0.120774896,0.121341936,0.126894877,0.139263733,0.130561845,0.105189976,0.106249523,0.109335205,0.130397095,0.10665427,0.126041995,0.124003938,0.113198402,0.087711141,0.118787597,0.096544637,0.074328409,0.108500584,0.114179593,0.104466205,0.104443847,0.134694593,0.111027291,0.106975517,0.136942983,0.092684857,0.113594658,0.132374007,0.128874931,0.124844514,0.126980686,0.113341297,0.125504708,0.120598572,0.118293434,0.110142175,0.124339714,0.12409994,0.128452526,0.122772154,0.104099615,0.122368525,0.100368541,0.130007059,0.136031543,0.119692081,0.10652266,0.110447268,0.076567775,0.120971749,0.124669669,0.120237564,0.107158649,0.115187123,0.124379026,0.108444649,0.081598082,0.082874724,0.132382952,0.121176737,0.107970904,0.129834941,0.100632163,0.117889225,0.10203482,0.124370449,0.11133952,0.12583057,0.115440636,0.123920004,0.087497074,0.120320622,0.129729878,0.114470887,0.110959212,0.134839959,0.129141943,0.083427734,0.106739366,0.098450758,0.119440972,0.126549412,0.107824848,0.121532253,0.120372523,0.119515075,0.123975738,0.119517503,0.134289354,0.126013926,0.109036161,0.126869494,0.112743798,0.121731445,0.120531693,0.120661743,0.120919018,0.110807458,0.1129,0.115249029,0.110155789,0.099172049,0.116000235,0.109678233,0.098128085,0.126898324,0.092052621,0.122664635,0.111827568,0.126296201,0.127867253,0.106021023,0.105131835,0.115717321,0.116064053,0.116952662,0.132131043,0.117927602,0.084532272,0.136680619,0.11807316,0.10149536,0.093669595,0.122572549,0.117337361,0.131477507,0.12487158,0.098776777,0.123697872,0.106392725,0.110802273,0.127618717,0.134022937,0.124815256,0.113194132,0.124869163,0.101471141,0.109186595,0.116493712,0.103583833,0.131421707,0.128338379,0.103994044,0.101075266,0.121081356,0.102138825,0.121039702,0.118302619,0.103125998,0.097063342,0.127306835,0.126484462,0.129096466,0.109718546,0.128740538,0.139359211,0.117631403,0.133518639,0.122093766,0.138017511,0.123413596,0.117824663,0.127372492,0.10145962,0.123411183,0.110059846,0.106362235,0.12435821,0.119049736,0.085974436,0.122269354,0.102911342,0.135959444,0.105267617,0.099408749,0.123596775,0.129496459,0.133495888,0.099711551,0.08780421,0.120714744,0.14018341,0.124308203,0.12153595,0.123454839,0.105176299,0.097203707,0.129784492,0.132120334,0.086907501,0.129883344,0.102551605,0.116029428,0.127499399,0.10234586,0.124095292,0.101777237,0.120467348,0.102449159,0.12723208,0.123301042,0.127990757,0.126847448,0.115734751,0.112198045,0.125432424,0.109728815,0.117442351,0.121446074,0.116589444,0.121187364,0.11496258,0.126659054,0.128152009,0.110630391,0.125552272,0.126082733,0.115039668,0.121230777,0.132091926,0.139116301,0.123025823,0.120711183,0.082862125,0.097687984,0.12013452,0.116546288,0.095004285,0.082008083,0.137194783,0.091174588,0.096502533,0.102047352,0.086176301,0.098197514,0.116870532,0.092912082,0.124076184
26,1.6,0.118267473,0.117352526,0.126847671,0.122222464,0.129905635,0.122304131,0.114231277,0.12194612,0.124132252,0.126862274,0.117937421,0.119556389,0.110652744,0.082985817,0.124948673,0.095470251,0.087621788,0.114824258,0.121052751,0.108381982,0.112921332,0.133605789,0.105372937,0.116703224,0.132813734,0.100117885,0.093420734,0.135758672,0.130907117,0.112438428,0.139118161,0.110359035,0.124232498,0.126093462,0.115664161,0.113317516,0.133308011,0.124878629,0.119243974,0.115817369,0.096756273,0.120441274,0.095061589,0.127941022,0.115102583,0.122759148,0.112897017,0.110155856,0.074296722,0.120018533,0.119898025,0.123835514,0.116387114,0.124252893,0.117843279,0.125526641,0.096937469,0.085796996,0.127181276,0.133487958,0.106581712,0.133553009,0.111137119,0.125244319,0.116699079,0.123064892,0.110142667,0.122186626,0.119406676,0.118021985,0.087681821,0.127079518,0.122727392,0.124160958,0.1075732,0.130579038,0.119204208,0.086757246,0.106604021,0.119960194,0.095878862,0.125757179,0.10193725,0.129069742,0.119877456,0.13019125,0.120960936,0.116347368,0.125220343,0.121426992,0.106189812,0.107252958,0.11675523,0.11565106,0.112051984,0.137432428,0.112058087,0.115564302,0.105122118,0.116078093,0.113412667,0.089201912,0.109958038,0.104089252,0.111588069,0.127356619,0.088947451,0.120809552,0.112100915,0.119340151,0.120934163,0.104431366,0.122472414,0.125279597,0.118423835,0.111655237,0.11980571,0.121500868,0.101372197,0.121898425,0.123418028,0.101650567,0.098301019,0.114091677,0.120779072,0.142803594,0.119621516,0.104773142,0.125978,0.122267797,0.110658688,0.106127769,0.129036645,0.108498124,0.108787098,0.130707824,0.111695751,0.099909128,0.119421633,0.104924947,0.124132723,0.106361643,0.113974471,0.108306209,0.12400054,0.102088963,0.115508589,0.115477117,0.099969829,0.104440013,0.124202655,0.122926778,0.116506242,0.108835677,0.12783016,0.132064837,0.129727158,0.129967745,0.128004652,0.135405103,0.115529035,0.125977874,0.125280693,0.10656619,0.117118076,0.110411012,0.118594869,0.129632198,0.115582163,0.097430347,0.115100398,0.101087424,0.131616925,0.115021287,0.101453694,0.131111713,0.128668412,0.125674954,0.09841271,0.092395521,0.129377075,0.13631639,0.122161907,0.127698674,0.128429479,0.104569951,0.105563259,0.12852723,0.128928674,0.09619335,0.116329596,0.102768908,0.114527198,0.124303227,0.11037813,0.117594809,0.102158158,0.117133101,0.101680336,0.136125058,0.130432262,0.121852682,0.116847362,0.117667317,0.106272644,0.128560606,0.115523195,0.107871788,0.131572342,0.120107353,0.127242441,0.136004302,0.116372787,0.131070895,0.116944586,0.138386288,0.128167525,0.119896046,0.12332289,0.129698054,0.127660104,0.122955562,0.130825446,0.075592496,0.106335141,0.122688405,0.116300903,0.089990572,0.093874877,0.130464584,0.103856482,0.101373672,0.113377442,0.085946246,0.102429713,0.118746054,0.103847467,0.122071318
27,1.7,0.121423915,0.116045872,0.112650023,0.118888432,0.124668578,0.118621933,0.108999691,0.12312978,0.118370063,0.120123998,0.124169643,0.117819501,0.102341012,0.081680987,0.122731225,0.102279443,0.095531332,0.115857909,0.132423738,0.104269821,0.115825973,0.135989507,0.110597265,0.110215497,0.134725349,0.102170058,0.101974953,0.119024357,0.142271608,0.10981662,0.123396586,0.119646668,0.134357396,0.120155723,0.114361057,0.123138288,0.123880788,0.129792444,0.121788704,0.113274221,0.093536658,0.117499076,0.082133186,0.125561158,0.119438309,0.118602913,0.108666014,0.110487205,0.066378873,0.129296941,0.117155257,0.127704857,0.112958942,0.127764058,0.124226151,0.133424637,0.104358935,0.08964965,0.128018336,0.129378844,0.10721626,0.122758269,0.107239785,0.122575694,0.101707724,0.117669389,0.112964358,0.117444352,0.117863659,0.120769197,0.08499445,0.127657205,0.12347794,0.12434353,0.113504046,0.128209541,0.126033618,0.088528322,0.112565168,0.118390258,0.107172884,0.124237395,0.112139776,0.128228233,0.129332171,0.128762498,0.114160493,0.117936575,0.136329318,0.120745913,0.102080331,0.108769967,0.109401669,0.109557102,0.108499114,0.125968781,0.112562088,0.122619101,0.104931669,0.10469448,0.107026891,0.091654029,0.109005587,0.094379774,0.103135483,0.133852362,0.099407303,0.11047557,0.110335996,0.115809973,0.118318265,0.105695188,0.124517662,0.122275966,0.125010933,0.105665974,0.125493683,0.113698457,0.106003975,0.119125284,0.134361133,0.102878233,0.107028452,0.12110254,0.126605759,0.126898035,0.116427907,0.112526284,0.116069019,0.10683771,0.100939248,0.106806235,0.119480972,0.107486347,0.100885569,0.132588167,0.115591966,0.104551828,0.123532265,0.108093051,0.118796216,0.100548824,0.123388265,0.115909929,0.126763239,0.110350864,0.122226248,0.108142247,0.09437762,0.098875137,0.121069985,0.122915326,0.12166099,0.114691906,0.111416997,0.125955074,0.112725066,0.131988456,0.122080977,0.129847968,0.120976008,0.118677237,0.140686405,0.104082452,0.124113412,0.111363633,0.108080378,0.117893611,0.111825887,0.084967003,0.10474761,0.105795159,0.150095677,0.116489201,0.104653226,0.120504884,0.11921807,0.121762943,0.092473819,0.083515322,0.130054121,0.134170467,0.124857607,0.114513529,0.132363954,0.100349439,0.112237748,0.112758414,0.125568232,0.084417396,0.121284787,0.1066429,0.119158499,0.122192261,0.121476627,0.126188929,0.108027353,0.125084669,0.105101607,0.122389289,0.133986236,0.121444352,0.12324415,0.120520541,0.106089244,0.131447178,0.120160482,0.11750088,0.120990782,0.121061593,0.119182995,0.107019688,0.126968889,0.119072555,0.113353725,0.128986013,0.12799007,0.130598503,0.128810923,0.131644193,0.129099003,0.132627069,0.117254523,0.078663823,0.101111885,0.132535247,0.110378374,0.087770361,0.078278367,0.12594833,0.100248678,0.097624977,0.111326679,0.093685881,0.101159244,0.117946587,0.098255427,0.120112589
28,1.8,0.127862122,0.105948513,0.118161908,0.113037013,0.12141513,0.124149855,0.10992888,0.10753136,0.127160275,0.110650262,0.117546827,0.121038951,0.097469881,0.08725699,0.123317606,0.082086445,0.102458778,0.115402935,0.110192489,0.101215359,0.120334721,0.129723343,0.104855231,0.107836492,0.131556809,0.106454541,0.092045524,0.123844674,0.126830273,0.1051203,0.146601258,0.125445084,0.133480457,0.128027206,0.130159365,0.117674565,0.124629339,0.124010883,0.130202107,0.113402779,0.104808537,0.115664748,0.092872471,0.116199003,0.11548667,0.11868567,0.113115497,0.108805316,0.071544844,0.118339141,0.129810684,0.122992661,0.098708486,0.109218979,0.116177914,0.115484295,0.108642981,0.094627023,0.125420499,0.118624401,0.102695307,0.129530675,0.100679596,0.121033576,0.111726404,0.123846472,0.105970398,0.117758537,0.116267153,0.126207007,0.083003889,0.131267405,0.12440261,0.118300357,0.120859244,0.131671803,0.118484142,0.084990929,0.110899241,0.117720921,0.113470814,0.121469338,0.108564571,0.127243887,0.108101014,0.11724431,0.111624068,0.121529543,0.120750958,0.120589045,0.108869767,0.116179217,0.106882253,0.105946437,0.11706455,0.123060109,0.113788316,0.122169136,0.112029552,0.093873869,0.1044104,0.093007164,0.121564306,0.105431787,0.099772637,0.113968241,0.092816417,0.103591661,0.116872,0.120345398,0.122440955,0.112116207,0.116608531,0.12682015,0.116175667,0.111186925,0.13560032,0.124379621,0.099713495,0.120476835,0.133455315,0.119842883,0.105109915,0.124035875,0.129534946,0.109397487,0.120629228,0.129727248,0.119211285,0.110022079,0.104347355,0.118949087,0.118328419,0.119025826,0.100730415,0.124037839,0.117219053,0.090754082,0.123809441,0.106675521,0.131205184,0.11229514,0.121666845,0.120715726,0.125199211,0.105353095,0.115513506,0.128523971,0.086031723,0.095075815,0.122125603,0.118952135,0.126306068,0.11242949,0.118303806,0.127171222,0.107357312,0.125199847,0.113900927,0.12163919,0.114445625,0.115909923,0.122780374,0.112897409,0.114692636,0.113070463,0.10822276,0.121612225,0.117869521,0.096450605,0.107144116,0.107211438,0.147779357,0.113238297,0.11741477,0.125637351,0.121411006,0.112583965,0.096067226,0.082517164,0.127616849,0.136566897,0.12971928,0.126281554,0.126208532,0.095020351,0.108821302,0.115334726,0.137280347,0.081974304,0.119651592,0.107290511,0.109122352,0.120492516,0.106509711,0.119855628,0.106942261,0.118001181,0.10582103,0.132615168,0.116788357,0.125673044,0.123740013,0.107078183,0.095522733,0.119170617,0.108897543,0.111196636,0.121645524,0.129292058,0.110334136,0.125104303,0.122584549,0.121127829,0.111433272,0.11893759,0.114394005,0.130480916,0.123815871,0.12211161,0.122931967,0.124246109,0.119116263,0.077222785,0.101823388,0.122766465,0.11085964,0.086942635,0.085523389,0.129055465,0.101516736,0.113190714,0.121981282,0.099116485,0.109866911,0.122012803,0.118405358,0.115635901
29,1.9,0.126987054,0.122168853,0.124238828,0.111631235,0.120381733,0.103229015,0.113041975,0.100667738,0.126399605,0.114013522,0.119860805,0.115404228,0.118233778,0.090603358,0.119572433,0.072211907,0.097298363,0.124009379,0.115889392,0.101842944,0.124917672,0.127443469,0.103461273,0.108908219,0.129748345,0.108690183,0.103628404,0.12635689,0.119942667,0.108148055,0.131862076,0.12258757,0.131359085,0.129891335,0.112436645,0.122175605,0.121862623,0.125355491,0.129105554,0.111025161,0.105155824,0.115963032,0.101206224,0.121103019,0.122198835,0.128772117,0.107926865,0.109249178,0.070732215,0.113318402,0.11950257,0.120027761,0.110530196,0.106785239,0.12207582,0.119779747,0.107443789,0.096584149,0.130278867,0.124918976,0.098141278,0.132877862,0.10199585,0.12073505,0.117047819,0.116731513,0.099031568,0.110633618,0.112669029,0.113380359,0.095274433,0.132688628,0.132537645,0.11953209,0.112545486,0.123671765,0.129482625,0.089165769,0.113867305,0.125433804,0.102326741,0.11396869,0.109298457,0.128681786,0.122941005,0.125057141,0.107714641,0.115561778,0.121764833,0.111305097,0.099695801,0.11554905,0.111942014,0.109251492,0.116640072,0.129455022,0.11762495,0.113564332,0.093023067,0.089977741,0.101241765,0.097344812,0.122824822,0.104234424,0.091668021,0.123769,0.099729701,0.100640442,0.122221709,0.12396727,0.132879656,0.107842635,0.116463336,0.133052004,0.108818887,0.118498365,0.121307083,0.118202812,0.100301322,0.132351394,0.131653873,0.111028136,0.099677337,0.122534722,0.128581432,0.125255528,0.116532116,0.122322843,0.117589076,0.113759859,0.108140811,0.111873118,0.118974086,0.121000665,0.09164325,0.125535947,0.116620345,0.08790192,0.106187793,0.110760173,0.133056921,0.102886036,0.122587096,0.114224247,0.125805638,0.102122667,0.119355892,0.128642051,0.094699501,0.103263642,0.126379021,0.128261024,0.127378655,0.12123376,0.114735674,0.118303448,0.116856908,0.127743407,0.111060809,0.130909464,0.117945691,0.121629198,0.127745151,0.102761039,0.116349156,0.115709874,0.111072758,0.115138141,0.133185091,0.10319167,0.107267037,0.100256561,0.133014898,0.116930958,0.114284811,0.120450413,0.113892426,0.116264762,0.104388881,0.087812664,0.121950834,0.133590554,0.124595777,0.12421044,0.128473792,0.100600712,0.107928437,0.103004855,0.128881622,0.080289902,0.126572342,0.107108415,0.102596152,0.121637229,0.115078934,0.114790897,0.10129,0.111057934,0.098069743,0.13433188,0.119857567,0.115223594,0.120545879,0.112950969,0.109113364,0.128952937,0.112918026,0.114245511,0.111336228,0.124162542,0.122232618,0.104587997,0.123883973,0.109055613,0.106295453,0.124917764,0.123333527,0.120506825,0.11843878,0.136475174,0.13047022,0.116855422,0.122059344,0.092773101,0.091455486,0.120767526,0.110853111,0.110831683,0.090378476,0.126795055,0.101521478,0.104021324,0.123407739,0.10287447,0.109059358,0.116276187,0.108230647,0.117049973
