drift_beta,,10638_LuiseRainer_26_f.jpg,10645_LuiseRainer_27_f.jpg,10666_LuiseRainer_28_f.jpg,10671_LuiseRainer_74_f.jpg,10674_LuiseRainer_27_f.jpg,10686_LuiseRainer_46_f.jpg,10752_OrnellaMuti_15_f.jpg,10757_OrnellaMuti_21_f.jpg,10762_OrnellaMuti_26_f.jpg,10765_OrnellaMuti_29_f.jpg,10785_OrnellaMuti_51_f.jpg,10789_OrnellaMuti_55_f.jpg,10791_OrnellaMuti_57_f.jpg,11665_MireilleDarc_34_f.jpg,11669_MireilleDarc_38_f.jpg,11678_MireilleDarc_51_f.jpg,11679_MireilleDarc_54_f.jpg,11683_MireilleDarc_58_f.jpg,11847_BarbaraBouchet_25_f.jpg,11870_BarbaraBouchet_61_f.jpg,11876_BarbaraBouchet_68_f.jpg,11948_AngelaLansbury_20_f.jpg,11959_AngelaLansbury_35_f.jpg,11962_AngelaLansbury_41_f.jpg,11964_AngelaLansbury_46_f.jpg,11971_AngelaLansbury_60_f.jpg,11977_AngelaLansbury_67_f.jpg,11984_AngelaLansbury_80_f.jpg,11989_AngelaLansbury_87_f.jpg,12024_DebbieReynolds_24_f.jpg,12045_DebbieReynolds_69_f.jpg,12055_DebbieReynolds_78_f.jpg,12092_EvaMarieSaint_30_f.jpg,12103_EvaMarieSaint_44_f.jpg,12115_EvaMarieSaint_73_f.jpg,12121_EvaMarieSaint_82_f.jpg,121_MickJagger_18_m.jpg,12329_MyrnaLoy_51_f.jpg,12330_MyrnaLoy_75_f.jpg,12337_MyrnaLoy_20_f.jpg,12364_MyrnaLoy_67_f.jpg,12376_MyrnaLoy_33_f.jpg,12425_AngieDickinson_47_f.jpg,12438_AngieDickinson_31_f.jpg,12445_AngieDickinson_42_f.jpg,12457_AngieDickinson_76_f.jpg,12607_FrancesDee_43_f.jpg,12612_FrancesDee_83_f.jpg,12613_FrancesDee_89_f.jpg,13032_GeraldineChaplin_38_f.jpg,13041_GeraldineChaplin_52_f.jpg,13042_GeraldineChaplin_53_f.jpg,13052_GeraldineChaplin_66_f.jpg,13417_DanielleDarrieux_36_f.jpg,13419_DanielleDarrieux_38_f.jpg,13420_DanielleDarrieux_40_f.jpg,13436_DanielleDarrieux_64_f.jpg,13437_DanielleDarrieux_65_f.jpg,13522_HelenHayes_31_f.jpg,13526_HelenHayes_52_f.jpg,13533_HelenHayes_23_f.jpg,13537_HelenHayes_34_f.jpg,13539_HelenHayes_85_f.jpg,13550_HelenHayes_78_f.jpg,13554_HelenHayes_70_f.jpg,14520_AudreyHepburn_62_f.jpg,14530_AudreyHepburn_24_f.jpg,14531_AudreyHepburn_24_f.jpg,14534_AudreyHepburn_25_f.jpg,14537_AudreyHepburn_32_f.jpg,14551_AudreyHepburn_36_f.jpg,15001_AnnMiller_15_f.jpg,15003_AnnMiller_17_f.jpg,15007_AnnMiller_21_f.jpg,15022_AnnMiller_42_f.jpg,15032_AnnMiller_60_f.jpg,15260_DyanCannon_40_f.jpg,15276_DyanCannon_67_f.jpg,15277_DyanCannon_68_f.jpg,15279_DyanCannon_70_f.jpg,15281_DyanCannon_72_f.jpg,15283_DyanCannon_75_f.jpg,15289_DyanCannon_32_f.jpg,15369_JanePowell_14_f.jpg,15388_JanePowell_38_f.jpg,15411_JanePowell_74_f.jpg,15414_JanePowell_77_f.jpg,15418_JanePowell_81_f.jpg,15468_JeanetteMacDonald_32_f.jpg,15479_JeanetteMacDonald_39_f.jpg,15484_JeanetteMacDonald_44_f.jpg,15486_JeanetteMacDonald_46_f.jpg,15502_JeanetteMacDonald_43_f.jpg,15514_JeanetteMacDonald_59_f.jpg,15576_KateOMara_20_f.jpg,15577_KateOMara_21_f.jpg,15585_KateOMara_29_f.jpg,15592_KateOMara_36_f.jpg,15599_KateOMara_43_f.jpg,15606_KateOMara_50_f.jpg,15608_KateOMara_52_f.jpg,15851_StВphaneAudran_22_f.jpg,15869_StВphaneAudran_41_f.jpg,15886_StВphaneAudran_62_f.jpg,15888_StВphaneAudran_64_f.jpg,15891_StВphaneAudran_69_f.jpg,15892_StВphaneAudran_70_f.jpg,1663_BobDylan_33_m.jpg,1686_BobDylan_72_m.jpg,1831_TomJones_23_m.jpg,1837_TomJones_28_m.jpg,1852_TomJones_59_m.jpg,1857_TomJones_64_m.jpg,1859_TomJones_66_m.jpg,1908_EdwardFox_34_m.jpg,1924_EdwardFox_53_m.jpg,1930_EdwardFox_63_m.jpg,1939_EdwardFox_76_m.jpg,1981_JamesCaan_27_m.jpg,1988_JamesCaan_32_m.jpg,2008_JamesCaan_59_m.jpg,2019_JamesCaan_73_m.jpg,2055_JonVoight_36_m.jpg,2065_JonVoight_50_m.jpg,2073_JonVoight_60_m.jpg,2076_JonVoight_62_m.jpg,2077_JonVoight_64_m.jpg,2088_JonVoight_74_m.jpg,2097_MelBrooks_40_m.jpg,2105_MelBrooks_52_m.jpg,2121_MelBrooks_77_m.jpg,2124_MelBrooks_80_m.jpg,2709_KevinBacon_27_m.jpg,2720_KevinBacon_37_m.jpg,2732_KevinBacon_48_m.jpg,2737_KevinBacon_52_m.jpg,2785_MickJagger_47_m.jpg,2792_MickJagger_63_m.jpg,2793_MickJagger_64_m.jpg,2794_MickJagger_66_m.jpg,3556_MichaelYork_13_m.jpg,3579_MichaelYork_50_m.jpg,3581_MichaelYork_52_m.jpg,3589_MichaelYork_61_m.jpg,3591_MichaelYork_63_m.jpg,3593_MichaelYork_65_m.jpg,3596_MichaelYork_70_m.jpg,4131_GenaRowlands_35_m.jpg,4138_GenaRowlands_48_m.jpg,4159_GenaRowlands_77_m.jpg,4736_MichelPiccoli_34_m.jpg,4757_MichelPiccoli_51_m.jpg,4885_RomanPolanski_33_m.jpg,4918_RomanPolanski_73_m.jpg,4921_RomanPolanski_76_m.jpg,4993_WarrenBeatty_23_m.jpg,5009_WarrenBeatty_57_m.jpg,5023_WarrenBeatty_75_m.jpg,5028_WarrenBeatty_42_m.jpg,5067_AnthonyHopkins_32_m.jpg,5079_AnthonyHopkins_54_m.jpg,5096_AnthonyHopkins_72_m.jpg,5109_AnthonyHopkins_76_m.jpg,5594_PeterFalk_39_m.jpg,5601_PeterFalk_47_m.jpg,5617_PeterFalk_68_m.jpg,5621_PeterFalk_74_m.jpg,5630_PeterFalk_83_m.jpg,5770_BenGazzara_32_m.jpg,5792_BenGazzara_73_m.jpg,5849_HerbertLom_40_m.jpg,5864_HerbertLom_61_m.jpg,5876_HerbertLom_81_m.jpg,5881_HerbertLom_93_m.jpg,6230_DirkBogarde_29_m.jpg,6231_DirkBogarde_31_m.jpg,6245_DirkBogarde_42_m.jpg,6246_DirkBogarde_43_m.jpg,6255_DirkBogarde_56_m.jpg,6262_DirkBogarde_67_m.jpg,6472_JohnnyCash_10_m.jpg,6485_JohnnyCash_40_m.jpg,6493_JohnnyCash_69_m.jpg,6494_JohnnyCash_29_m.jpg,6497_JohnnyCash_35_m.jpg,6676_PeterGraves_34_m.jpg,6681_PeterGraves_41_m.jpg,6682_PeterGraves_43_m.jpg,6698_PeterGraves_82_m.jpg,6700_PeterGraves_46_m.jpg,6703_PeterGraves_54_m.jpg,6792_RoyScheider_39_m.jpg,6806_RoyScheider_56_m.jpg,6811_RoyScheider_65_m.jpg,6992_ChristopherWalken_29_m.jpg,7012_ChristopherWalken_50_m.jpg,7016_ChristopherWalken_56_m.jpg,7098_GladysCooper_15_m.jpg,7121_GladysCooper_74_m.jpg,7401_MickeyRooney_8_m.jpg,7402_MickeyRooney_10_m.jpg,7410_MickeyRooney_23_m.jpg,7416_MickeyRooney_33_m.jpg,7431_MickeyRooney_63_m.jpg,7436_MickeyRooney_77_m.jpg,7437_MickeyRooney_78_m.jpg,7764_AlbertoSordi_45_m.jpg,7766_AlbertoSordi_50_m.jpg,7779_AlbertoSordi_76_m.jpg,8305_RichardCrenna_18_m.jpg,8308_RichardCrenna_28_m.jpg,8338_RichardCrenna_64_m.jpg,8825_ArnoldSchwarzenegger_32_m.jpg,8833_ArnoldSchwarzenegger_41_m.jpg,8843_ArnoldSchwarzenegger_54_m.jpg,8852_ArnoldSchwarzenegger_61_m.jpg,8945_FredMacMurray_24_m.jpg,8948_FredMacMurray_28_m.jpg,8950_FredMacMurray_31_m.jpg,8958_FredMacMurray_45_m.jpg,8964_FredMacMurray_51_m.jpg,9039_JeanClaudeVanDamme_24_m.jpg,9048_JeanClaudeVanDamme_33_m.jpg,9062_JeanClaudeVanDamme_44_m.jpg,9066_JeanClaudeVanDamme_51_m.jpg,9068_JeanClaudeVanDamme_52_m.jpg,9079_JeanClaudeVanDamme_53_m.jpg,9569_MarcelloMastroianni_27_m.jpg,9570_MarcelloMastroianni_28_m.jpg,9574_MarcelloMastroianni_32_m.jpg,9579_MarcelloMastroianni_38_m.jpg,9603_MarcelloMastroianni_66_m.jpg,9716_DorisDay_30_f.jpg,9727_DorisDay_47_f.jpg,9737_DorisDay_65_f.jpg,9744_DorisDay_82_f.jpg,9745_DorisDay_57_f.jpg,9753_TomJones_24_f.jpg
-1,0,0.150449927,0.138465352,0.153247692,0.163491285,0.158370557,0.146059224,0.140640245,0.136195575,0.142424427,0.13699558,0.1460074,0.155416914,0.153378091,0.138956031,0.145575222,0.122572476,0.129845445,0.141374948,0.139450447,0.138251541,0.146876628,0.158534973,0.120830921,0.129205094,0.168324551,0.124140505,0.148291085,0.150938233,0.148739159,0.1432852,0.146050304,0.150806143,0.164112519,0.147568919,0.154574724,0.143680035,0.153583311,0.162558594,0.153943787,0.169157951,0.119796221,0.152219476,0.113531416,0.144133438,0.155172472,0.153534661,0.131307935,0.13805359,0.133961304,0.146173499,0.152619114,0.160066203,0.154821216,0.138433658,0.15682263,0.136611138,0.146290206,0.137165065,0.15267878,0.1569204,0.142886379,0.12868482,0.148830018,0.148962091,0.133842341,0.15797435,0.148385074,0.163627929,0.145102225,0.154395885,0.122561647,0.151000099,0.143392732,0.148940364,0.152949321,0.139021467,0.146796904,0.126170616,0.139284258,0.158601615,0.143802585,0.158516071,0.146352577,0.149593962,0.150411921,0.164611871,0.141384054,0.150191379,0.153208902,0.157592683,0.148007862,0.152345221,0.145204305,0.166806207,0.123954071,0.158250076,0.139271735,0.143196741,0.149164465,0.128852258,0.137745099,0.14462554,0.141204537,0.137561699,0.144996958,0.145084278,0.134433452,0.142445517,0.133650826,0.166567958,0.157252507,0.136039935,0.1526506,0.154461502,0.148667055,0.151601499,0.136588549,0.154454598,0.142128404,0.137137271,0.157429566,0.128660046,0.111506433,0.152494191,0.160041346,0.137935864,0.141041172,0.146837787,0.145687517,0.139802945,0.122049558,0.129514927,0.153199518,0.140834963,0.136562002,0.144324258,0.151331319,0.141883255,0.146682217,0.130842141,0.150970222,0.14087609,0.149249176,0.13151213,0.152039373,0.136741247,0.141927574,0.153332156,0.110895929,0.146628412,0.140989672,0.156071389,0.15371971,0.149274566,0.134847201,0.156115014,0.149906526,0.154564935,0.143117351,0.164242849,0.133386613,0.154311887,0.157634171,0.12629193,0.157671353,0.13433328,0.154737137,0.139075423,0.145099324,0.126515903,0.127319735,0.111975765,0.169637811,0.149874896,0.155072648,0.138099677,0.155539693,0.14519091,0.122447569,0.112111193,0.141155331,0.144281278,0.156323562,0.154844781,0.165431944,0.143030566,0.122304868,0.150832821,0.15580748,0.116324048,0.145295281,0.137890036,0.138191189,0.13488009,0.157389967,0.14920468,0.136359569,0.136013126,0.151054315,0.148672254,0.175289256,0.161798637,0.1336693,0.141996929,0.14719971,0.141775679,0.145897581,0.144207625,0.147419414,0.152311459,0.153121741,0.141027777,0.15444127,0.15152762,0.139635838,0.161181696,0.145903118,0.148783475,0.129022206,0.158476374,0.157035335,0.138200783,0.171757844,0.118120656,0.134018433,0.156522645,0.144783722,0.111681137,0.147494543,0.161569331,0.123578662,0.120351923,0.152207229,0.151804016,0.156821917,0.135213872,0.143479807,0.16736675
-0.9,1,0.151786663,0.134580388,0.152778338,0.149440138,0.153262949,0.143367452,0.143651095,0.137874242,0.146448413,0.141092668,0.142096055,0.162279377,0.138393938,0.146106603,0.150263006,0.116356422,0.14744794,0.14779476,0.13442807,0.15076275,0.151308556,0.1616763,0.135087031,0.140521366,0.159465277,0.137589718,0.138606206,0.145789489,0.150724027,0.136557817,0.16192892,0.151542078,0.146478332,0.148332739,0.151883364,0.138023132,0.1666514,0.167111368,0.150443337,0.150762614,0.120885193,0.1626493,0.139084144,0.138795601,0.158628549,0.153818264,0.129321701,0.14942616,0.108296273,0.138573889,0.151703007,0.160781656,0.152556147,0.134212433,0.151289257,0.13613025,0.139431281,0.132833076,0.14899529,0.157039274,0.133324244,0.14387399,0.134607983,0.140024934,0.115639622,0.140707358,0.131806001,0.149957779,0.146508374,0.136578706,0.122977348,0.155167812,0.144330853,0.152076829,0.140320204,0.1501978,0.155101716,0.116712641,0.145690715,0.15382301,0.126947103,0.153512345,0.151573256,0.149794485,0.14875689,0.154077396,0.133913942,0.138195527,0.158971398,0.14821827,0.148761426,0.144860711,0.159154974,0.148440997,0.143323524,0.162508555,0.143433162,0.140014888,0.130959408,0.128023294,0.120809338,0.153269611,0.158919244,0.147885631,0.15863192,0.157231758,0.14069618,0.143389936,0.131512572,0.139303046,0.144642521,0.128512108,0.157283222,0.154786404,0.143600264,0.114305716,0.147894482,0.142649206,0.132350491,0.149405626,0.160662964,0.13674033,0.12094683,0.138418048,0.140938266,0.146208984,0.127656068,0.130228953,0.169358398,0.158683019,0.130230819,0.138416272,0.145986893,0.144922645,0.143144068,0.152492469,0.148185773,0.133580311,0.132585385,0.139151367,0.157909694,0.154689457,0.154000827,0.134192118,0.142535439,0.130500341,0.158698194,0.14933479,0.118846375,0.153284182,0.130422652,0.144005114,0.157917919,0.142296154,0.134374111,0.140288012,0.148007841,0.136436561,0.154052819,0.164303317,0.142861371,0.155324964,0.155708488,0.125540781,0.152447855,0.125663753,0.147193551,0.152123617,0.147572681,0.118525564,0.144878304,0.139632784,0.159031665,0.139333031,0.155538981,0.149392208,0.148661676,0.142453696,0.128890021,0.127154816,0.143915943,0.139937078,0.145914062,0.147251535,0.151961331,0.130671946,0.143489979,0.166559942,0.146051186,0.118124721,0.158304435,0.133575394,0.136698498,0.138109377,0.146023528,0.154690124,0.128197619,0.161461339,0.148798905,0.147232074,0.161732718,0.146539787,0.144756111,0.149702651,0.123441225,0.151979182,0.137548064,0.138115464,0.154052457,0.149361821,0.158571982,0.124879494,0.150481251,0.16031316,0.132483263,0.1637088,0.147833097,0.144017749,0.153060804,0.158628936,0.150913678,0.140870793,0.133313655,0.10066496,0.119644535,0.149108553,0.144117434,0.126603675,0.146081977,0.149725674,0.128377812,0.128398451,0.152596268,0.140928649,0.158676689,0.137659511,0.106396987,0.142290138
-0.8,2,0.149176057,0.15189682,0.162310412,0.15869097,0.13523047,0.146773986,0.137983374,0.148551317,0.156959528,0.131431018,0.146719241,0.141581381,0.143674596,0.136302094,0.14405976,0.117102522,0.14007176,0.140309104,0.147860565,0.137376671,0.135852827,0.156891033,0.15312355,0.143381656,0.156005887,0.147533425,0.157973784,0.126776341,0.151326901,0.147906539,0.153929161,0.140437404,0.147969544,0.154743779,0.140075211,0.130972953,0.148153095,0.140609314,0.143653186,0.148897005,0.118968034,0.162471867,0.112989396,0.152982792,0.140314004,0.163389527,0.146026942,0.146593255,0.14930936,0.146011264,0.137928403,0.160601281,0.153375835,0.137798975,0.150037441,0.1364147,0.147605109,0.113141891,0.16457716,0.141455784,0.132116691,0.1303178,0.133454384,0.142103643,0.143174784,0.14938404,0.152341148,0.15238524,0.147186084,0.136950855,0.129987975,0.163864864,0.149150596,0.15607107,0.142734489,0.140609803,0.157349158,0.127322533,0.135163144,0.158706863,0.135670414,0.15577739,0.137824326,0.151118185,0.146256811,0.13717325,0.144156724,0.143217528,0.139883727,0.157757864,0.131096032,0.144443457,0.146424873,0.147836195,0.132970649,0.155202332,0.136704166,0.155169912,0.13424472,0.134957295,0.122937795,0.124214402,0.146788806,0.159637519,0.139970874,0.156390486,0.128360844,0.144670573,0.135486487,0.148436709,0.14796656,0.140276754,0.149767252,0.154829719,0.128484161,0.127622775,0.145269994,0.150900456,0.143385367,0.148459621,0.157014592,0.136074155,0.109176657,0.149083356,0.14304755,0.151173321,0.128413785,0.134406417,0.177202521,0.133818612,0.131268676,0.143124003,0.138013433,0.184074979,0.142682064,0.162015314,0.140728121,0.132506792,0.14403354,0.121023818,0.144482187,0.149533883,0.159950849,0.122749222,0.146837937,0.145064668,0.137157836,0.141915058,0.125100474,0.135634775,0.158136267,0.117283448,0.154421739,0.162004571,0.142137267,0.151308544,0.151387533,0.142924663,0.148297883,0.157850251,0.127824741,0.178200506,0.154575728,0.124807462,0.142206636,0.138683447,0.131617965,0.144427386,0.173450654,0.105920933,0.13798014,0.120532803,0.142247757,0.156097422,0.150637605,0.158066308,0.146916344,0.152803664,0.118967374,0.139611235,0.143930673,0.147285703,0.143652318,0.154822644,0.157728861,0.131947758,0.146776917,0.151093551,0.152258603,0.129517552,0.154782538,0.130059023,0.126933856,0.133413475,0.152546556,0.168291076,0.13053381,0.157222602,0.132025063,0.158159744,0.175330454,0.15781323,0.154016096,0.131909149,0.148443259,0.158907667,0.141143945,0.136750889,0.148891657,0.155180207,0.148431555,0.131287739,0.147231646,0.145821541,0.143766904,0.152255898,0.146841542,0.153643735,0.1420116,0.165429336,0.160938343,0.139134433,0.147864666,0.106382621,0.109088918,0.158727206,0.147035866,0.10595155,0.145886348,0.141444457,0.134260994,0.131004921,0.160449385,0.129634558,0.145642012,0.153856448,0.127024983,0.169636074
-0.7,3,0.15766617,0.142910154,0.155252172,0.163417365,0.14211059,0.151744869,0.127200777,0.129925464,0.153033139,0.128343945,0.1401378,0.160479118,0.145428598,0.138077499,0.159950341,0.110765162,0.15072945,0.159701648,0.149574893,0.153143586,0.142232957,0.170926756,0.123607494,0.139345205,0.152922368,0.139296585,0.13196146,0.124354777,0.136551339,0.142433479,0.150932596,0.152319562,0.156113319,0.149032959,0.146425128,0.139664366,0.154736188,0.191396222,0.143173194,0.138393527,0.129077537,0.156880518,0.111118286,0.157402751,0.160562491,0.16217517,0.146923397,0.12881834,0.111786881,0.151818992,0.135783505,0.155600835,0.156954874,0.148762473,0.15647508,0.134303568,0.135753268,0.136078437,0.148799138,0.166577179,0.12613717,0.139941772,0.136216962,0.153845741,0.117231645,0.15299103,0.124853655,0.158360404,0.134467782,0.146904091,0.117597253,0.157949852,0.142120745,0.13478691,0.142379667,0.13953126,0.146964684,0.124007101,0.131381582,0.154310273,0.13553941,0.151364262,0.143271895,0.153568754,0.136783513,0.152246402,0.147831629,0.144827415,0.146170609,0.15147737,0.140553295,0.146415098,0.143483662,0.13843616,0.145067257,0.151054987,0.14776185,0.141172958,0.147993218,0.132937308,0.146739702,0.125846876,0.144344265,0.157728798,0.139675491,0.142214834,0.123832485,0.144612547,0.121511842,0.155773937,0.155486957,0.123302554,0.157192867,0.155229417,0.155974609,0.117101679,0.129941942,0.15728605,0.130543659,0.155677706,0.164158577,0.136435057,0.126257205,0.151210684,0.148007465,0.156134355,0.148715881,0.119414259,0.156284568,0.151225938,0.122687603,0.137743417,0.163001859,0.162149159,0.137396542,0.176145228,0.137904351,0.132323339,0.158907025,0.126744058,0.168754648,0.14349162,0.136208019,0.135032286,0.1535307,0.129201591,0.149948997,0.152433217,0.120499186,0.141147849,0.141906448,0.146904634,0.143857373,0.157302599,0.137121473,0.138142404,0.143391807,0.141435601,0.14340947,0.176189185,0.143586953,0.155008087,0.149926381,0.126495958,0.148756302,0.150546659,0.137321372,0.136823571,0.155194815,0.112540079,0.143697145,0.110836786,0.135795337,0.132252716,0.163179557,0.147552821,0.150509033,0.155570679,0.102148752,0.14217237,0.146567061,0.146521996,0.141146926,0.161037102,0.150610725,0.139986061,0.140774412,0.144389784,0.138148169,0.116985511,0.142022681,0.137590945,0.143769136,0.130019286,0.143486334,0.131920166,0.132477216,0.162245939,0.137777456,0.158448795,0.168661464,0.152216528,0.143683014,0.133107135,0.121147481,0.14116936,0.137236296,0.148227558,0.144270241,0.146015549,0.150490954,0.133612146,0.156744262,0.152400941,0.139955326,0.154972087,0.160904642,0.14190181,0.151221958,0.153186772,0.14728911,0.155160289,0.14891953,0.108967791,0.122468151,0.15649446,0.147835999,0.135103302,0.123124111,0.148790531,0.119461913,0.111334625,0.15874392,0.127746118,0.145483532,0.160235361,0.141359844,0.154667235
-0.6,4,0.155804717,0.161798093,0.1605016,0.14631664,0.152070159,0.140478615,0.130506747,0.152561911,0.143510317,0.134728606,0.133236939,0.159653894,0.147348381,0.151339113,0.163310755,0.140133137,0.142266379,0.145490039,0.137411241,0.132706391,0.14264443,0.150320817,0.127658299,0.161190615,0.152377809,0.14678697,0.144315375,0.145448832,0.137903584,0.149688321,0.152966401,0.141962183,0.164178347,0.158016703,0.146418688,0.131162025,0.146289276,0.155982154,0.152792127,0.151488857,0.122526367,0.150155969,0.099978852,0.153653617,0.142773253,0.160715857,0.120773458,0.139722658,0.13959187,0.145019524,0.157358152,0.146127592,0.164649738,0.128941378,0.1472755,0.128139878,0.144417162,0.128725458,0.152533862,0.169886498,0.134071658,0.14815728,0.137778093,0.138299601,0.119295199,0.1504865,0.144964197,0.157295819,0.150648273,0.132646687,0.108534315,0.160560923,0.157165051,0.142372523,0.140529298,0.143692425,0.160837842,0.129870912,0.120928158,0.159865548,0.127200955,0.153140177,0.153656017,0.174395839,0.142514767,0.147598225,0.145001287,0.14438393,0.161609952,0.156705321,0.143549412,0.155698504,0.142374682,0.131313418,0.120537842,0.149330644,0.140725769,0.161772106,0.145163339,0.139847948,0.151044978,0.122403978,0.142287511,0.150789747,0.137791947,0.162679064,0.121605403,0.120356407,0.117211988,0.1380769,0.173966066,0.15145325,0.148810102,0.150787566,0.131574043,0.113914939,0.139775463,0.137403309,0.126465722,0.142211673,0.160954805,0.135362031,0.116056846,0.148628978,0.150236537,0.131871992,0.144025673,0.118859858,0.168209258,0.134425104,0.114735508,0.136740915,0.182543081,0.157035006,0.148057586,0.149652117,0.143430601,0.133221751,0.125148819,0.128913301,0.162528852,0.152916132,0.143318134,0.139722423,0.157161875,0.129947283,0.143414103,0.136620146,0.139869511,0.143893123,0.145592988,0.13231601,0.157324107,0.149486848,0.143209091,0.129645078,0.156311108,0.138476955,0.126597017,0.157308362,0.136356611,0.159667764,0.161341712,0.134564477,0.153019277,0.142369516,0.15122801,0.138323333,0.155092387,0.127244176,0.157754733,0.12651147,0.135972949,0.153304008,0.161268211,0.149304098,0.15948341,0.168928897,0.115315521,0.103000547,0.14439879,0.154129096,0.160449023,0.137157674,0.168624401,0.156781345,0.134381674,0.147057856,0.147417142,0.112349132,0.151421819,0.137200559,0.141869042,0.145674878,0.140405702,0.145602022,0.131157966,0.156667071,0.145162594,0.152689744,0.163100828,0.145596417,0.153714547,0.143965738,0.127997129,0.133795102,0.137736928,0.147999157,0.150956691,0.150612849,0.147279324,0.155008929,0.149065005,0.150921287,0.112366302,0.132144316,0.154531992,0.153554181,0.153316571,0.163241788,0.16957288,0.147438667,0.15116222,0.09334779,0.124377231,0.157185004,0.136730707,0.110687875,0.112955544,0.149476075,0.118831458,0.11476435,0.150791149,0.140093703,0.14312239,0.153196598,0.150792138,0.154662861
-0.5,5,0.148152204,0.150045154,0.165892048,0.161471531,0.148791489,0.139593361,0.1111535,0.143982113,0.146869579,0.141873132,0.139572684,0.164929232,0.13878395,0.137461421,0.154338461,0.119605099,0.128046308,0.152974572,0.141704665,0.131523093,0.14325528,0.142213386,0.128064338,0.145304966,0.156007519,0.144732878,0.140062334,0.134746961,0.129597541,0.144445688,0.14419054,0.151071419,0.155704262,0.163902637,0.15781828,0.13720855,0.144782339,0.158604371,0.154271608,0.166331354,0.116394742,0.154650577,0.128200192,0.134878303,0.144183741,0.156651662,0.147444428,0.139291321,0.116456727,0.151820494,0.137725547,0.136697742,0.136333796,0.13504732,0.154330986,0.129272892,0.149678156,0.126296536,0.155135943,0.158519831,0.136120656,0.16596379,0.160092203,0.148348714,0.130748147,0.150936008,0.131411245,0.153648269,0.139623701,0.127837135,0.141862738,0.168732606,0.131112892,0.153561574,0.144423293,0.153581522,0.147335501,0.118116769,0.118459243,0.152476243,0.129761226,0.148217401,0.151900714,0.162081928,0.12578207,0.147559989,0.147822519,0.137216003,0.159908325,0.156822667,0.129992639,0.148476187,0.14859934,0.138786114,0.155348514,0.156345841,0.141494029,0.152404437,0.134266179,0.154474364,0.144201789,0.12060456,0.149620101,0.154380611,0.158418903,0.153730934,0.117556461,0.145353367,0.119127729,0.141282652,0.142951368,0.158277955,0.138673255,0.156003126,0.142053253,0.10000504,0.146162585,0.156908284,0.128128733,0.153802782,0.146104134,0.137098993,0.15415819,0.14435493,0.13403999,0.152721593,0.147522485,0.135412177,0.16993603,0.141093099,0.109493505,0.146469552,0.162153555,0.140026341,0.138992626,0.147524554,0.141593956,0.142332235,0.153709281,0.136683979,0.157131725,0.158984876,0.159373851,0.139857146,0.149119855,0.139233388,0.151128847,0.147824108,0.116847474,0.147626826,0.152663326,0.158926099,0.13946249,0.125802449,0.142697838,0.158165232,0.144028716,0.138815557,0.139301189,0.165983054,0.137137877,0.164660422,0.132847702,0.121779178,0.132296936,0.13746719,0.15462228,0.134838024,0.169333413,0.142516235,0.165679855,0.123943803,0.131588249,0.137762258,0.146414514,0.148190364,0.154571338,0.153257737,0.124797751,0.120104522,0.152742296,0.172802847,0.153183837,0.138941327,0.144199289,0.152245275,0.12448768,0.147366974,0.152219172,0.14512526,0.16126319,0.145647005,0.140987064,0.162475628,0.146061847,0.157493245,0.139950182,0.155385775,0.15465699,0.145480255,0.160357005,0.156721395,0.141613273,0.13975565,0.15371472,0.135455887,0.123939087,0.140031133,0.138977421,0.132726434,0.157335979,0.137025718,0.161902052,0.154592904,0.135904302,0.150384909,0.162680665,0.140992186,0.160341434,0.155783463,0.169115492,0.148704405,0.152605029,0.110137245,0.110688278,0.163180008,0.136643671,0.091468363,0.132245504,0.15454447,0.120851704,0.138852448,0.157454058,0.156965552,0.152401323,0.152867301,0.124775492,0.161873459
-0.4,6,0.146277346,0.15238589,0.159146238,0.154737255,0.138115857,0.145304187,0.121730395,0.147843409,0.154029685,0.132677562,0.155265773,0.145561868,0.148378583,0.118470432,0.156386789,0.133098231,0.136241319,0.141197597,0.143170518,0.138576409,0.152713646,0.148316612,0.121901408,0.14553477,0.155146136,0.134154672,0.151890976,0.12324451,0.13270805,0.145523712,0.15660105,0.127230683,0.143737389,0.154555792,0.147855731,0.124355984,0.144779476,0.159705051,0.169728977,0.138941108,0.130302764,0.15491043,0.123575022,0.148695051,0.165556984,0.151652365,0.135352358,0.147766858,0.109585806,0.152561791,0.147995213,0.147349483,0.12938361,0.118704469,0.141079318,0.149762871,0.137740633,0.122270973,0.16639876,0.16206711,0.139906432,0.144383038,0.156331252,0.168405758,0.133106888,0.176830599,0.139347276,0.154406663,0.152164934,0.134848593,0.1457678,0.156175633,0.147339593,0.156057045,0.138657007,0.148087321,0.132681332,0.134224864,0.120768332,0.148404378,0.110055095,0.147388532,0.161534437,0.153114397,0.122425141,0.161921508,0.149413964,0.140148922,0.157371707,0.162238673,0.144089896,0.142283024,0.136767341,0.142840304,0.131296119,0.141444673,0.152091856,0.155824191,0.138787171,0.16294662,0.139790512,0.133304424,0.141535128,0.152192252,0.144556513,0.150133493,0.144911867,0.162794033,0.129540973,0.12984607,0.166072852,0.143983374,0.153090634,0.127461019,0.150287009,0.156458666,0.142206587,0.142391203,0.099966666,0.161547482,0.142459979,0.134089688,0.125727476,0.147609364,0.14800154,0.148300875,0.129262554,0.126179887,0.151727342,0.161905555,0.128538278,0.143250671,0.162309274,0.147158429,0.129194426,0.140470832,0.132066117,0.146272787,0.139458659,0.146397214,0.16546004,0.151785533,0.141337168,0.11614364,0.147414148,0.116068268,0.174777037,0.146866754,0.1295331,0.138194481,0.146165535,0.143496849,0.159867414,0.132858183,0.142846598,0.158106084,0.154817911,0.151860907,0.130346655,0.153463857,0.130010545,0.145732137,0.155476115,0.122249003,0.153392435,0.154034738,0.125632415,0.149871817,0.154845306,0.150627219,0.146737712,0.136720489,0.13617173,0.151827782,0.152398074,0.157602214,0.14604577,0.161602088,0.118421677,0.111427412,0.15884705,0.167147284,0.137168559,0.141616846,0.160793429,0.126200036,0.113072812,0.14747445,0.13266414,0.141079635,0.154474831,0.132666091,0.118519007,0.139773918,0.147987034,0.142786154,0.134251319,0.141639716,0.130552945,0.156313059,0.161560795,0.164917261,0.146567581,0.145339535,0.153480715,0.130917857,0.14296089,0.155625491,0.14190844,0.138787257,0.155403998,0.148458482,0.147970043,0.139690942,0.149590955,0.147128224,0.152394439,0.138813296,0.153313337,0.162145667,0.155673933,0.14580686,0.147331062,0.108570595,0.11318806,0.14003412,0.132084818,0.102652803,0.125830222,0.153150569,0.128240323,0.12902659,0.145878372,0.145605944,0.147140357,0.153399529,0.140876325,0.153740276
-0.3,7,0.14548321,0.14654833,0.135510905,0.179476814,0.149973401,0.167818009,0.120381273,0.139655409,0.165567743,0.161421888,0.134795713,0.138659065,0.155594949,0.116466373,0.142856404,0.138842719,0.144262559,0.140048646,0.145856715,0.147871023,0.160019206,0.142533773,0.125395712,0.133752043,0.15347862,0.120063596,0.129794747,0.134535066,0.134283437,0.151810165,0.148429943,0.14219572,0.16309995,0.159739048,0.147022963,0.125241613,0.139895624,0.159130321,0.158436352,0.154260662,0.133894379,0.153903987,0.141646189,0.155807183,0.149026567,0.14831844,0.135632847,0.129855765,0.117640754,0.154027133,0.151539511,0.155809417,0.122744776,0.131610826,0.142386326,0.157741882,0.142587269,0.13834882,0.15655774,0.166099438,0.131745645,0.143664904,0.159179228,0.138148825,0.128869493,0.1555154,0.15283788,0.148064044,0.155263143,0.131850802,0.144292941,0.151514911,0.164587758,0.144367338,0.144957353,0.132342894,0.139805446,0.133061075,0.123620854,0.170552387,0.138074734,0.16427742,0.152461392,0.146301676,0.131618041,0.15420336,0.142190435,0.144452524,0.157174022,0.166549988,0.145581423,0.137557488,0.137816994,0.146428981,0.133847856,0.157838634,0.144398977,0.135129394,0.157264234,0.134238711,0.138926421,0.125237442,0.153988737,0.146127737,0.135735965,0.151701561,0.115647513,0.139717905,0.122884642,0.154328753,0.163100284,0.167978752,0.158413877,0.148817489,0.137245519,0.164535168,0.129721355,0.145600805,0.140573815,0.158421408,0.162109179,0.148389193,0.097182974,0.161765991,0.164434272,0.143197405,0.131232005,0.139328914,0.145321902,0.162297278,0.128570055,0.144657631,0.155194026,0.141128756,0.117283281,0.146053726,0.143749931,0.139352573,0.13586891,0.136647726,0.159949195,0.141232707,0.142653538,0.129864692,0.150160656,0.132511192,0.149089886,0.142090105,0.11194746,0.161254225,0.156616237,0.17186382,0.145780283,0.128027409,0.151135657,0.147972515,0.158814629,0.136129377,0.160431949,0.176023903,0.121311336,0.139822116,0.148274619,0.123820231,0.158941196,0.124638069,0.148085745,0.140226027,0.149156336,0.144169449,0.153130657,0.139872712,0.141951033,0.14039948,0.160120753,0.158725424,0.143189024,0.149236513,0.140190422,0.115385775,0.151130077,0.165730895,0.138523146,0.124132698,0.145249614,0.154193503,0.13232852,0.140120973,0.128279895,0.139560211,0.157021214,0.138982701,0.142449454,0.114131679,0.144544545,0.149140676,0.138181044,0.155003084,0.141532549,0.148567873,0.173914257,0.148325944,0.159226903,0.160951501,0.139880951,0.139062437,0.119732153,0.149607506,0.14473459,0.161029022,0.143731038,0.151828282,0.14812493,0.156640867,0.134024848,0.170892776,0.155450129,0.129312687,0.162432055,0.141016577,0.16464546,0.155446362,0.148583561,0.107630446,0.102340353,0.124947845,0.143017984,0.110259445,0.118264378,0.143255687,0.124986716,0.134792576,0.140202637,0.13822598,0.138301103,0.142944668,0.139977488,0.162589016
-0.2,8,0.154092044,0.153469327,0.142507425,0.161490481,0.151164273,0.132922488,0.105309988,0.15487134,0.160383349,0.146516951,0.162661587,0.157217117,0.144113333,0.130472928,0.158825836,0.138203511,0.130644413,0.161665587,0.129644332,0.134289569,0.12940502,0.149215868,0.139094745,0.123590315,0.162752967,0.13165738,0.14271492,0.163626877,0.154896569,0.14241881,0.155988454,0.128595366,0.14474422,0.159067326,0.134372759,0.13635605,0.156732235,0.155860018,0.154835993,0.150601082,0.133673832,0.146537023,0.132287769,0.152488541,0.170376436,0.149328835,0.147912587,0.115535339,0.088563819,0.154632786,0.160963451,0.148389986,0.139024458,0.149084207,0.131366871,0.147007611,0.13981489,0.127498129,0.169161266,0.158739154,0.133711344,0.156128124,0.150705401,0.142991128,0.118692062,0.15489772,0.135902237,0.149221058,0.155106171,0.138241058,0.144656241,0.165308977,0.139673159,0.145847618,0.150393522,0.153083425,0.154255302,0.127035886,0.128148229,0.15915878,0.146959549,0.167163337,0.148480988,0.136601979,0.132252514,0.154982623,0.150640928,0.132224443,0.152364694,0.177090845,0.137293852,0.156832974,0.160492951,0.137801442,0.143979483,0.153962408,0.17363466,0.162754519,0.16315728,0.152123177,0.144395633,0.145300116,0.146542635,0.16001689,0.150106855,0.161154652,0.127693833,0.138463422,0.147987587,0.169993934,0.150477989,0.14693313,0.149417836,0.149961896,0.160194849,0.14838598,0.154170064,0.156532981,0.138838909,0.154138267,0.146818053,0.140890006,0.111491014,0.141427674,0.155887774,0.144994722,0.150558766,0.152500229,0.159077078,0.154492481,0.097663556,0.154413516,0.160356338,0.150291003,0.148624145,0.161677197,0.130304617,0.14203352,0.143575276,0.120013544,0.151643297,0.152411586,0.166438364,0.142478659,0.141291953,0.139116913,0.153735833,0.136120364,0.12893304,0.145465065,0.155298247,0.172651567,0.167886585,0.134999144,0.151833064,0.155619218,0.139104398,0.148339573,0.15242676,0.165595622,0.125308254,0.160669638,0.134492539,0.140056967,0.150921742,0.129693832,0.150088721,0.154945621,0.154543668,0.153103414,0.150009041,0.136604017,0.142838194,0.144171089,0.157448424,0.159193961,0.164968864,0.149690824,0.147258729,0.103409125,0.160228373,0.164824757,0.164215515,0.138668859,0.15179763,0.133771754,0.139524742,0.150875658,0.147939553,0.131096608,0.144098187,0.142131565,0.159163424,0.161102927,0.143417426,0.153741959,0.142175072,0.143597344,0.122533579,0.161598792,0.152422851,0.146959482,0.137331811,0.162730293,0.142572059,0.134455148,0.119065917,0.142617019,0.134497566,0.165210817,0.149661443,0.146652197,0.145597852,0.138322547,0.142923557,0.160845422,0.158226963,0.136989572,0.155661867,0.145633605,0.164354948,0.149013307,0.139531388,0.10839353,0.151060384,0.14982324,0.131087497,0.110326456,0.125660775,0.149653339,0.127173662,0.121157066,0.157095796,0.13129812,0.148820164,0.144924379,0.134834776,0.142483094
-0.1,9,0.158793207,0.150768947,0.15407501,0.152537643,0.154852113,0.136416491,0.118138992,0.146989025,0.160681724,0.138655647,0.150782333,0.1547112,0.133437801,0.11071762,0.156195266,0.130508523,0.12958251,0.156128108,0.132302787,0.140633748,0.154830892,0.146278161,0.124299454,0.123061089,0.160477624,0.114907539,0.138898312,0.158177612,0.140393837,0.140397538,0.163831319,0.146098375,0.157141662,0.168293295,0.145522929,0.126192868,0.159004806,0.150531731,0.165184425,0.143966571,0.131724788,0.141846997,0.115905761,0.15692465,0.169343047,0.141575641,0.152821573,0.11271281,0.10614936,0.155492322,0.146709132,0.171923182,0.139914792,0.148673229,0.143803219,0.148976202,0.135374471,0.153073727,0.14617559,0.153680826,0.13956654,0.172204246,0.143421828,0.149818584,0.090816396,0.16982793,0.154162553,0.151120681,0.145410166,0.159547013,0.125271978,0.161713069,0.15657663,0.134914673,0.150988939,0.148439934,0.147930421,0.121702529,0.130052828,0.159453687,0.139546313,0.151841458,0.146890301,0.156359363,0.140598274,0.136004275,0.148708673,0.154923641,0.150170764,0.17700151,0.155691563,0.156762487,0.156120507,0.131412959,0.144024135,0.15462519,0.146627909,0.159051548,0.147924535,0.153896489,0.147965069,0.138729171,0.147970185,0.149095097,0.13882116,0.148011836,0.131870137,0.139951676,0.091939955,0.163424444,0.160091052,0.154835288,0.15556119,0.163554173,0.158935436,0.160918754,0.164802562,0.150202112,0.118913602,0.162038422,0.132137619,0.124774292,0.115090997,0.139217854,0.151659319,0.164358803,0.148016963,0.150134755,0.166173063,0.154878567,0.140345083,0.139725406,0.151171168,0.156893181,0.136941591,0.148125714,0.139170244,0.13875745,0.143890892,0.138493109,0.145683344,0.142569965,0.129647345,0.140903887,0.158458851,0.107215162,0.132077085,0.144955117,0.118022547,0.135193853,0.153799964,0.158909677,0.152767416,0.156553897,0.137084142,0.141845792,0.152310335,0.147628862,0.161398809,0.169360235,0.138285295,0.149080955,0.168926168,0.149440087,0.144961636,0.141170395,0.142239741,0.149215187,0.158724917,0.153248009,0.133565536,0.1478976,0.154073549,0.163913966,0.160245922,0.147078145,0.169296467,0.150585441,0.133271637,0.118605956,0.130669978,0.169192317,0.150751833,0.163326827,0.173339526,0.145463793,0.113341483,0.14346807,0.125389901,0.129549646,0.156092977,0.153177653,0.135120748,0.136202443,0.145542121,0.133302286,0.14829484,0.155411807,0.129974363,0.14646968,0.177612206,0.164625759,0.153136707,0.162958797,0.152124634,0.137640415,0.139009772,0.165260726,0.170091935,0.164285125,0.140666312,0.137351976,0.142120633,0.158035379,0.13390502,0.166640827,0.143404929,0.163615212,0.140566619,0.148499144,0.150330464,0.150911386,0.169797471,0.099144537,0.142433522,0.154108339,0.151855348,0.121384789,0.11395378,0.151609505,0.128288861,0.138592624,0.141530853,0.116055576,0.148431034,0.145958943,0.139006536,0.149838435
0,10,0.161760633,0.161316245,0.153313686,0.167309619,0.154606413,0.18052067,0.144052339,0.158700337,0.161219704,0.155716415,0.157765378,0.14960633,0.155721315,0.115543154,0.164833222,0.091061746,0.129911126,0.142744097,0.154450938,0.145000698,0.154573432,0.141362705,0.141276351,0.131935429,0.152701512,0.129024464,0.158262815,0.157809118,0.148038555,0.148918039,0.158870417,0.146367856,0.165348405,0.163810153,0.158313252,0.139130251,0.160746469,0.149011191,0.161611958,0.138422116,0.124583357,0.166517969,0.152636821,0.161897682,0.158944048,0.140850937,0.166753058,0.142797544,0.11988222,0.176008225,0.154521975,0.154756055,0.13251757,0.151285611,0.157493787,0.154839196,0.126494492,0.117289436,0.174390826,0.171127594,0.139457149,0.162005009,0.142573651,0.162312974,0.130758696,0.171561437,0.145451886,0.154005937,0.15368086,0.154249457,0.149329176,0.151389429,0.169486324,0.161944321,0.172692147,0.153652827,0.162864825,0.106399478,0.154930808,0.171270363,0.14748562,0.155197275,0.154013169,0.147664352,0.146219748,0.171469795,0.146736813,0.153024314,0.150137204,0.158467308,0.139361381,0.159629024,0.155698555,0.158440831,0.16344963,0.158044161,0.160755324,0.157639401,0.151421445,0.154457026,0.133549446,0.149029886,0.152195808,0.132605143,0.139732865,0.144735312,0.133892646,0.128405787,0.141139028,0.159387573,0.183308085,0.131319879,0.136653202,0.155723408,0.150217278,0.151911662,0.165406823,0.168657076,0.115999146,0.154900945,0.147589428,0.133087907,0.098168685,0.159788973,0.140343251,0.153741264,0.154424539,0.157440692,0.183098969,0.127863457,0.120951079,0.150782058,0.162703107,0.162912528,0.153771736,0.155485787,0.15263582,0.140256577,0.150671023,0.14404548,0.162835056,0.150870624,0.153946448,0.131335778,0.160062019,0.121954238,0.172755186,0.15492816,0.105287334,0.131082662,0.135714831,0.159649816,0.154374787,0.163759117,0.160444399,0.152169815,0.154707222,0.154464325,0.151323352,0.163818769,0.141953498,0.159079919,0.15865784,0.130545374,0.151574983,0.142699258,0.133894864,0.162256289,0.14922668,0.152601253,0.157958508,0.135250462,0.151058397,0.152186203,0.144879124,0.148774059,0.166618378,0.166624473,0.116812049,0.114887677,0.159388131,0.168147419,0.149405524,0.169081847,0.151223232,0.147085044,0.12290711,0.14062,0.159422432,0.11897157,0.155526558,0.142768301,0.137975957,0.130680121,0.149674478,0.147740348,0.149101775,0.161728562,0.131140525,0.162472871,0.172776502,0.148982676,0.162366845,0.151109813,0.13895788,0.161897724,0.127864903,0.154307572,0.158768447,0.15793858,0.160561965,0.137630668,0.164610522,0.160292536,0.142296082,0.156428945,0.161097036,0.15072676,0.166335211,0.171406202,0.155260831,0.135652135,0.167955409,0.067872274,0.110914986,0.162503861,0.164526907,0.119913451,0.130018166,0.166940248,0.151331067,0.126290855,0.138283365,0.126771016,0.14395171,0.142399511,0.14852531,0.165406924
0.1,11,0.156457572,0.158782425,0.159970636,0.180578315,0.157256985,0.158263134,0.135500078,0.148776586,0.165789486,0.137513784,0.147889399,0.146125032,0.14056175,0.116827145,0.15596977,0.109311637,0.122998638,0.130577117,0.156288913,0.136331431,0.152563449,0.142799858,0.132211782,0.116989892,0.16713157,0.127269012,0.146838356,0.155863349,0.134089862,0.140407507,0.1596655,0.159963078,0.177867168,0.155446864,0.159774534,0.151262345,0.158518565,0.13627812,0.156677432,0.13864985,0.119980413,0.186378779,0.136403741,0.155732589,0.148505463,0.133184852,0.13721859,0.140407945,0.122851424,0.14784291,0.147759874,0.164361534,0.147848097,0.167703591,0.133379782,0.152379507,0.118959295,0.126908029,0.161290343,0.167933828,0.126354474,0.159519387,0.160049532,0.180870957,0.110682644,0.151700264,0.116032692,0.145378942,0.163473837,0.152580172,0.147450467,0.169699792,0.154402478,0.161575412,0.173516625,0.152422115,0.159385999,0.139535753,0.149787871,0.146970547,0.146494729,0.151244496,0.143773084,0.150137723,0.142788624,0.163417786,0.143835507,0.157696042,0.169891258,0.167677553,0.139633581,0.158522225,0.154689834,0.139307638,0.16023076,0.161425608,0.148627716,0.151279621,0.159181149,0.131018505,0.134380518,0.118401678,0.162497883,0.131930096,0.132448109,0.160181523,0.149485923,0.159513152,0.15617966,0.148950481,0.186521883,0.153196464,0.139428351,0.1495179,0.148855808,0.140037056,0.160791871,0.144990991,0.124890569,0.158777137,0.146571433,0.142391549,0.113277631,0.163395449,0.157913612,0.149357336,0.141402121,0.149550025,0.175051707,0.163288426,0.145638652,0.173701517,0.169083888,0.158918739,0.133789717,0.161645322,0.154112498,0.130583253,0.150875309,0.136093073,0.166866059,0.166613565,0.130295681,0.122691262,0.147422061,0.113306409,0.147733831,0.143001513,0.127606054,0.143793533,0.149192974,0.15756963,0.156733754,0.147791223,0.136543982,0.143402356,0.169407178,0.163016898,0.145842804,0.176559508,0.139503649,0.16659292,0.155479619,0.153474534,0.153514739,0.139946487,0.152402051,0.14024474,0.161966832,0.137796,0.142837377,0.126241502,0.145910574,0.170215357,0.147512457,0.160603578,0.160620015,0.16902551,0.118691578,0.117171219,0.155845449,0.165432552,0.160173938,0.167265144,0.147291302,0.130993479,0.112478421,0.128948978,0.147473842,0.139174262,0.162927071,0.137925239,0.124777621,0.142195292,0.151106005,0.154951841,0.146656295,0.150822491,0.131211077,0.155493953,0.147619347,0.153954719,0.143198488,0.152903166,0.138320615,0.157323653,0.144428454,0.145727131,0.137280808,0.147551854,0.137021171,0.144453981,0.147744399,0.155689024,0.144112277,0.150683656,0.147922541,0.1600085,0.166466481,0.153898349,0.148396711,0.139230893,0.164283683,0.076021664,0.108555436,0.155263252,0.145093213,0.117079124,0.109027123,0.154221194,0.123844691,0.116910741,0.149471535,0.121066525,0.131228012,0.150419187,0.12588653,0.177945198
0.2,12,0.17271642,0.15875072,0.149420146,0.171951754,0.145990294,0.156683042,0.136973673,0.142301425,0.140734752,0.13646269,0.149379364,0.154547366,0.144430388,0.10042686,0.143073821,0.105840577,0.121058771,0.127565419,0.145879139,0.156240101,0.153358664,0.145470033,0.119565697,0.128463331,0.154325133,0.108974741,0.131384609,0.16449987,0.118487179,0.151516069,0.162318762,0.160433354,0.171504413,0.157400634,0.152197696,0.155218372,0.160586248,0.143967948,0.155892508,0.159095949,0.132238867,0.154762334,0.133317815,0.151699501,0.155277579,0.15028735,0.160144107,0.143187185,0.113715489,0.15404406,0.144420199,0.156233983,0.133996547,0.138020342,0.147298387,0.151483224,0.112484618,0.105047304,0.161810753,0.156623174,0.126758444,0.153502036,0.143417343,0.155646001,0.111736094,0.162480192,0.130754074,0.140235296,0.143440584,0.144011256,0.135259751,0.152174741,0.15414762,0.148904056,0.152082551,0.172118388,0.160768633,0.135104426,0.142667986,0.145765331,0.146496408,0.151876844,0.146124898,0.157835805,0.14599456,0.165056189,0.123209271,0.149621019,0.16315189,0.156581331,0.142541712,0.154660863,0.145495317,0.145546904,0.151198918,0.156085012,0.149917324,0.164118793,0.135548346,0.145942764,0.118390997,0.14201834,0.142917768,0.141436084,0.125198829,0.163273048,0.112278052,0.143901009,0.127286163,0.156745828,0.178847901,0.149308936,0.126952074,0.146608766,0.142071044,0.153011776,0.141393121,0.152049111,0.123522631,0.166076863,0.157322774,0.152715417,0.092917462,0.156432631,0.157156235,0.155431923,0.141250086,0.140588658,0.16318216,0.139002137,0.141701114,0.153615421,0.169596878,0.144242291,0.148632069,0.151459321,0.128789339,0.139119249,0.171091386,0.129712533,0.154289464,0.158071055,0.134754697,0.131171873,0.145698686,0.125668673,0.157490195,0.152203615,0.111428482,0.123950156,0.131881204,0.142771887,0.157188783,0.165511937,0.133892427,0.150511041,0.159191666,0.146993383,0.15881398,0.179589655,0.148176655,0.164097558,0.145846793,0.120617602,0.15011279,0.110566056,0.137828114,0.136068479,0.16490535,0.15133656,0.145790312,0.125077995,0.139689665,0.142153146,0.145664087,0.155431853,0.166305658,0.165927334,0.114899453,0.099256508,0.152157588,0.16113843,0.151686276,0.154172341,0.166346929,0.114431235,0.093343999,0.139722018,0.159257278,0.129785016,0.156401078,0.135867216,0.130991686,0.134600127,0.14519868,0.144429371,0.135956608,0.164159402,0.111489332,0.157096551,0.164282749,0.153928778,0.153113884,0.142774566,0.157349778,0.150333414,0.131977268,0.143786102,0.143680081,0.15424339,0.140622967,0.14043851,0.164809642,0.162192823,0.141012121,0.168239103,0.15006752,0.15702915,0.153657471,0.161502846,0.14664097,0.146754873,0.157127387,0.084473125,0.12027075,0.146328644,0.148942982,0.10657295,0.102841354,0.151727879,0.121235985,0.096627689,0.153137327,0.120335055,0.138977056,0.143664028,0.134017435,0.179259259
0.3,13,0.155660425,0.141583837,0.153812844,0.143309216,0.137495161,0.148503379,0.126631053,0.143852825,0.164380395,0.129069244,0.149197707,0.141675253,0.142008047,0.104223542,0.166746886,0.112062758,0.144557055,0.151141732,0.15040007,0.139175456,0.147600009,0.141981114,0.12117973,0.113640926,0.134957176,0.127046017,0.138196971,0.166123348,0.122043888,0.150149186,0.14707171,0.142949253,0.160090031,0.165099085,0.152575938,0.130856364,0.17143273,0.155982388,0.165616118,0.124374553,0.109272219,0.168813259,0.12742047,0.14924175,0.160152648,0.137973846,0.13077348,0.14253307,0.106520953,0.151690526,0.165239773,0.145528352,0.133957252,0.145718348,0.138060662,0.147985773,0.129121128,0.115036632,0.161794002,0.15695226,0.137588056,0.150230592,0.145167238,0.150159677,0.094245212,0.161977946,0.139867345,0.155336918,0.164033231,0.147082011,0.138385402,0.162669142,0.154474162,0.148208191,0.144451865,0.155858255,0.152197303,0.114681229,0.151677106,0.131047782,0.153752171,0.139087012,0.148607598,0.152639094,0.148361049,0.166400926,0.148633117,0.14631244,0.157055321,0.155954184,0.142006421,0.146412624,0.145601681,0.145691127,0.154149438,0.157877316,0.149159274,0.15207648,0.129553853,0.143073187,0.11960737,0.13247412,0.162309496,0.148266333,0.119542161,0.141204319,0.112256331,0.138226633,0.136438732,0.144085602,0.150329848,0.132328975,0.151987821,0.150125735,0.138217477,0.145185553,0.154565697,0.149864866,0.133493953,0.168895232,0.150740169,0.114676492,0.081879478,0.161681705,0.154784662,0.148443896,0.153005716,0.142056604,0.167780194,0.135925039,0.14056316,0.141120381,0.15898173,0.158129318,0.127306887,0.14970852,0.134624516,0.149328809,0.151866373,0.145284478,0.158467302,0.160307336,0.152863253,0.132651695,0.147174023,0.113884616,0.149769822,0.139242396,0.103663675,0.141738804,0.139171055,0.158537427,0.163319248,0.148738842,0.12999375,0.149794769,0.138524694,0.172337793,0.148836719,0.16384199,0.140522882,0.168969287,0.161936858,0.124321173,0.142049441,0.141835503,0.14369363,0.144592843,0.157970458,0.151130228,0.143578004,0.128180594,0.148837563,0.141124556,0.140918811,0.168572848,0.154210864,0.144388761,0.127201491,0.100979524,0.145594268,0.150684892,0.161662456,0.167394108,0.174056299,0.125956724,0.092923665,0.142113784,0.149047343,0.114661054,0.15035234,0.133446782,0.115646515,0.112101108,0.147106163,0.160013362,0.141364191,0.148550473,0.139895369,0.145070934,0.169933333,0.169588282,0.156620198,0.150753573,0.148162597,0.180626466,0.146366662,0.15385964,0.143842035,0.142824984,0.127206441,0.127004646,0.145096312,0.156615349,0.125603296,0.149578029,0.157368682,0.156420336,0.14626328,0.149911079,0.161992679,0.140892331,0.157726898,0.086174333,0.124341557,0.143743866,0.139607814,0.113982604,0.11166116,0.147397701,0.125938544,0.108861486,0.142448847,0.122295334,0.118451086,0.124299373,0.134813463,0.161033915
0.4,14,0.15101744,0.156270624,0.16999988,0.147188606,0.138317721,0.152252716,0.127178893,0.146158897,0.158613748,0.139789501,0.154132511,0.138051889,0.135446935,0.103244882,0.139915272,0.10936257,0.134939962,0.135970652,0.140373308,0.149434859,0.141666582,0.155520056,0.140291125,0.109621202,0.158845096,0.103258842,0.147625334,0.150914828,0.098423468,0.124495376,0.144358612,0.144874422,0.158677009,0.141285331,0.137703312,0.130954409,0.157074745,0.150342782,0.160016829,0.139222625,0.120294645,0.15874785,0.113883118,0.151432053,0.149815961,0.134298898,0.134768554,0.112616265,0.097174945,0.138465645,0.148044044,0.164580544,0.136488664,0.134750985,0.137458597,0.143218042,0.124696648,0.111313803,0.169381659,0.152055811,0.132576411,0.165285475,0.141182585,0.135865903,0.110354882,0.146868893,0.130549375,0.143547037,0.151362501,0.149656961,0.125504166,0.163803326,0.144249354,0.131323807,0.158592562,0.142905098,0.151244679,0.097796175,0.150122051,0.141733897,0.138890427,0.15496401,0.153043236,0.134690667,0.130223432,0.152740883,0.137491785,0.146281352,0.158634416,0.164071021,0.136934035,0.161010009,0.145215457,0.145961872,0.141665965,0.163639725,0.133663539,0.141667846,0.158044328,0.132730396,0.134208293,0.145362883,0.139251705,0.124447456,0.121449568,0.147675049,0.123340615,0.136162331,0.11762277,0.17127467,0.158081089,0.150654777,0.132134878,0.141466896,0.125237335,0.138475039,0.124070901,0.133372242,0.108354394,0.169082953,0.132985377,0.155151833,0.083360616,0.147206738,0.149588536,0.143035952,0.132404307,0.132003359,0.165408014,0.132918881,0.135735742,0.132950699,0.155742627,0.156346866,0.129428276,0.145958929,0.114602484,0.116416682,0.139872854,0.152816453,0.155174208,0.157818277,0.121594303,0.145232918,0.143032767,0.090836388,0.148697665,0.131944366,0.097978381,0.131194417,0.134125652,0.147574878,0.162167803,0.148169842,0.133322089,0.154946587,0.147009631,0.15190143,0.15407443,0.157485554,0.152302198,0.161043252,0.141744346,0.115651866,0.176100822,0.128511098,0.128929585,0.128321342,0.161280771,0.135450988,0.12826099,0.144829567,0.137546127,0.142505717,0.136923192,0.153801737,0.155051151,0.144795851,0.11457655,0.13240983,0.140406575,0.158307703,0.155744514,0.157924577,0.141942219,0.130320245,0.103850563,0.149069918,0.154624344,0.134912229,0.162359924,0.117006869,0.134329761,0.140875623,0.13610039,0.149355262,0.139045938,0.126221285,0.121619295,0.156865351,0.155528393,0.1635164,0.146191978,0.146447091,0.135028217,0.149856602,0.128125911,0.133836944,0.143522388,0.139834307,0.133589231,0.126241165,0.148440075,0.148800132,0.124363163,0.148816281,0.149950434,0.164658919,0.163062891,0.178437472,0.160470061,0.157666308,0.148680082,0.087527127,0.107139012,0.146916056,0.157440613,0.088986562,0.119378873,0.154095214,0.112588939,0.085233896,0.144125364,0.131846669,0.140691629,0.133792786,0.13781743,0.157958094
0.5,15,0.143345354,0.163853731,0.149443909,0.153393792,0.146561103,0.164575504,0.112507731,0.126319563,0.144202799,0.10855237,0.139784153,0.143599095,0.137547698,0.092845154,0.148037151,0.117515482,0.121129129,0.123538976,0.119598187,0.148819102,0.11850665,0.149417409,0.117689647,0.102874283,0.143700582,0.125702235,0.115086766,0.151787265,0.112719965,0.137020895,0.157660079,0.128758128,0.149190566,0.145355267,0.145109641,0.129113034,0.14106657,0.147277941,0.141730478,0.139546128,0.091445602,0.145547231,0.123541969,0.137304722,0.159090482,0.13230916,0.137955797,0.14034578,0.094833071,0.16742811,0.143160653,0.13742669,0.136890808,0.134512822,0.147427661,0.144053892,0.15130624,0.115847717,0.150748645,0.159421346,0.127293518,0.148975979,0.136371905,0.138021122,0.096781298,0.15452934,0.125820455,0.14232626,0.142408245,0.142971948,0.120606349,0.151564641,0.131076962,0.145844665,0.14350832,0.140127037,0.150568028,0.101653834,0.127530682,0.144117244,0.133395541,0.15022915,0.13671653,0.16058877,0.156710133,0.16174488,0.135342347,0.146859649,0.146434859,0.15363789,0.131834502,0.155898378,0.146601475,0.148228355,0.159337396,0.141458511,0.139762282,0.168678203,0.144052472,0.119215505,0.122304108,0.142900493,0.144636738,0.138662984,0.138526425,0.167600953,0.112105272,0.146901371,0.126268027,0.13606057,0.146793861,0.120876189,0.142270147,0.134105102,0.149163755,0.132710118,0.149753614,0.14310456,0.103476438,0.163697604,0.145919161,0.133437549,0.092865431,0.140174733,0.155743785,0.139342512,0.122006281,0.132028924,0.183330373,0.118016058,0.131507573,0.154979429,0.163229622,0.140941892,0.132243831,0.152686441,0.095482893,0.121789875,0.138509648,0.132825263,0.158219817,0.141496999,0.129190267,0.125520788,0.14127993,0.117006826,0.138956267,0.147259754,0.075902689,0.133808231,0.155432059,0.139985031,0.141152221,0.147910756,0.125983674,0.143362842,0.140683534,0.156133922,0.149832872,0.165190678,0.146450065,0.145934134,0.145410533,0.121435974,0.148909653,0.135903551,0.099880628,0.15902965,0.149526623,0.125188081,0.130961926,0.129242711,0.140246978,0.154498225,0.131870161,0.139390274,0.139693657,0.14483257,0.11462623,0.095260098,0.141771897,0.140784456,0.150999343,0.149739554,0.154464057,0.126428822,0.124385741,0.152121545,0.151117657,0.138851995,0.155455326,0.116522454,0.119201327,0.139941641,0.132206154,0.128481215,0.131112914,0.141659949,0.139882994,0.153291691,0.171829395,0.136916225,0.136779542,0.130617558,0.14023161,0.136107591,0.126067765,0.133927695,0.137835139,0.123145938,0.153154171,0.128701575,0.142484684,0.155601398,0.124876564,0.153851714,0.156572356,0.137971708,0.158909683,0.167464284,0.15049677,0.15114962,0.159658371,0.080268822,0.131195115,0.150064951,0.147618776,0.118432198,0.118490361,0.140620327,0.116116692,0.107068911,0.13878799,0.107897377,0.124303908,0.117789558,0.103463088,0.141677178
0.6,16,0.171640734,0.135451806,0.150228805,0.14162892,0.141264544,0.133629137,0.115106331,0.138853051,0.137946022,0.145094086,0.130504346,0.135057695,0.131833937,0.099990275,0.160197082,0.11213372,0.110042581,0.128109373,0.141491156,0.130539551,0.124629218,0.131026177,0.130958441,0.105760578,0.141012554,0.086693274,0.117278985,0.167285012,0.119409348,0.135346765,0.131277032,0.143373397,0.148111273,0.140280352,0.153368177,0.155531227,0.15155185,0.126122515,0.13533647,0.120211599,0.107370509,0.148923904,0.121768885,0.130485629,0.129054758,0.136979961,0.123497166,0.148202437,0.088262639,0.13827764,0.137390841,0.145647914,0.123872421,0.130930989,0.140812532,0.13250633,0.111921218,0.113951262,0.142536473,0.132634505,0.136939066,0.164361222,0.12451989,0.161255758,0.093643371,0.151696838,0.125580084,0.134108417,0.177200948,0.147903673,0.115580372,0.150161609,0.144046007,0.127075147,0.14924212,0.151144964,0.153769261,0.097034014,0.133460131,0.143117394,0.13117445,0.145190379,0.146036805,0.135789799,0.12959748,0.132777677,0.139893434,0.141252112,0.13417794,0.158364008,0.126995362,0.152348776,0.142246512,0.140733725,0.147045001,0.153174438,0.139876019,0.15586389,0.151337175,0.127643409,0.123485626,0.123669719,0.136480005,0.119896925,0.118149407,0.143433653,0.115392135,0.134837468,0.110203941,0.148044061,0.156061436,0.132736387,0.149247697,0.150991415,0.128395718,0.133325624,0.129507437,0.149545286,0.110061074,0.152464647,0.121619478,0.126933995,0.09596378,0.155560671,0.131840922,0.133138448,0.133651241,0.143309453,0.154100467,0.137916688,0.133307801,0.135582554,0.15424714,0.133415818,0.131295172,0.14368025,0.124001479,0.126739268,0.140637011,0.11224296,0.146048987,0.155664381,0.132414733,0.133675526,0.132134038,0.125498914,0.14671135,0.135043435,0.084540717,0.12890663,0.126457941,0.136161138,0.154920809,0.149495146,0.140913864,0.145826074,0.141961862,0.14140546,0.13943808,0.159277892,0.112069545,0.159100085,0.141154911,0.126372377,0.143085961,0.107338883,0.122335015,0.129731781,0.150877881,0.128791293,0.132013081,0.130801929,0.137866507,0.143522684,0.130528553,0.135024947,0.158104388,0.15484561,0.097838943,0.083483077,0.140961329,0.144234355,0.139130481,0.154690753,0.148672957,0.123955533,0.104293966,0.116354747,0.151691369,0.121115125,0.132660649,0.118696571,0.109584962,0.12529552,0.144653439,0.137700098,0.137944079,0.11700688,0.121570052,0.136602356,0.150748436,0.1353937,0.146950744,0.138177478,0.13982882,0.131737853,0.126989138,0.137346026,0.134229439,0.160464297,0.134950915,0.116877362,0.13411413,0.14963961,0.123478915,0.161926494,0.142044694,0.145497608,0.15935792,0.154997653,0.150065265,0.137445162,0.153784191,0.083467003,0.145507152,0.147170812,0.139771464,0.096087449,0.10792839,0.134930372,0.113290997,0.089909032,0.134657107,0.124876382,0.130162432,0.111492104,0.141735015,0.14068855
0.7,17,0.154002033,0.156740192,0.121967978,0.131213857,0.13121646,0.149820323,0.095665047,0.129620501,0.13928258,0.130944289,0.134380769,0.129923343,0.138540049,0.100664699,0.150471637,0.08140845,0.10143769,0.125094631,0.132264704,0.147660471,0.133978591,0.134210431,0.120891098,0.113983125,0.146752214,0.102781351,0.138706447,0.151236894,0.104719695,0.130546282,0.131970819,0.13080855,0.162811716,0.14743093,0.138249162,0.119748947,0.15486578,0.119361261,0.145768696,0.123949186,0.138867017,0.154382082,0.114695882,0.122366978,0.137617403,0.119165205,0.128669765,0.122041908,0.103892043,0.138675232,0.139574131,0.141334914,0.125400365,0.117361008,0.134343174,0.130549228,0.113104553,0.12553836,0.153026301,0.151469235,0.121711944,0.145254922,0.113308181,0.125067839,0.093034935,0.142098751,0.123607312,0.13734098,0.141021693,0.135464253,0.117356072,0.149291913,0.130849304,0.136167857,0.132368998,0.155059958,0.143305282,0.111904961,0.136682451,0.144289187,0.125698311,0.131824388,0.13658142,0.145569259,0.143854049,0.127225166,0.118053108,0.13207027,0.140573011,0.138602923,0.134744414,0.138255341,0.143104677,0.137922368,0.143401272,0.144478417,0.128434078,0.149409717,0.125565414,0.12927562,0.114890644,0.130772019,0.131360305,0.14637356,0.123178317,0.141117657,0.130949914,0.124112648,0.113417498,0.145226049,0.140823822,0.122957234,0.130314671,0.133654239,0.101376252,0.131348268,0.135231782,0.137761213,0.118635756,0.145080278,0.131316637,0.123266156,0.107385283,0.14653945,0.13881207,0.124861868,0.140889597,0.117820892,0.159411739,0.126230661,0.132499252,0.148159178,0.155050444,0.15935127,0.136067711,0.13213959,0.114754133,0.120432134,0.143994716,0.144972538,0.156118115,0.108588394,0.114110772,0.10741504,0.134144195,0.099476001,0.130206956,0.122241336,0.074836797,0.130599975,0.11955794,0.142777128,0.138451285,0.136697843,0.111350662,0.148084196,0.125214565,0.147378067,0.128204427,0.150816915,0.084479895,0.139346934,0.127447357,0.092171759,0.138202738,0.104512561,0.136217131,0.14059438,0.159328075,0.132667625,0.126522624,0.124836117,0.13531508,0.145406598,0.126319941,0.135219439,0.134960617,0.144358968,0.093380145,0.109170009,0.143820995,0.145339916,0.134401727,0.146849759,0.133784793,0.126226033,0.100753457,0.126554292,0.148322548,0.124874624,0.145314115,0.138106467,0.109336939,0.132341659,0.133723129,0.162080924,0.129660557,0.123674814,0.141316353,0.142993766,0.143130205,0.131647814,0.125135038,0.126681871,0.128425976,0.150891829,0.119398443,0.140860475,0.140949131,0.15052095,0.132579076,0.146674163,0.150998643,0.13297636,0.126706012,0.141162721,0.140627615,0.133275326,0.133372766,0.153247675,0.147617341,0.123206961,0.153483073,0.101797004,0.120634589,0.139060758,0.139850457,0.105777891,0.117316408,0.129854312,0.118297903,0.108480671,0.139252434,0.112179353,0.133189889,0.095969099,0.142809208,0.150117967
0.8,18,0.158127888,0.148492874,0.143407364,0.130084446,0.133415151,0.135997163,0.13062663,0.140218882,0.137704755,0.112323371,0.145988765,0.130461055,0.141136102,0.10178047,0.136234084,0.094391104,0.112951152,0.14730934,0.123889559,0.149048614,0.158098859,0.132088861,0.118819301,0.11339933,0.147265136,0.111010811,0.131987797,0.13228538,0.107963569,0.114714257,0.128284044,0.153785435,0.139025976,0.1310169,0.125535208,0.134191691,0.137610534,0.125883655,0.13849384,0.097521772,0.101394977,0.138178746,0.139822081,0.149461313,0.130242737,0.114760657,0.119591297,0.109214796,0.107163551,0.126767606,0.146561321,0.119485958,0.11260298,0.133478268,0.108937695,0.116079719,0.105966464,0.113783303,0.144289879,0.160924247,0.12761421,0.141051642,0.140190319,0.125732702,0.080685174,0.146512344,0.121738641,0.145956061,0.132147363,0.134072306,0.109103483,0.149649203,0.147678979,0.131140417,0.137599633,0.137483235,0.151604481,0.107583623,0.134746379,0.124228848,0.110917541,0.149594205,0.14030377,0.140013943,0.123431081,0.137852687,0.106879871,0.119917747,0.14555997,0.145968529,0.121544001,0.129382303,0.125524541,0.113044004,0.11972532,0.141949414,0.144342842,0.145850726,0.112944119,0.141006305,0.103053527,0.111460346,0.137730014,0.117140823,0.117015575,0.156141967,0.120657209,0.108857318,0.082396616,0.145600105,0.16636376,0.113614002,0.146898629,0.136720467,0.129452015,0.131822501,0.147923829,0.1426109,0.108994591,0.139604182,0.147489314,0.109963156,0.085961939,0.132474956,0.137224048,0.148952043,0.112811453,0.127883342,0.165775831,0.141380859,0.114785452,0.133008186,0.161556978,0.145676912,0.135268499,0.152853136,0.135580635,0.099068425,0.129530883,0.11883713,0.130711264,0.121441809,0.117990585,0.132581171,0.146279565,0.106337627,0.121735391,0.132705559,0.082439763,0.145332047,0.138918057,0.137978368,0.138585098,0.140750937,0.130246149,0.139226005,0.129943171,0.136158955,0.137435347,0.144644028,0.131222515,0.134801324,0.115530769,0.098261073,0.128477894,0.121323914,0.118900132,0.1265453,0.136481707,0.146726249,0.116179508,0.12278371,0.120071029,0.12532147,0.143940947,0.128181594,0.148333684,0.135896245,0.089212608,0.104057012,0.155759707,0.153883103,0.138348093,0.145936184,0.142492392,0.130411436,0.113102996,0.106284245,0.144915685,0.138069923,0.12322321,0.110795364,0.112960555,0.12565406,0.108637616,0.144420705,0.13199018,0.139370694,0.120579096,0.145526088,0.177285601,0.134798835,0.129059391,0.121758862,0.12999166,0.135211912,0.129720446,0.130393553,0.132010491,0.139838251,0.152106628,0.123584055,0.129194511,0.138858262,0.123672923,0.133560644,0.130158276,0.154825165,0.139761807,0.153041617,0.120108381,0.125746152,0.157480011,0.06807868,0.109219937,0.149408977,0.143612178,0.116912433,0.103588475,0.125179559,0.106677197,0.102958169,0.136886509,0.108459629,0.149268637,0.114690528,0.131577718,0.162439192
0.9,19,0.139591201,0.140684606,0.15535761,0.157935595,0.115564861,0.142249922,0.124601147,0.125128766,0.14359364,0.118094789,0.171621731,0.115621437,0.129210068,0.106710693,0.149288289,0.085900581,0.11153425,0.135958232,0.136235812,0.15583385,0.135275889,0.120573297,0.11154785,0.089409984,0.145862472,0.100921477,0.120032399,0.139076603,0.095064861,0.136760521,0.146028048,0.150637846,0.13218701,0.140885994,0.118372236,0.118299908,0.143649941,0.136698552,0.14010005,0.12651657,0.100896119,0.122339136,0.145320431,0.157210086,0.142459446,0.129909902,0.126670027,0.124935581,0.081653166,0.125664931,0.123432654,0.128653546,0.120703626,0.116734029,0.120875398,0.149438653,0.138831249,0.094775236,0.144664637,0.164387976,0.124763202,0.135036218,0.159413935,0.132099783,0.095717804,0.136384866,0.13602252,0.116053041,0.142723382,0.138194297,0.114024202,0.151881809,0.128554628,0.130577003,0.135090711,0.126394994,0.144615112,0.09309333,0.150666976,0.129569036,0.123056787,0.144755508,0.126165382,0.128217106,0.140856292,0.170798015,0.10923776,0.144742318,0.145110821,0.122457878,0.12552116,0.130170079,0.140267017,0.129757706,0.14246348,0.132955054,0.125889689,0.140849322,0.122646404,0.109343161,0.110547725,0.134450708,0.141847643,0.138733781,0.118995028,0.13962933,0.096375261,0.139945247,0.092460451,0.131033475,0.110106068,0.101495384,0.13055551,0.140450133,0.121281864,0.14238973,0.099652163,0.123650862,0.112576715,0.148217601,0.130939315,0.121173268,0.063436278,0.145866051,0.138239365,0.13767639,0.115614291,0.146724256,0.141613222,0.093025949,0.114508567,0.135226668,0.147842157,0.142297145,0.118754797,0.124107778,0.11960687,0.126609424,0.126800686,0.113230163,0.143624119,0.129755949,0.173096383,0.16033818,0.120477737,0.092671402,0.13257496,0.150367001,0.084314045,0.118219027,0.144779674,0.144061824,0.145498829,0.132014931,0.11404337,0.154270423,0.141847391,0.129145822,0.147276324,0.123537827,0.125605524,0.153490085,0.153233871,0.107259061,0.124026021,0.107415721,0.092428451,0.130319226,0.126846437,0.131915905,0.143380696,0.156379974,0.138828421,0.117731624,0.109099096,0.15102999,0.127392549,0.158372731,0.077359464,0.078190747,0.125439243,0.127140634,0.146151116,0.166720244,0.120713714,0.129960367,0.116374846,0.108950927,0.131903162,0.160435566,0.13607418,0.123617758,0.13043437,0.104239357,0.138468992,0.132978576,0.137305466,0.141350031,0.147439509,0.143202579,0.150010801,0.142226793,0.13456239,0.113540839,0.126083982,0.150187193,0.117159466,0.120187531,0.109689993,0.121951299,0.122496343,0.133541859,0.141103071,0.119506797,0.117963267,0.15537416,0.13003022,0.172669103,0.151994465,0.149270519,0.150493873,0.137575924,0.160375494,0.068346909,0.116505861,0.154581779,0.123590073,0.087456194,0.090858407,0.144371037,0.113960623,0.088857992,0.148189981,0.096096847,0.124224061,0.126192428,0.14673036,0.148234186
1,20,0.131932129,0.148839666,0.138008107,0.204014683,0.11888499,0.123396656,0.127164718,0.122499033,0.116289363,0.118682987,0.13410792,0.139145944,0.115062327,0.074533493,0.160174541,0.06588194,0.122530849,0.108661614,0.117800028,0.15195003,0.139910778,0.133717178,0.137982823,0.115118633,0.129121087,0.106616508,0.12722834,0.16012871,0.110450485,0.100041644,0.146766133,0.181159301,0.163380418,0.181965608,0.142055098,0.121377482,0.179094587,0.105040858,0.134880794,0.118800957,0.122505196,0.117378865,0.109587101,0.141646842,0.164279988,0.120248968,0.123391294,0.124215735,0.091541184,0.131158599,0.118340796,0.120461674,0.09725359,0.103744652,0.145461042,0.145768037,0.173620944,0.074346615,0.133112278,0.132495215,0.148621411,0.149285318,0.145790198,0.130324472,0.08262028,0.142196249,0.103602482,0.123394296,0.177812088,0.126707391,0.11602926,0.166086841,0.130229641,0.131098634,0.126327052,0.091405835,0.118909066,0.099104765,0.15496779,0.135175227,0.143146469,0.150355265,0.126775943,0.125463393,0.115930955,0.182551389,0.130898793,0.133896073,0.169417215,0.134441934,0.138707265,0.156726731,0.167338913,0.152857439,0.146994882,0.139849203,0.116132987,0.119230012,0.137072231,0.116323535,0.100841473,0.162405924,0.111507959,0.112194439,0.108926998,0.117881759,0.116948814,0.106904995,0.098663825,0.134356437,0.114893103,0.09790199,0.133397145,0.132989646,0.143378115,0.171885392,0.105154767,0.108896576,0.106185202,0.147101901,0.16817939,0.105389083,0.075652058,0.119391046,0.122841856,0.122509745,0.116808252,0.135414499,0.13899314,0.117782157,0.106447239,0.132124964,0.132244604,0.166179712,0.102887326,0.145646092,0.102493547,0.119223179,0.124876643,0.110169694,0.134982317,0.135303641,0.175087792,0.154854097,0.144296464,0.104464406,0.132790865,0.12118488,0.077349599,0.15977857,0.142987638,0.137686772,0.151389525,0.127042242,0.144189182,0.149350379,0.126991878,0.159439148,0.147390385,0.111058432,0.100850202,0.133733196,0.105496146,0.094759285,0.167914868,0.11209338,0.104202861,0.123682527,0.131346504,0.164381052,0.100317255,0.17717639,0.137547186,0.136710975,0.110732622,0.124633532,0.149241929,0.178682521,0.075247082,0.061740291,0.12519814,0.132313007,0.112455919,0.14598284,0.117058514,0.098670104,0.094447891,0.112523423,0.123264953,0.170614241,0.126089281,0.123917414,0.118585546,0.133142934,0.120661648,0.161201017,0.163742319,0.155002827,0.126192493,0.146995428,0.153827349,0.131781601,0.118748541,0.121681657,0.123586668,0.133677475,0.104871235,0.136317305,0.120098699,0.134145846,0.115113336,0.131481669,0.144638283,0.113415919,0.134928049,0.173435294,0.151411812,0.163480046,0.153103772,0.134498289,0.135157894,0.156981663,0.16510491,0.059139162,0.124817891,0.178314755,0.114612239,0.118276308,0.10034532,0.143981,0.096871411,0.083213044,0.126086121,0.103821101,0.098515161,0.118351154,0.12111646,0.144870707
1.1,21,0.143907775,0.125164048,0.139092949,0.159307206,0.126766844,0.142744842,0.104886918,0.130710094,0.129344126,0.110052033,0.131454682,0.138617873,0.124683939,0.092808627,0.114073687,0.09433004,0.099141542,0.132316761,0.129024203,0.145348182,0.13665591,0.121006102,0.100481715,0.108892586,0.152319194,0.118317452,0.13905863,0.150615723,0.093375137,0.124937565,0.124616549,0.128588936,0.137332642,0.13467328,0.130325919,0.124318202,0.128961238,0.136328861,0.126609767,0.125797514,0.086631001,0.125634577,0.117197865,0.138850411,0.142623289,0.149944587,0.123520922,0.151047047,0.084656112,0.132489817,0.119150839,0.12156798,0.119977013,0.131552156,0.112690291,0.107890826,0.156394258,0.103095818,0.143673577,0.121046501,0.12903173,0.147436875,0.153402401,0.149395398,0.093917145,0.139914899,0.128431802,0.12749357,0.162739544,0.154375489,0.117638391,0.145834964,0.119163748,0.142774431,0.127173257,0.116323146,0.148551692,0.108058677,0.119338085,0.136879444,0.123746187,0.127186752,0.12601195,0.109745362,0.148180505,0.162574746,0.130802617,0.175595325,0.163495135,0.15087116,0.143285526,0.170336391,0.144601952,0.128573678,0.136742933,0.143837845,0.116025318,0.138920565,0.125218929,0.140600263,0.110905438,0.137490844,0.133978195,0.126794004,0.112256712,0.128129168,0.149944971,0.135473009,0.090462693,0.12759636,0.123377168,0.111742434,0.132830487,0.149615858,0.132718448,0.178074153,0.127896095,0.130539681,0.095323109,0.138224934,0.150587882,0.126223434,0.073745114,0.132121939,0.145690447,0.122844383,0.117727643,0.126281356,0.136437024,0.128917497,0.135620218,0.135947548,0.126227793,0.105947083,0.114846204,0.147669453,0.10555944,0.124509863,0.119743813,0.105124031,0.150656753,0.120332916,0.159696429,0.148008698,0.135038827,0.119391286,0.131364497,0.132542906,0.104671188,0.135828635,0.128137883,0.136460644,0.141368895,0.114998508,0.120685595,0.142978559,0.136292274,0.137500008,0.162239468,0.125435926,0.136681179,0.149134841,0.124675052,0.102292643,0.134460774,0.10312116,0.120734083,0.11791736,0.118336375,0.170871732,0.139649009,0.146009554,0.130862121,0.101984435,0.112261195,0.126473052,0.128829706,0.164090945,0.083653176,0.077599868,0.108464784,0.116730403,0.128579337,0.157127624,0.153235112,0.108201437,0.094196938,0.112133112,0.12541401,0.103852171,0.134865539,0.113563273,0.113264364,0.141810603,0.16741364,0.147430828,0.154580232,0.138990728,0.12668062,0.152809648,0.146304397,0.13711887,0.120089981,0.141966448,0.114177235,0.146806411,0.123892547,0.122514202,0.115688546,0.156272568,0.129621064,0.107425445,0.13471741,0.118384818,0.110525173,0.165376106,0.133017994,0.144081567,0.133084749,0.152134863,0.138431289,0.149452188,0.152750078,0.072378612,0.113254576,0.170017824,0.131095011,0.115990121,0.089096071,0.135565491,0.10998697,0.092812191,0.15529746,0.118450677,0.143504523,0.12095606,0.103965041,0.149600072
1.2,22,0.138826118,0.15679128,0.155766354,0.128859991,0.13186363,0.137949619,0.094649742,0.141264195,0.140550143,0.118704434,0.132732677,0.119265835,0.138491674,0.082883596,0.151576129,0.080636931,0.094036877,0.121040421,0.114460047,0.13738215,0.130541856,0.138616498,0.096664773,0.112393025,0.148028465,0.108354841,0.135166963,0.136063618,0.122824,0.130676306,0.146245837,0.131567851,0.142218553,0.142668835,0.129128929,0.136775257,0.16452338,0.119146491,0.142065964,0.124100632,0.114939199,0.138055524,0.135298014,0.152037292,0.13824029,0.138686798,0.122845538,0.114197129,0.086317459,0.15065433,0.124065604,0.13914371,0.125013193,0.127249674,0.151324094,0.128529465,0.113226641,0.125913397,0.156569327,0.149172135,0.124773998,0.143885236,0.145730651,0.142931687,0.079664779,0.155359352,0.131862235,0.13488145,0.153546809,0.126376731,0.13867694,0.133532084,0.137158088,0.123486428,0.131711439,0.127595048,0.14982561,0.111359279,0.13251486,0.124679764,0.138881206,0.147399186,0.11914151,0.128151737,0.133889883,0.138231357,0.139301499,0.135598205,0.135003943,0.1481871,0.121014741,0.13023182,0.143514949,0.125052614,0.145816431,0.13176293,0.131402048,0.157256299,0.11339234,0.129113472,0.104511954,0.131843815,0.128378411,0.138650984,0.136599755,0.140808637,0.132101745,0.12922434,0.124948075,0.146333773,0.146939326,0.12040283,0.124930104,0.14441477,0.128877334,0.153766178,0.127907452,0.152963562,0.097594314,0.152614711,0.122954917,0.116884587,0.102377932,0.139209516,0.135866005,0.132781101,0.125916396,0.12172255,0.139332867,0.136833297,0.119682528,0.134778334,0.138666137,0.140146405,0.139326375,0.143768322,0.128003627,0.113447712,0.13931256,0.099969277,0.148669954,0.117420149,0.138220753,0.118670436,0.139902726,0.101623782,0.126530538,0.130026714,0.087644569,0.135073386,0.125104356,0.136271333,0.159402179,0.146823074,0.125183402,0.130137249,0.132622626,0.14031837,0.135751431,0.164961805,0.122039419,0.150235786,0.133602992,0.102820182,0.134340836,0.108869044,0.122616307,0.128923059,0.14937963,0.149205151,0.153356964,0.124020409,0.117452935,0.131353808,0.129553871,0.126566881,0.14874517,0.142166799,0.120242243,0.074651006,0.123572799,0.167113504,0.130258988,0.122828607,0.140157851,0.096988332,0.103797481,0.115570376,0.130933923,0.142105173,0.133728998,0.13273222,0.109386426,0.126877323,0.120677935,0.133606734,0.127747308,0.12414597,0.10087631,0.130244449,0.147087122,0.150033053,0.117404899,0.12334075,0.121488033,0.146908074,0.100151862,0.137870415,0.130666821,0.121790598,0.153092254,0.14368535,0.144287652,0.11666873,0.117227485,0.145063497,0.143601757,0.128164536,0.154388227,0.12994362,0.130757469,0.160480935,0.15316124,0.06157663,0.106483299,0.135263524,0.140957339,0.125386447,0.114768448,0.145355129,0.110877885,0.104997991,0.137623136,0.105435169,0.129562401,0.096941702,0.119222846,0.151896119
1.3,23,0.138040449,0.134817081,0.152022205,0.14159112,0.148315818,0.15151792,0.109887965,0.157054775,0.144669469,0.114178279,0.142894595,0.121271326,0.134468957,0.088853484,0.135331749,0.109605081,0.122916506,0.111404092,0.131288036,0.156120233,0.128559808,0.132429751,0.131438221,0.103702936,0.146663432,0.092785237,0.106479718,0.13126676,0.118518463,0.141630019,0.147421872,0.135446479,0.154032224,0.13636773,0.13863047,0.144792962,0.137213103,0.126575919,0.144847153,0.138126442,0.10586568,0.151740458,0.116559444,0.145834975,0.134924902,0.130472119,0.135567005,0.106099264,0.097873171,0.14397773,0.140185831,0.148735082,0.123693214,0.166464958,0.111149932,0.12458821,0.119453217,0.097740029,0.149203364,0.14272491,0.121228598,0.145255339,0.13098309,0.127504962,0.149642608,0.151897513,0.142201282,0.12168689,0.15227118,0.142939375,0.122272777,0.14896718,0.144651461,0.148504752,0.128958817,0.143008675,0.134507238,0.107930025,0.132443776,0.141159554,0.123524131,0.142205445,0.125350312,0.145204721,0.124505603,0.149334189,0.130366791,0.130113251,0.1496659,0.144206988,0.116660964,0.147210715,0.138438031,0.120428641,0.119718073,0.148245153,0.137156478,0.151183327,0.128167413,0.162634082,0.107258263,0.112414813,0.130498333,0.132947003,0.105975966,0.135555603,0.137720941,0.137960406,0.124843276,0.135288915,0.143268397,0.114992395,0.14253968,0.142994071,0.104890499,0.135263718,0.116766809,0.141282986,0.13214289,0.133399093,0.140150732,0.102526852,0.102327498,0.152062285,0.140145555,0.139187757,0.116376104,0.128750456,0.172003159,0.136795795,0.12220437,0.135400076,0.146035663,0.141144469,0.110942513,0.167085684,0.135043391,0.108146954,0.149754649,0.133377831,0.151221644,0.132849735,0.12094549,0.142581387,0.132481892,0.091003661,0.135910852,0.146613287,0.093338968,0.142193285,0.129433415,0.140696008,0.13413758,0.137720892,0.13439586,0.138833811,0.135579008,0.140380893,0.133721729,0.149240004,0.118160712,0.152402936,0.146395119,0.104222194,0.136328321,0.105641395,0.113402839,0.121682402,0.126280077,0.126731105,0.144427893,0.127745551,0.130093752,0.143800995,0.120175931,0.144801619,0.13825672,0.154517738,0.101929551,0.095899417,0.135740441,0.135240919,0.130167237,0.137796292,0.140607894,0.119348825,0.110585283,0.120538352,0.151717154,0.140191198,0.135296839,0.117272361,0.107305373,0.119753471,0.127152465,0.147770679,0.14622875,0.123708714,0.119771083,0.147600471,0.159254725,0.151767226,0.133431906,0.132009563,0.150160077,0.126441761,0.11102093,0.138770961,0.124043313,0.140860031,0.116648023,0.126249346,0.12772336,0.148562419,0.116198382,0.152119144,0.155794016,0.144609829,0.153719274,0.153598761,0.137993286,0.141134045,0.150977255,0.065499891,0.11770161,0.12808759,0.138916312,0.10997716,0.110517115,0.141676133,0.109349709,0.084922382,0.129276947,0.10462125,0.12777741,0.120246062,0.11126789,0.13949009
1.4,24,0.144020008,0.135794341,0.150823376,0.15778886,0.138927316,0.149326166,0.11112237,0.130648956,0.143411225,0.117529841,0.136321143,0.125006778,0.131968495,0.106877331,0.13648002,0.080529005,0.110862848,0.120776429,0.129028788,0.136681206,0.128343355,0.132632635,0.132076245,0.10336993,0.1513265,0.11262803,0.13118779,0.133929101,0.099253419,0.128293462,0.126232939,0.147327546,0.147622379,0.152090154,0.130591278,0.130294783,0.151835623,0.128650746,0.144756165,0.129718462,0.105413249,0.147787644,0.13648113,0.1389924,0.152275031,0.136283178,0.147550748,0.133540797,0.087113685,0.156625816,0.148181262,0.152287243,0.122108922,0.133694222,0.132192746,0.134014892,0.128951075,0.119122312,0.14841858,0.138330006,0.131309186,0.161707615,0.110719565,0.150384558,0.096705219,0.139191521,0.124349612,0.141018094,0.138022798,0.132571161,0.129186069,0.16422492,0.138979799,0.123958094,0.134549886,0.143916129,0.146198321,0.096773224,0.124666909,0.13513853,0.127762081,0.132167587,0.114734809,0.145182105,0.142297932,0.159776798,0.12483216,0.143569397,0.150461607,0.150032591,0.12485198,0.139618257,0.144616657,0.146938877,0.134003137,0.140480822,0.13653829,0.148235735,0.139220473,0.13757554,0.123683759,0.129784688,0.141268619,0.120698256,0.109073157,0.154244561,0.134694381,0.166997137,0.113180549,0.161021024,0.172887796,0.120092667,0.130044026,0.144176341,0.124271684,0.129510585,0.132224277,0.129741367,0.118732407,0.144559315,0.138081167,0.13417984,0.098915038,0.143589133,0.142918312,0.150968817,0.133113624,0.151806355,0.162162649,0.110335921,0.125281723,0.122052392,0.144566657,0.141419045,0.119920817,0.13591413,0.108344551,0.122431258,0.143072363,0.101736371,0.141020089,0.144060199,0.130188478,0.123029604,0.151701382,0.096898296,0.130348679,0.138462475,0.089044212,0.135368572,0.138212328,0.144992119,0.147428611,0.141029894,0.128296593,0.152395003,0.136586018,0.149059351,0.143251577,0.1418638,0.136384741,0.144629766,0.160221397,0.110187006,0.144886725,0.10527455,0.132797006,0.142371203,0.133655249,0.122811992,0.146559215,0.139400016,0.137642343,0.145843167,0.126193584,0.142371465,0.13952643,0.155814627,0.134624898,0.114829508,0.13267807,0.12796849,0.137814411,0.1344304,0.160554191,0.12450251,0.112337827,0.119507246,0.134291707,0.117715192,0.150506186,0.133450666,0.099607693,0.143762881,0.130107268,0.134143365,0.147283206,0.145334679,0.120694129,0.163432639,0.159366674,0.139105318,0.130641436,0.150587354,0.148773467,0.158183078,0.131972953,0.127077675,0.142184654,0.133050438,0.141757369,0.132359374,0.15189741,0.126904631,0.098730012,0.141813891,0.151139871,0.142582123,0.145855103,0.15480453,0.152249578,0.124794737,0.146595482,0.10147508,0.113818031,0.127026902,0.132216523,0.100222717,0.106661043,0.150404397,0.117973067,0.096189417,0.14290059,0.132016123,0.135609227,0.11384258,0.115642554,0.168559152
1.5,25,0.142336603,0.147034261,0.157553223,0.14666599,0.1420759,0.153878687,0.137211348,0.145776796,0.132819832,0.11339344,0.14764252,0.154108903,0.146674866,0.096749725,0.150547711,0.10259001,0.122699819,0.143220569,0.142209646,0.144952533,0.15041454,0.146715147,0.114674187,0.117204999,0.15365179,0.115369092,0.138040729,0.15719231,0.119878158,0.148496741,0.169181692,0.131105042,0.148917405,0.158484921,0.155799592,0.155359484,0.150916184,0.139015177,0.15514799,0.134432472,0.109204604,0.150540579,0.125261568,0.139909918,0.145676237,0.133422758,0.132044849,0.141868015,0.104733037,0.140260384,0.146834724,0.137405433,0.132017132,0.138988906,0.135996248,0.143320603,0.124432968,0.112333845,0.168836441,0.13792959,0.134238941,0.160162945,0.129033634,0.151396678,0.096020731,0.155656506,0.11594931,0.149741057,0.158028236,0.14711294,0.128118781,0.154459689,0.148457311,0.146852038,0.151556097,0.138920126,0.150191437,0.111634393,0.137337165,0.136596621,0.129903684,0.138994855,0.141962923,0.157559617,0.149459239,0.144142166,0.148483203,0.160788682,0.142542944,0.148830658,0.150671224,0.146564717,0.140785642,0.141516969,0.137118055,0.147612426,0.155284529,0.15781088,0.133755612,0.127647992,0.114927719,0.12355218,0.141672847,0.10973056,0.126979558,0.141653676,0.124320726,0.15080574,0.106005151,0.130776146,0.171973125,0.144615171,0.142135876,0.155509092,0.127261829,0.130511557,0.151979198,0.136630771,0.130989114,0.152476481,0.138664932,0.125705819,0.103059112,0.151048912,0.156021079,0.157199793,0.119767895,0.13148915,0.164534103,0.102361695,0.136274849,0.143278867,0.146425276,0.153016529,0.141317872,0.138930866,0.112874925,0.129926044,0.127788908,0.133718539,0.13926165,0.141580811,0.1353422,0.131386059,0.164955492,0.111131674,0.13382961,0.141684528,0.091580682,0.136671862,0.132891385,0.13728456,0.143596208,0.129817464,0.14979579,0.146065534,0.127959048,0.172658007,0.144617865,0.161750391,0.140968781,0.140952101,0.155467212,0.124422003,0.149138845,0.126730153,0.134478074,0.153220846,0.148771325,0.12969853,0.124536271,0.150914523,0.136385249,0.147980855,0.142312858,0.143018466,0.175029348,0.154610916,0.14969897,0.113811004,0.151792313,0.162053995,0.144138257,0.152201303,0.142837344,0.122375703,0.094563203,0.133383897,0.147231105,0.123876322,0.142602021,0.128334668,0.106416124,0.14262565,0.151993095,0.151649896,0.138824479,0.133121912,0.130506262,0.160607682,0.189083496,0.15158944,0.138892208,0.130238256,0.157366185,0.134619211,0.150234746,0.140424011,0.132793915,0.136949275,0.148842021,0.140808026,0.131161189,0.150151576,0.12631642,0.121819599,0.130229173,0.173040819,0.140824545,0.158793021,0.164090045,0.137910099,0.161965592,0.071067065,0.105530153,0.15595707,0.134502208,0.093307135,0.102593012,0.139588033,0.11571477,0.091174233,0.144218299,0.112324186,0.12297387,0.122932739,0.130192612,0.144970157
1.6,26,0.166656208,0.147916423,0.159017307,0.156587587,0.147301795,0.155652762,0.110763949,0.144294202,0.141805275,0.147523937,0.151148898,0.137319865,0.148179461,0.120931536,0.146863499,0.100950701,0.119175103,0.149909481,0.142054649,0.133047218,0.138812558,0.149677619,0.125599074,0.098257122,0.160639256,0.104113738,0.118818519,0.162539317,0.129472444,0.144763198,0.143404626,0.146842216,0.149095163,0.139295035,0.139290622,0.132785623,0.141000666,0.134159568,0.167560778,0.166395452,0.112940688,0.168597937,0.141306692,0.146751588,0.155217283,0.133526004,0.141247637,0.13537128,0.090788902,0.159942355,0.141994435,0.148342664,0.133896374,0.139778646,0.144521976,0.140889903,0.110367631,0.135884984,0.156174083,0.152390747,0.125323207,0.168919366,0.134689911,0.150529079,0.107841046,0.143361519,0.125941283,0.153020758,0.161112806,0.15838439,0.136034265,0.162947123,0.144299866,0.156242794,0.138926448,0.15803357,0.157959723,0.107936398,0.151856056,0.145606446,0.14140796,0.152931527,0.157233739,0.167067866,0.139928943,0.1362042,0.136719409,0.163894845,0.147066143,0.155907383,0.140680311,0.150215033,0.169207848,0.143028076,0.136788893,0.149256115,0.135075234,0.16391446,0.144989667,0.136158692,0.11646619,0.126376712,0.144503976,0.147444202,0.129000412,0.158204466,0.133488478,0.148340641,0.150436385,0.135353666,0.160327574,0.142871797,0.138328634,0.129980527,0.09643719,0.126710715,0.126318301,0.161530535,0.139195978,0.167649564,0.163826504,0.136408005,0.063715091,0.144517721,0.171708567,0.144232182,0.129013301,0.127843116,0.182701228,0.136030925,0.14292377,0.148718138,0.149134464,0.155004343,0.145280707,0.161699082,0.131082573,0.139894312,0.163886799,0.149499133,0.156034961,0.138170483,0.136068799,0.125284661,0.13895452,0.129645579,0.152610438,0.163209449,0.082071087,0.121646937,0.125169389,0.155472236,0.153775861,0.162228966,0.154753568,0.16184666,0.132402028,0.149790519,0.132528925,0.168555635,0.147983997,0.160740963,0.143011189,0.130774047,0.146875141,0.127322703,0.128821375,0.14556139,0.161608178,0.144960675,0.151187661,0.138385433,0.148240942,0.159653141,0.151743131,0.159244479,0.163573071,0.147470095,0.128688623,0.095822497,0.151498946,0.15900977,0.133337886,0.13967848,0.149966195,0.127126814,0.082005263,0.140312927,0.134818195,0.127526925,0.162814011,0.134298759,0.115855662,0.144788792,0.142915616,0.155099944,0.149803304,0.144141727,0.137224148,0.1671951,0.178780804,0.143809692,0.146654763,0.139273967,0.126817913,0.17427072,0.129686484,0.128012614,0.146062056,0.1424295,0.154286286,0.146752136,0.154369068,0.140753198,0.145789892,0.175239398,0.134013074,0.137661554,0.160572083,0.167697152,0.154147677,0.14655249,0.153393384,0.132509361,0.11689153,0.142145849,0.139052821,0.119162184,0.105891591,0.150088613,0.119434677,0.099771696,0.158606678,0.130654801,0.120529411,0.141679429,0.133178585,0.126258092
1.7,27,0.165025846,0.136782037,0.156731963,0.153088601,0.146051039,0.1532199,0.122286649,0.137417914,0.147898902,0.126068864,0.151732068,0.169860729,0.129302961,0.12290311,0.158634225,0.092020577,0.126075214,0.143529852,0.145196338,0.159881649,0.132967117,0.15803838,0.115648202,0.119500941,0.158068289,0.111156333,0.136774465,0.144654267,0.106663855,0.130693839,0.138186028,0.147017479,0.156045924,0.161189768,0.147835119,0.138879859,0.163758395,0.150533963,0.155619902,0.134953348,0.108032433,0.15468338,0.122410999,0.152541946,0.138368562,0.145989206,0.138559845,0.122587088,0.108730672,0.161284773,0.148203592,0.162287319,0.131678879,0.14083911,0.130618009,0.150671574,0.133769803,0.115711854,0.171625811,0.157137574,0.116300499,0.166681504,0.133895707,0.160604965,0.116007485,0.156010142,0.121829633,0.155038564,0.153286623,0.144919649,0.133965704,0.160144002,0.149474409,0.14485046,0.167820169,0.156233825,0.158410319,0.102100836,0.153665403,0.12118444,0.143405888,0.148008382,0.140164217,0.140278887,0.1366593,0.157323143,0.143492059,0.151240942,0.162032214,0.152988011,0.134503716,0.149848891,0.150569933,0.147993453,0.148643972,0.143346357,0.139840949,0.160051504,0.157344062,0.148691652,0.126727451,0.128456789,0.162283242,0.144562496,0.118254129,0.150814366,0.128780623,0.154319243,0.125266069,0.148498486,0.169681998,0.143659639,0.154943616,0.138799459,0.130719075,0.124360019,0.144121698,0.138968976,0.113426471,0.160382296,0.141628474,0.136700412,0.097074893,0.149420825,0.148554996,0.144581959,0.151050504,0.140002279,0.159055591,0.16013393,0.157888664,0.131807833,0.163486437,0.163979991,0.135689621,0.149917769,0.115532593,0.149762617,0.151773056,0.135910893,0.168488612,0.136238807,0.127614513,0.135354462,0.14711574,0.121226201,0.166506389,0.147938801,0.074604185,0.13171265,0.147328504,0.168021951,0.147655654,0.180531528,0.140913526,0.150729778,0.14139256,0.158720861,0.156121106,0.155375104,0.149848831,0.158346897,0.152923663,0.087879721,0.160861597,0.109295771,0.132290968,0.160413497,0.157890547,0.124723035,0.147552929,0.144928743,0.152961858,0.14991444,0.130219959,0.160058953,0.149156428,0.156114406,0.117625407,0.095677267,0.139423121,0.156672016,0.151359491,0.163296087,0.162611683,0.142107844,0.118120201,0.122631,0.150405493,0.125193395,0.163007479,0.145121081,0.146969916,0.117907075,0.141938086,0.142916953,0.152736694,0.164180163,0.133740764,0.1561922,0.159610792,0.164565132,0.14973952,0.159927406,0.145746377,0.148869362,0.142238722,0.14296587,0.126651788,0.164049608,0.143352522,0.136076123,0.166103719,0.153642891,0.142396964,0.161186972,0.154773638,0.15587575,0.150438486,0.165104365,0.154936251,0.159346035,0.166929138,0.114993248,0.132257037,0.151609174,0.138106412,0.107845906,0.114955706,0.163191675,0.11933385,0.099997707,0.14000716,0.131327939,0.127787317,0.128509643,0.133056103,0.135825539
1.8,28,0.155759237,0.147679433,0.142902735,0.161302484,0.151766411,0.148280104,0.125817121,0.117294693,0.154778501,0.136771449,0.148705275,0.159927638,0.147198085,0.099308633,0.15643575,0.106877122,0.120074967,0.133019231,0.147796964,0.147836762,0.151093827,0.135161327,0.124660205,0.123911705,0.152542655,0.100957932,0.13043707,0.149344011,0.113391955,0.155811069,0.178804641,0.134927425,0.153877795,0.157664028,0.149965548,0.145294728,0.155012488,0.159663034,0.147066643,0.147500737,0.103787752,0.146836402,0.146045877,0.155856321,0.152082713,0.156431265,0.141155602,0.143207854,0.104011242,0.166679617,0.15249189,0.132413297,0.133751233,0.138759704,0.156324858,0.147263614,0.129897805,0.126862689,0.160297858,0.165415607,0.139167693,0.148208654,0.132777417,0.153047231,0.11948058,0.15793446,0.130306276,0.151891425,0.181757719,0.159932726,0.14049244,0.149234529,0.150926543,0.140694598,0.153259992,0.173744933,0.155061401,0.116396666,0.160204748,0.136797437,0.14648424,0.151223587,0.156027228,0.144421419,0.157587398,0.15477655,0.150559314,0.151603781,0.153546049,0.164383682,0.148863172,0.152260448,0.144548086,0.141831979,0.164223472,0.151498466,0.132296934,0.153911121,0.144421126,0.164378173,0.129870474,0.146081485,0.148330991,0.145460197,0.122174783,0.156450564,0.129541628,0.141926491,0.135780364,0.163397172,0.144658217,0.126513668,0.145262695,0.137178258,0.131540693,0.147537218,0.163941913,0.136380697,0.117343393,0.161210738,0.144254062,0.149772332,0.125285822,0.156775543,0.160816077,0.155321808,0.141399546,0.141543445,0.157619769,0.148703085,0.138753404,0.159755939,0.142800869,0.161606853,0.125087842,0.158913239,0.131072617,0.139562474,0.146492047,0.130375572,0.155419243,0.137538442,0.132875583,0.139413888,0.148817315,0.15882076,0.145223153,0.153331869,0.08365233,0.154734097,0.162779043,0.153753354,0.145008441,0.149866252,0.128100942,0.154880632,0.161781078,0.15132495,0.142285169,0.158226228,0.130459252,0.166906018,0.158472356,0.123468569,0.14481784,0.112833498,0.149545788,0.15079909,0.161079133,0.149884744,0.150648297,0.129553322,0.169424952,0.170325893,0.14721058,0.14358668,0.147196453,0.14746979,0.128526517,0.110195134,0.161654194,0.158620718,0.142789086,0.160670574,0.158214919,0.121821106,0.113404165,0.128726366,0.173704986,0.133640442,0.162043418,0.14634154,0.124666991,0.12246496,0.15993539,0.149644182,0.141201226,0.14702895,0.14040833,0.153670345,0.167196829,0.155388114,0.16011629,0.138129734,0.132277016,0.165949519,0.122332813,0.130660723,0.126138089,0.150775092,0.136451016,0.136590559,0.149883687,0.14671977,0.151378888,0.152086599,0.144501615,0.155279596,0.153938998,0.158182181,0.153211093,0.147718536,0.167067332,0.103638095,0.120458021,0.14538993,0.164636838,0.110144655,0.095023752,0.161786954,0.126162756,0.101758609,0.145810493,0.123915629,0.138546622,0.137759042,0.142700516,0.17229607
1.9,29,0.141658652,0.138755222,0.15939031,0.15293977,0.147161844,0.154326483,0.126545759,0.133894652,0.1604619,0.142573162,0.15084586,0.163590238,0.148214107,0.104774012,0.145499667,0.117649463,0.130275874,0.125819839,0.122070392,0.15573263,0.151075476,0.144398469,0.140801775,0.123346238,0.145090885,0.133466782,0.144131737,0.149156183,0.144735166,0.141465667,0.146797101,0.161171009,0.160714471,0.160034204,0.145354648,0.152350254,0.170364385,0.148677946,0.1573031,0.150620527,0.09738852,0.143160621,0.118226822,0.155537021,0.146758365,0.132284488,0.1392039,0.158678229,0.118473523,0.161291418,0.150056389,0.14541316,0.136387043,0.158630579,0.145748096,0.140154421,0.134830719,0.119293675,0.167980986,0.151221516,0.149627035,0.159388688,0.140183744,0.157377484,0.11314648,0.159573941,0.130629287,0.125018726,0.156866085,0.148799412,0.146363214,0.155973182,0.159040075,0.154650432,0.153552487,0.15200359,0.161983659,0.129186532,0.159486773,0.141496594,0.160342262,0.160688043,0.142927518,0.151653652,0.142207769,0.16741318,0.133025182,0.163974198,0.152034858,0.162327609,0.162703526,0.157861669,0.154706048,0.146682424,0.129597049,0.155468553,0.132330596,0.161069141,0.145246284,0.131106303,0.138871861,0.141538067,0.144510191,0.140252266,0.128902375,0.147593601,0.120403148,0.152575848,0.143834685,0.15751717,0.148310541,0.152376062,0.15199502,0.127250408,0.141440604,0.149375666,0.146964753,0.158574832,0.126556284,0.16974885,0.165518401,0.137270409,0.118592677,0.162567495,0.156332098,0.151646234,0.144939787,0.145309574,0.156440237,0.143918293,0.129844056,0.1621081,0.15191935,0.146063917,0.13566071,0.159557102,0.135232424,0.141314587,0.14189903,0.134749019,0.154252428,0.142568684,0.160935498,0.129536479,0.145222364,0.138507051,0.153410965,0.144681094,0.099905171,0.140802141,0.133737851,0.155934131,0.160728504,0.157551003,0.132999916,0.1527037,0.155617225,0.154309545,0.165196477,0.15014583,0.140732848,0.164218643,0.141690162,0.141810992,0.140331655,0.129489063,0.148019268,0.142324537,0.162971294,0.155284432,0.142156939,0.120039448,0.145491217,0.151019111,0.142692047,0.162670021,0.156942484,0.167281033,0.132605901,0.108767441,0.164551982,0.131751184,0.149044539,0.167808612,0.158964859,0.122256269,0.114354171,0.133797667,0.144824913,0.118344031,0.157866102,0.134796826,0.121963141,0.134021289,0.140884383,0.1591309,0.144350785,0.154532362,0.133468913,0.143869017,0.142133202,0.1528298,0.136336643,0.143067591,0.12219722,0.160692117,0.122266271,0.147175867,0.124615167,0.139943665,0.152236157,0.140995922,0.153353181,0.154155778,0.142238426,0.167440504,0.163485572,0.157260011,0.157528091,0.167306985,0.158114943,0.160445264,0.172034596,0.103190852,0.134803157,0.160144127,0.150665182,0.12726444,0.111711626,0.148845621,0.12566976,0.10055232,0.140458051,0.136407189,0.149901258,0.143048341,0.140361316,0.152741176
