drift_beta,,102_PaulAnka_60_m.jpg,10638_LuiseRainer_26_f.jpg,10645_LuiseRainer_27_f.jpg,10666_LuiseRainer_28_f.jpg,10671_LuiseRainer_74_f.jpg,10674_LuiseRainer_27_f.jpg,10686_LuiseRainer_46_f.jpg,10752_OrnellaMuti_15_f.jpg,10757_OrnellaMuti_21_f.jpg,10762_OrnellaMuti_26_f.jpg,10785_OrnellaMuti_51_f.jpg,10789_OrnellaMuti_55_f.jpg,10791_OrnellaMuti_57_f.jpg,11665_MireilleDarc_34_f.jpg,11669_MireilleDarc_38_f.jpg,11678_MireilleDarc_51_f.jpg,11679_MireilleDarc_54_f.jpg,11683_MireilleDarc_58_f.jpg,11847_BarbaraBouchet_25_f.jpg,11870_BarbaraBouchet_61_f.jpg,11876_BarbaraBouchet_68_f.jpg,11959_AngelaLansbury_35_f.jpg,11964_AngelaLansbury_46_f.jpg,11984_AngelaLansbury_80_f.jpg,11989_AngelaLansbury_87_f.jpg,12024_DebbieReynolds_24_f.jpg,12045_DebbieReynolds_69_f.jpg,12055_DebbieReynolds_78_f.jpg,12121_EvaMarieSaint_82_f.jpg,121_MickJagger_18_m.jpg,12329_MyrnaLoy_51_f.jpg,12330_MyrnaLoy_75_f.jpg,12337_MyrnaLoy_20_f.jpg,12364_MyrnaLoy_67_f.jpg,12376_MyrnaLoy_33_f.jpg,12607_FrancesDee_43_f.jpg,12612_FrancesDee_83_f.jpg,12613_FrancesDee_89_f.jpg,13032_GeraldineChaplin_38_f.jpg,13041_GeraldineChaplin_52_f.jpg,13042_GeraldineChaplin_53_f.jpg,13052_GeraldineChaplin_66_f.jpg,13436_DanielleDarrieux_64_f.jpg,13437_DanielleDarrieux_65_f.jpg,13522_HelenHayes_31_f.jpg,14520_AudreyHepburn_62_f.jpg,14530_AudreyHepburn_24_f.jpg,14534_AudreyHepburn_25_f.jpg,14537_AudreyHepburn_32_f.jpg,14551_AudreyHepburn_36_f.jpg,15001_AnnMiller_15_f.jpg,15003_AnnMiller_17_f.jpg,15007_AnnMiller_21_f.jpg,15022_AnnMiller_42_f.jpg,15032_AnnMiller_60_f.jpg,15276_DyanCannon_67_f.jpg,15279_DyanCannon_70_f.jpg,15289_DyanCannon_32_f.jpg,15369_JanePowell_14_f.jpg,15414_JanePowell_77_f.jpg,15418_JanePowell_81_f.jpg,15468_JeanetteMacDonald_32_f.jpg,15484_JeanetteMacDonald_44_f.jpg,15576_KateOMara_20_f.jpg,15577_KateOMara_21_f.jpg,15585_KateOMara_29_f.jpg,15592_KateOMara_36_f.jpg,15599_KateOMara_43_f.jpg,15606_KateOMara_50_f.jpg,15608_KateOMara_52_f.jpg,1663_BobDylan_33_m.jpg,1686_BobDylan_72_m.jpg,1831_TomJones_23_m.jpg,1837_TomJones_28_m.jpg,1852_TomJones_59_m.jpg,1857_TomJones_64_m.jpg,1859_TomJones_66_m.jpg,1908_EdwardFox_34_m.jpg,1924_EdwardFox_53_m.jpg,1930_EdwardFox_63_m.jpg,1939_EdwardFox_76_m.jpg,1981_JamesCaan_27_m.jpg,1988_JamesCaan_32_m.jpg,2008_JamesCaan_59_m.jpg,2073_JonVoight_60_m.jpg,2076_JonVoight_62_m.jpg,2077_JonVoight_64_m.jpg,2088_JonVoight_74_m.jpg,2097_MelBrooks_40_m.jpg,2105_MelBrooks_52_m.jpg,2121_MelBrooks_77_m.jpg,2124_MelBrooks_80_m.jpg,2709_KevinBacon_27_m.jpg,2720_KevinBacon_37_m.jpg,2732_KevinBacon_48_m.jpg,2737_KevinBacon_52_m.jpg,2785_MickJagger_47_m.jpg,2792_MickJagger_63_m.jpg,2793_MickJagger_64_m.jpg,2794_MickJagger_66_m.jpg,3556_MichaelYork_13_m.jpg,3579_MichaelYork_50_m.jpg,3581_MichaelYork_52_m.jpg,3589_MichaelYork_61_m.jpg,3591_MichaelYork_63_m.jpg,3593_MichaelYork_65_m.jpg,3596_MichaelYork_70_m.jpg,4131_GenaRowlands_35_m.jpg,4138_GenaRowlands_48_m.jpg,4159_GenaRowlands_77_m.jpg,4885_RomanPolanski_33_m.jpg,4918_RomanPolanski_73_m.jpg,4921_RomanPolanski_76_m.jpg,4993_WarrenBeatty_23_m.jpg,5009_WarrenBeatty_57_m.jpg,5023_WarrenBeatty_75_m.jpg,5028_WarrenBeatty_42_m.jpg,5067_AnthonyHopkins_32_m.jpg,5079_AnthonyHopkins_54_m.jpg,5096_AnthonyHopkins_72_m.jpg,5109_AnthonyHopkins_76_m.jpg,5621_PeterFalk_74_m.jpg,5630_PeterFalk_83_m.jpg,5849_HerbertLom_40_m.jpg,5864_HerbertLom_61_m.jpg,5876_HerbertLom_81_m.jpg,5881_HerbertLom_93_m.jpg,6230_DirkBogarde_29_m.jpg,6231_DirkBogarde_31_m.jpg,6245_DirkBogarde_42_m.jpg,6246_DirkBogarde_43_m.jpg,6255_DirkBogarde_56_m.jpg,6262_DirkBogarde_67_m.jpg,6472_JohnnyCash_10_m.jpg,6485_JohnnyCash_40_m.jpg,6493_JohnnyCash_69_m.jpg,6494_JohnnyCash_29_m.jpg,6497_JohnnyCash_35_m.jpg,6676_PeterGraves_34_m.jpg,6681_PeterGraves_41_m.jpg,6682_PeterGraves_43_m.jpg,6698_PeterGraves_82_m.jpg,6700_PeterGraves_46_m.jpg,6703_PeterGraves_54_m.jpg,6806_RoyScheider_56_m.jpg,6992_ChristopherWalken_29_m.jpg,7012_ChristopherWalken_50_m.jpg,7016_ChristopherWalken_56_m.jpg,7098_GladysCooper_15_m.jpg,7121_GladysCooper_74_m.jpg,7401_MickeyRooney_8_m.jpg,7402_MickeyRooney_10_m.jpg,7410_MickeyRooney_23_m.jpg,7416_MickeyRooney_33_m.jpg,7436_MickeyRooney_77_m.jpg,7437_MickeyRooney_78_m.jpg,8305_RichardCrenna_18_m.jpg,8308_RichardCrenna_28_m.jpg,8338_RichardCrenna_64_m.jpg,85_PaulAnka_65_m.jpg,8825_ArnoldSchwarzenegger_32_m.jpg,8833_ArnoldSchwarzenegger_41_m.jpg,8843_ArnoldSchwarzenegger_54_m.jpg,8852_ArnoldSchwarzenegger_61_m.jpg,88_PaulAnka_67_m.jpg,8948_FredMacMurray_28_m.jpg,8950_FredMacMurray_31_m.jpg,8964_FredMacMurray_51_m.jpg,8978_FredMacMurray_74_m.jpg,9043_JeanClaudeVanDamme_28_m.jpg,9062_JeanClaudeVanDamme_44_m.jpg,9066_JeanClaudeVanDamme_51_m.jpg,9068_JeanClaudeVanDamme_52_m.jpg,9072_JeanClaudeVanDamme_43_m.jpg,9079_JeanClaudeVanDamme_53_m.jpg,90_PaulAnka_70_m.jpg,9701_DorisDay_48_f.jpg,9707_DorisDay_38_f.jpg,9715_DorisDay_29_f.jpg,9722_DorisDay_36_f.jpg,9729_DorisDay_46_f.jpg,9737_DorisDay_65_f.jpg,9740_DorisDay_68_f.jpg,9753_TomJones_24_f.jpg,9764_TomJones_38_f.jpg,9782_TomJones_68_f.jpg,9783_TomJones_69_f.jpg,99_PaulAnka_46_m.jpg
-1,0,0.032011704,0.040957341,0.034662774,0.033977374,0.034540331,0.035846032,0.043482483,0.017476182,0.033820688,0.03377228,0.020414699,0.035416297,0.025971452,0.033350252,0.02210799,0.024036096,0.028164554,0.033215299,0.026371271,0.019054863,0.02965266,0.02739684,0.031133291,0.047373107,0.025219921,0.026228175,0.017544959,0.03415342,0.026487463,0.037869702,0.027501733,0.028757267,0.04329209,0.023988325,0.033720604,0.028997633,0.033628227,0.018904238,0.025602399,0.033270207,0.032382664,0.023791901,0.026808655,0.019818151,0.034108328,0.035524915,0.026885749,0.031784859,0.028375207,0.024984941,0.028222351,0.039875482,0.028591407,0.031447446,0.022152917,0.02054658,0.03351529,0.027267472,0.023496738,0.017957613,0.030617189,0.045298795,0.026069147,0.028747867,0.026720628,0.036573372,0.031877259,0.02608124,0.02398913,0.027634947,0.027199924,0.023023488,0.033699126,0.043625542,0.031221372,0.034040108,0.023953355,0.030502285,0.025578051,0.036039293,0.040935747,0.028257622,0.030997515,0.030259198,0.019282661,0.024891733,0.023307159,0.029126561,0.044740713,0.032156542,0.022494902,0.024439045,0.036648566,0.030671121,0.030109479,0.039695275,0.032367824,0.033216966,0.02188791,0.030445264,0.039114744,0.021601541,0.033271285,0.023437059,0.027401969,0.037515205,0.030701607,0.030596358,0.021097371,0.020430027,0.034412595,0.035854496,0.020172676,0.035899013,0.02693302,0.024919395,0.02488394,0.026711881,0.032102248,0.019979102,0.021618369,0.026687953,0.028432695,0.028088763,0.028981928,0.028730866,0.024165221,0.027136582,0.024576592,0.027877743,0.032910723,0.031603105,0.035234346,0.030278684,0.027275855,0.021008619,0.038783394,0.03072057,0.031317383,0.016786836,0.028916703,0.01648064,0.021005393,0.023071815,0.039242579,0.02688792,0.031506496,0.022873922,0.028541345,0.028788236,0.036863121,0.023531449,0.034515354,0.02842539,0.032370589,0.03208699,0.034244012,0.03889269,0.030904595,0.025192397,0.029108592,0.021936499,0.02297978,0.031231857,0.036670067,0.02369255,0.021930231,0.017651854,0.020209879,0.033519459,0.028334274,0.032583473,0.036533831,0.032726526,0.025579037,0.020028138,0.030296184,0.040134638,0.022778743,0.036463814,0.022178204,0.023665123,0.020456376,0.030193518,0.031107282,0.023284607,0.027660096,0.024306518
-0.9,1,0.01241242,0.020130372,0.015781295,0.017658067,0.018940194,0.013297733,0.016599911,0.008589387,0.014953275,0.02079459,0.016907946,0.014464026,0.013906057,0.006800361,0.01194044,0.007057934,0.007188589,0.011798275,0.009004466,0.013207698,0.012327673,0.00934961,0.021053043,0.014531284,0.0079214,0.01304908,0.02059451,0.012662566,0.013427533,0.018487917,0.010054307,0.016916876,0.013796901,0.008331955,0.021429523,0.01173307,0.011768629,0.00374816,0.017183384,0.017058517,0.01521325,0.010629549,0.008514921,0.006547175,0.020190093,0.017280946,0.01012251,0.020671288,0.015526913,0.007966793,0.018737777,0.014208986,0.015533891,0.01995812,0.019816989,0.004907139,0.008649911,0.010039071,0.017990624,0.014592516,0.013159199,0.018326492,0.015791432,0.012226612,0.017578998,0.021125518,0.02327606,0.022204274,0.017100834,0.01134451,0.014406278,0.011927449,0.018433324,0.022576967,0.00937694,0.008713861,0.015405338,0.01515329,0.012252802,0.014137664,0.011589442,0.010389006,0.022329134,0.013586183,0.017000614,0.012927949,0.01734598,0.010514572,0.022454208,0.012391255,0.010971845,0.013395358,0.019370887,0.018531473,0.010707953,0.015748295,0.010450342,0.012340336,0.01509859,0.013595226,0.019292471,0.015038042,0.007866325,0.011043392,0.013460361,0.008004528,0.014957683,0.015346276,0.005205113,0.007755906,0.017262385,0.012916278,0.009115122,0.015686936,0.0197536,0.020899554,0.013943279,0.020280393,0.010800058,0.01849699,0.015633911,0.00847602,0.010883499,0.012217848,0.009079184,0.014017081,0.015509311,0.013345119,0.015454755,0.013469666,0.01705579,0.006492151,0.006187982,0.014235406,0.017942805,0.013261542,0.016322793,0.020974197,0.009141491,0.007504011,0.009241771,0.014412089,0.006385322,0.022382139,0.010790134,0.013213736,0.013003208,0.009042596,0.015056892,0.005867738,0.022429005,0.020865817,0.016080513,0.014205698,0.008718466,0.016513742,0.009467653,0.017005612,0.010040185,0.013028958,0.012735548,0.016364933,0.0099142,0.017855387,0.016566878,0.013199442,0.020859016,0.019632699,0.00602382,0.010155468,0.005950015,0.00597693,0.01635124,0.003981701,0.01901228,0.014275476,0.01347737,0.01207352,0.01172085,0.009125232,0.009485664,0.00862984,0.008824845,0.022125282,0.015354682,0.010975929,0.008788561,0.018314994
-0.8,2,0.007041654,0.01259497,0.008169894,0.009502196,0.010462958,0.007318566,0.012101978,0.004126593,0.007386808,0.009797457,0.00735552,0.009138985,0.011206419,0.002424823,0.008048984,0.003334898,0.002715419,0.004790237,0.004178516,0.007523105,0.004871123,0.008127521,0.010776499,0.010777002,0.003271498,0.008199912,0.013785968,0.005531694,0.005386196,0.008895458,0.005122455,0.012762929,0.006100285,0.003968761,0.014563616,0.005501411,0.006148994,0.0018381,0.00890217,0.00546262,0.010066115,0.004349466,0.002506176,0.003586401,0.013327525,0.013039895,0.005774303,0.013824638,0.007756593,0.004557925,0.016947702,0.008020741,0.007915915,0.012771873,0.011778093,0.001910347,0.003818748,0.003220548,0.010724595,0.009264322,0.00895081,0.011130284,0.006252371,0.008524776,0.007780803,0.011328588,0.020391962,0.01059004,0.009010954,0.00435616,0.011171946,0.004101353,0.011700557,0.020131369,0.00456164,0.004743516,0.01029852,0.004668718,0.005495758,0.008550813,0.006819002,0.0046317,0.014577304,0.007805094,0.008128725,0.005238602,0.005496066,0.004400321,0.016895592,0.005579436,0.005339111,0.006813478,0.011017052,0.010305152,0.003503128,0.00603105,0.00602052,0.0093525,0.008788511,0.004368477,0.01005559,0.010152555,0.003139997,0.005234206,0.005613118,0.002889725,0.008343231,0.007411947,0.003209964,0.00325253,0.008832457,0.007973191,0.004152336,0.010097678,0.009843594,0.013219308,0.010331066,0.011373622,0.006623309,0.011645125,0.01121782,0.002912615,0.004665362,0.005068104,0.004753213,0.006451522,0.011806076,0.005199993,0.010230026,0.009443185,0.008934582,0.003337333,0.003595104,0.008917638,0.010986117,0.006744071,0.010889455,0.017176201,0.004079245,0.003072656,0.005563516,0.010448579,0.003341758,0.010516413,0.005234717,0.005607911,0.009112257,0.005559666,0.005449452,0.002487879,0.01566395,0.018049813,0.01009717,0.006225198,0.004194793,0.0081819,0.005443991,0.008999015,0.004521245,0.006142194,0.007354843,0.00826246,0.00547438,0.008931266,0.010246826,0.009322007,0.009973423,0.011161089,0.001788589,0.004928557,0.002234669,0.00176696,0.011352606,0.002179656,0.010293083,0.009612339,0.00637874,0.006813755,0.006195787,0.004435407,0.004828528,0.004663564,0.002711455,0.015101397,0.012655374,0.00465428,0.004295104,0.008305067
-0.7,3,0.003612707,0.010256666,0.004701422,0.007778306,0.007848027,0.003744209,0.008273803,0.002573833,0.005832734,0.008029381,0.004944816,0.00485901,0.007278214,0.0013507,0.003647952,0.002053405,0.001151274,0.003057821,0.002387109,0.004321676,0.002053384,0.003617462,0.003531783,0.004319137,0.002055476,0.003796461,0.008324324,0.004310449,0.003220254,0.006446215,0.002319079,0.006696632,0.004433367,0.001994022,0.008139056,0.004226736,0.003334645,0.001161575,0.005599225,0.003307451,0.007096792,0.003090151,0.001382708,0.001709793,0.009121575,0.008666833,0.003611596,0.010360652,0.005504334,0.001727424,0.01101646,0.004048082,0.004394226,0.009583885,0.006453399,0.001485086,0.002019127,0.001924163,0.00491006,0.006094397,0.003189793,0.008525633,0.00498262,0.00447462,0.003543746,0.009812518,0.015462243,0.005737359,0.004111441,0.00270517,0.007722761,0.002777358,0.009194526,0.014499378,0.002543071,0.002960635,0.00821077,0.002749254,0.00329612,0.005783179,0.003807708,0.00318502,0.010879456,0.00348535,0.004278456,0.003428335,0.003286849,0.002992651,0.013990083,0.002692314,0.00470202,0.003373829,0.007790682,0.008262356,0.001991948,0.003726231,0.003499647,0.002455417,0.005100809,0.003317875,0.00506201,0.007399838,0.00223581,0.002859188,0.003420946,0.002583026,0.006106579,0.004873076,0.001644538,0.001971356,0.005782375,0.003419763,0.002769322,0.003947968,0.006009223,0.006157586,0.005609118,0.007575076,0.002483146,0.008948025,0.005952416,0.00185069,0.002172491,0.003347262,0.003314999,0.004813683,0.009133264,0.002629074,0.006149354,0.005365736,0.005785463,0.001637577,0.001562834,0.006644898,0.006247419,0.003591574,0.007468951,0.009767035,0.00271173,0.001659252,0.001785896,0.004036281,0.00145362,0.007116651,0.002862643,0.002640608,0.004276588,0.002853253,0.002975456,0.001346411,0.013594669,0.014653154,0.006832935,0.003492905,0.00180368,0.006370647,0.002995873,0.00797823,0.002486112,0.003587004,0.004274493,0.004815482,0.003317693,0.005197358,0.008340684,0.005922114,0.006184585,0.006952428,0.000959929,0.002442177,0.001046284,0.000796825,0.008873706,0.001393312,0.006073506,0.003534338,0.004198569,0.004349235,0.003377948,0.002390214,0.002694965,0.002311718,0.00129659,0.01258516,0.007396946,0.002279338,0.002031476,0.004134952
-0.6,4,0.002577796,0.006767861,0.003547283,0.00442076,0.005137045,0.002328201,0.004516763,0.001923692,0.00256338,0.004710322,0.002821812,0.003237929,0.003518044,0.001194132,0.00178212,0.001943276,0.001171148,0.001399541,0.001711737,0.003049559,0.001354356,0.002572861,0.002893138,0.003014813,0.001292354,0.003327728,0.004797171,0.002634839,0.001753462,0.004378738,0.001256312,0.004122318,0.00257956,0.001217704,0.006306833,0.003051412,0.002978899,0.00098718,0.002846346,0.0023478,0.004229696,0.001238724,0.001220326,0.001103081,0.007634064,0.006960317,0.002091739,0.00710004,0.003054216,0.001656386,0.006918352,0.002672216,0.003832469,0.005567224,0.00541936,0.000882927,0.001694387,0.001609254,0.00296438,0.003423938,0.00264958,0.004909879,0.002656871,0.003242919,0.002929603,0.005283042,0.011383058,0.004597819,0.002366598,0.001618274,0.004847132,0.00157571,0.006460494,0.011486784,0.001574368,0.001371928,0.006765519,0.002185071,0.001692003,0.004276398,0.003002026,0.002351276,0.00733831,0.002288055,0.00288286,0.001033781,0.001748707,0.001278013,0.011396301,0.001795185,0.002411311,0.002264617,0.005903907,0.005761032,0.001383054,0.002543801,0.002108646,0.002401146,0.003011889,0.001837962,0.00461322,0.006369103,0.001544195,0.001885682,0.001885399,0.001582694,0.004293106,0.002899799,0.001155501,0.001238864,0.004061915,0.002831316,0.00142863,0.001913298,0.00326539,0.0031856,0.003182428,0.004219484,0.001879387,0.005150103,0.004491862,0.001094502,0.002030094,0.001863795,0.002259629,0.003036721,0.007001005,0.001559432,0.005055473,0.002575345,0.00332883,0.001235069,0.001361517,0.004247884,0.00447143,0.002315533,0.005107728,0.00598989,0.001513057,0.001084431,0.001312242,0.002257754,0.001266393,0.004539754,0.001942474,0.001265784,0.003347082,0.001841922,0.002163761,0.00072994,0.009790426,0.010673072,0.003841757,0.002551196,0.0009322,0.004227589,0.001319806,0.004127455,0.000950254,0.002484569,0.002750314,0.002482554,0.002071181,0.003092486,0.005521712,0.002671634,0.003474979,0.004542935,0.001274374,0.001577619,0.000897645,0.000629821,0.004001873,0.00089353,0.004743348,0.002005496,0.002401152,0.002544245,0.002179993,0.002036942,0.00149901,0.001507215,0.00090559,0.010179573,0.005144509,0.001684988,0.001765103,0.00315357
-0.5,5,0.001687429,0.004061772,0.00274203,0.003685535,0.003684325,0.002460909,0.003038772,0.001261144,0.001738234,0.003755928,0.00199731,0.001886617,0.002699099,0.000673262,0.001537551,0.000853709,0.000702188,0.000813395,0.000992854,0.001666401,0.00117524,0.001803742,0.00204081,0.001975116,0.000925622,0.001588063,0.002773096,0.001333836,0.000899017,0.002336397,0.00128769,0.002806983,0.001645172,0.001091057,0.00393314,0.001446709,0.001385991,0.000662059,0.001972144,0.001475635,0.003498098,0.001012525,0.000749822,0.000951123,0.00459996,0.004106329,0.001154043,0.004546223,0.00222209,0.000990072,0.005174679,0.002095326,0.002935825,0.003944953,0.003409033,0.000687608,0.00140717,0.00071409,0.001236286,0.002840006,0.001690865,0.003622849,0.002077494,0.00179857,0.001813401,0.003985075,0.009922137,0.002827795,0.001255222,0.001083007,0.003226551,0.001020644,0.005122179,0.010059159,0.000994291,0.001347989,0.004335897,0.001268704,0.001150186,0.002465237,0.001399936,0.001676558,0.005745624,0.001509959,0.002140831,0.000926619,0.001211202,0.000952103,0.007664345,0.00073043,0.001670327,0.001012715,0.003597121,0.0031704,0.001091003,0.001564576,0.001495068,0.001938042,0.002033145,0.001405435,0.002744986,0.003740611,0.001018159,0.001494671,0.001577386,0.000893928,0.002482737,0.00198562,0.000727771,0.000877196,0.002469097,0.001478513,0.001153796,0.001267444,0.002412602,0.001394023,0.001888829,0.002656333,0.0010062,0.003913029,0.003626752,0.000858043,0.0012353,0.001355913,0.001521589,0.001699305,0.003880786,0.001033067,0.003777074,0.002204911,0.002727794,0.000715815,0.00096245,0.003256488,0.002686975,0.001753201,0.003505654,0.004939073,0.001086538,0.000718952,0.000949059,0.000946998,0.000668169,0.003061084,0.00126406,0.000723565,0.002314384,0.001304739,0.001360909,0.00078779,0.007228722,0.009120989,0.002498604,0.001425825,0.000741575,0.002309701,0.00101088,0.003376846,0.00094597,0.002074233,0.001614678,0.001388204,0.001491367,0.002186679,0.005471478,0.00261837,0.002655622,0.003868858,0.000712774,0.001653844,0.000650424,0.000478934,0.003169456,0.000619147,0.003438163,0.00156903,0.002057579,0.001452953,0.001475215,0.001012326,0.000891535,0.001334371,0.000885247,0.007151297,0.003133802,0.001241917,0.001195449,0.002417326
-0.4,6,0.001561957,0.003257515,0.001754614,0.002289959,0.002253222,0.00134164,0.002197614,0.000689805,0.001147696,0.002278439,0.001557438,0.001616038,0.001557287,0.000906036,0.000804596,0.000829538,0.000624838,0.000677263,0.000862507,0.001136034,0.000944367,0.001135264,0.001461017,0.001116356,0.000939261,0.001283814,0.002589232,0.001225511,0.00069816,0.00203111,0.000490032,0.002690873,0.001066254,0.000723396,0.002646959,0.001181663,0.001075559,0.000532563,0.001591917,0.00100665,0.001860326,0.000996758,0.000718097,0.000751277,0.003327557,0.003550444,0.000932324,0.003677238,0.001520854,0.000965446,0.004075661,0.001273963,0.001373845,0.002545739,0.001250753,0.000890866,0.000637919,0.000708079,0.001369338,0.002278203,0.000964562,0.003478595,0.001290752,0.001403291,0.001348474,0.003006971,0.006464756,0.00224901,0.001079346,0.00097169,0.002575108,0.000795783,0.002345932,0.007505121,0.001158411,0.001021669,0.00301913,0.000767509,0.000970876,0.001433576,0.001337064,0.001313765,0.004053359,0.001195545,0.001173615,0.000990491,0.000546221,0.000752719,0.005626954,0.00089703,0.001198134,0.000808076,0.002180541,0.002366695,0.001058667,0.001141143,0.001065126,0.001149992,0.001628564,0.00089009,0.002046055,0.003115662,0.000502372,0.000852892,0.001128812,0.000762216,0.001710311,0.001397993,0.000613046,0.000763523,0.001494514,0.001590418,0.000877541,0.001300811,0.001521314,0.000851556,0.00164277,0.001848081,0.000826812,0.002516918,0.00191202,0.000605488,0.000532172,0.001041307,0.00064955,0.001555266,0.002406559,0.000778542,0.001808097,0.00123593,0.001960525,0.00057331,0.000610153,0.00170788,0.0018199,0.001205523,0.001874214,0.002476428,0.000761637,0.000808707,0.000538032,0.000943834,0.000486358,0.002032387,0.000887514,0.000933341,0.001408272,0.001137821,0.000929567,0.000723809,0.005275089,0.006024424,0.001766175,0.001251733,0.000529097,0.001784854,0.0008116,0.00215375,0.000598,0.001037857,0.001446919,0.001004116,0.001250488,0.00166578,0.002736661,0.001410841,0.002584345,0.002409317,0.000589636,0.000889147,0.000649764,0.000399871,0.002428883,0.000608608,0.002120807,0.001215774,0.001217532,0.001108748,0.001347845,0.001020273,0.000718936,0.00077368,0.000438745,0.006143322,0.002800181,0.000953762,0.000857095,0.001325432
-0.3,7,0.001096598,0.00216662,0.001136389,0.001504122,0.002008508,0.001790159,0.001376212,0.000748463,0.001101357,0.00138715,0.001109276,0.00121519,0.001520633,0.000729853,0.000643592,0.000511203,0.000596061,0.000583663,0.000450046,0.001082957,0.000552245,0.000839672,0.0009114,0.00099309,0.000669482,0.000739122,0.001671627,0.000711593,0.000853147,0.001469666,0.000608575,0.001627819,0.000862114,0.000719027,0.002395586,0.001060009,0.001262636,0.000427949,0.0013372,0.000994253,0.001606605,0.000601353,0.000530153,0.000497525,0.002267998,0.002735156,0.000888965,0.002308349,0.001198296,0.000524665,0.002392775,0.001286228,0.001076383,0.002243079,0.000988709,0.000613723,0.000724937,0.000757536,0.000731588,0.001702639,0.000682122,0.001807791,0.001268621,0.00091961,0.001085706,0.00223109,0.004285138,0.001325316,0.000841989,0.000750399,0.001668444,0.000898972,0.00259288,0.004949532,0.000754294,0.000699068,0.001867677,0.000639799,0.000837939,0.001071252,0.001023346,0.000940292,0.002789407,0.000872639,0.0009378,0.000541439,0.00057505,0.000645677,0.004205668,0.000749187,0.001256453,0.000775444,0.001972966,0.001705729,0.000851643,0.001088703,0.00083121,0.001123301,0.001016032,0.000721894,0.001163948,0.00176863,0.000624942,0.000811854,0.001035697,0.000817497,0.001372226,0.000966743,0.00054235,0.000503914,0.001358551,0.001259292,0.000561197,0.000836829,0.000848502,0.000816651,0.000939931,0.001266741,0.000864177,0.001899983,0.001252628,0.000660802,0.000664997,0.000749538,0.000645338,0.001071057,0.001659103,0.000769413,0.001474079,0.000974721,0.001730728,0.00061904,0.000506798,0.001247743,0.001291722,0.000775125,0.001297314,0.002317142,0.000905598,0.000551986,0.000769726,0.000790289,0.000546663,0.0014934,0.000979137,0.000860594,0.001116547,0.000940807,0.000725796,0.000444838,0.004552536,0.004823196,0.001298105,0.000940023,0.000528954,0.000989491,0.000826027,0.00202995,0.000800129,0.001229714,0.001026611,0.000942611,0.000942868,0.001155195,0.002264607,0.001168058,0.001138053,0.001341601,0.000417422,0.000844438,0.000639369,0.000565755,0.001510687,0.000427464,0.001271956,0.00106265,0.000963614,0.000801454,0.000914029,0.000941759,0.000668865,0.000591281,0.000689017,0.003646754,0.001934609,0.000849418,0.000456429,0.001146956
-0.2,8,0.000805905,0.001582792,0.000788604,0.001726207,0.001054706,0.000983774,0.001178135,0.000700432,0.000612927,0.001029091,0.000970072,0.000800927,0.001378398,0.000437109,0.00062796,0.000645712,0.000658841,0.000500978,0.000739,0.001143528,0.000550024,0.000772925,0.001303191,0.001004855,0.000392352,0.000560067,0.000724951,0.001008872,0.000569005,0.001140492,0.000598433,0.000995408,0.000942043,0.000496979,0.001865155,0.000705561,0.000879115,0.000306627,0.00081694,0.000653831,0.001186546,0.000446662,0.000382716,0.000385752,0.001509551,0.001733473,0.000612544,0.001735095,0.000792806,0.00050548,0.001825572,0.000776981,0.000653035,0.001653817,0.000977111,0.000714398,0.000858613,0.000355834,0.000653936,0.000969268,0.000675415,0.001130728,0.000712568,0.000799266,0.000958623,0.001398283,0.003617852,0.001078819,0.0006522,0.000577704,0.001118171,0.000498535,0.00141106,0.003075037,0.00076054,0.000369741,0.001117705,0.000767061,0.00051618,0.000883367,0.000918731,0.000700461,0.002161323,0.000654276,0.000506387,0.000614569,0.000473598,0.000447659,0.002424909,0.000691952,0.000863296,0.000408627,0.001451523,0.001486902,0.00047474,0.000584531,0.000801903,0.000651991,0.000830116,0.000625114,0.00113162,0.001267621,0.000608422,0.000695803,0.000733806,0.000627845,0.001272724,0.000873217,0.000572376,0.000406502,0.001069634,0.000850865,0.00070606,0.000463452,0.000605337,0.000632261,0.000740604,0.00087504,0.000507015,0.001805514,0.001307817,0.000563197,0.00082113,0.000730721,0.000863324,0.000822228,0.001434857,0.00072876,0.001047742,0.000812872,0.000917815,0.000308803,0.000439084,0.00139474,0.001231064,0.000651124,0.001044048,0.001487591,0.000557091,0.000492297,0.000481859,0.00054015,0.000633522,0.001227784,0.000610847,0.000585073,0.000915861,0.000582932,0.000528314,0.000498161,0.002621076,0.002486338,0.001166481,0.000675349,0.000622965,0.000882889,0.000544705,0.00121597,0.000579717,0.000987108,0.000935416,0.000504249,0.00071554,0.000948294,0.001353116,0.00078796,0.000835817,0.001353072,0.000306164,0.000589372,0.000433724,0.000381551,0.001366536,0.000512312,0.001034096,0.000952697,0.001149993,0.00075255,0.000587237,0.000547195,0.000433716,0.000751241,0.000487093,0.002090705,0.00114986,0.000578867,0.000629547,0.000729052
-0.1,9,0.000524106,0.001213057,0.000542986,0.001062184,0.001216098,0.000766461,0.00072357,0.00057128,0.000903613,0.000913254,0.000700504,0.000639429,0.000929158,0.00060024,0.000397414,0.000399953,0.000614127,0.00054074,0.000440301,0.000642277,0.000528527,0.000459557,0.000653863,0.000681624,0.000805907,0.000549641,0.000925266,0.000398378,0.000716423,0.000846348,0.000767721,0.000759426,0.000798873,0.000462964,0.001347727,0.000509272,0.000843978,0.000371385,0.000837606,0.000772186,0.001222924,0.000456535,0.000330977,0.000427659,0.001243503,0.001363129,0.000516718,0.001115287,0.00076276,0.000703634,0.00132795,0.000937613,0.000624483,0.001365596,0.001088828,0.000668118,0.00056562,0.000731856,0.000867881,0.000997448,0.000593696,0.00093574,0.000679899,0.000507216,0.000733883,0.000699005,0.001781043,0.000649519,0.000591619,0.000408763,0.000665655,0.000533934,0.00095202,0.002109555,0.000384751,0.000788259,0.000802728,0.000494965,0.000595529,0.000924648,0.000590655,0.000425092,0.001316921,0.000572612,0.000347177,0.000706119,0.00039555,0.000516678,0.0017735,0.000494121,0.000935492,0.000513397,0.001228531,0.000649677,0.000580666,0.00074375,0.000735779,0.000464385,0.000804787,0.000534005,0.000994163,0.000994244,0.000559711,0.00043255,0.0006176,0.000446159,0.00079378,0.000613508,0.0003552,0.000688875,0.000866454,0.000531483,0.00051197,0.000645296,0.000751596,0.000445733,0.000475875,0.000990062,0.000491345,0.000988047,0.001120569,0.000427197,0.000597948,0.000540305,0.00062029,0.00060016,0.000811865,0.000566201,0.000744718,0.000904732,0.001141827,0.000565187,0.000588411,0.001126898,0.001021695,0.000761562,0.000912569,0.001311455,0.000740029,0.000236494,0.000427668,0.000534426,0.000535279,0.001047174,0.000512791,0.000700608,0.000717249,0.000600362,0.000780711,0.000302633,0.002202228,0.001866582,0.000888212,0.00059991,0.000357448,0.000645325,0.000518885,0.000804041,0.00057931,0.000846081,0.000470824,0.000540546,0.000455399,0.000859583,0.000921641,0.000558865,0.00072401,0.001169396,0.000291294,0.000342487,0.000291226,0.000445939,0.00112347,0.000391105,0.000767673,0.000519903,0.000707825,0.000612564,0.000632739,0.000591462,0.000504856,0.000384719,0.000537783,0.001970054,0.001212902,0.000376027,0.000439397,0.000520853
0,10,0.000591871,0.00104725,0.000469331,0.000870311,0.000575305,0.00065223,0.00078001,0.000609302,0.000828408,0.001001744,0.000570446,0.001005391,0.000841586,0.000310144,0.00028654,0.000361621,0.000421121,0.000641428,0.000387525,0.00073126,0.000382454,0.000750293,0.00071764,0.000662802,0.000328017,0.000518318,0.000657355,0.00048633,0.000577134,0.000731886,0.000454806,0.00095117,0.00075019,0.000485579,0.000834781,0.000745793,0.000675944,0.000529021,0.000680809,0.000380856,0.000832621,0.000516261,0.000416848,0.00058389,0.000770593,0.001124505,0.000384196,0.000754247,0.000792028,0.000622039,0.001157274,0.000729136,0.000758603,0.000881555,0.000700144,0.000450316,0.000375228,0.00044777,0.000558568,0.001061498,0.000701541,0.000830026,0.000619585,0.00056299,0.000644821,0.000945559,0.001295688,0.000784109,0.000403482,0.000385035,0.000601863,0.000283379,0.001183836,0.001178029,0.000462501,0.000560064,0.000945243,0.000484941,0.000451691,0.000899302,0.000627883,0.000680241,0.000880569,0.000600213,0.000426923,0.0005407,0.000459535,0.000481355,0.001497793,0.000476995,0.000638959,0.000794047,0.000744005,0.001030512,0.000364842,0.00052241,0.000542537,0.00050602,0.000615363,0.000367302,0.000614653,0.000970636,0.00035063,0.000584252,0.000573899,0.000597298,0.000826606,0.000656998,0.000450881,0.000387247,0.000793828,0.000443761,0.000703282,0.000586866,0.000573399,0.000537485,0.000510659,0.000759603,0.00064205,0.000921755,0.000818908,0.000333216,0.000687228,0.000659339,0.000554128,0.000667645,0.000736628,0.000522651,0.000889425,0.000806636,0.000739579,0.00021458,0.00029906,0.000526008,0.000590524,0.000709631,0.000892605,0.000927691,0.000424047,0.000355485,0.000649026,0.000690861,0.000407789,0.001108624,0.000633888,0.000676007,0.000510414,0.000344342,0.000699339,0.000269986,0.001701204,0.001207778,0.000582153,0.00056054,0.000337911,0.000540243,0.000627865,0.000750607,0.000305722,0.00068881,0.00061284,0.000608145,0.000599846,0.000478688,0.000605912,0.000796174,0.000550157,0.000919172,0.000383362,0.000322576,0.000391703,0.000229355,0.000894925,0.000307744,0.000733425,0.000585526,0.000486511,0.00048006,0.000407293,0.000447856,0.000623428,0.000458271,0.000332813,0.001802317,0.000854362,0.00046199,0.000527864,0.00052918
0.1,11,0.000684175,0.000942958,0.000568441,0.00099687,0.000889635,0.000597658,0.000613316,0.000766644,0.000703029,0.000709563,0.000594178,0.000689521,0.000755353,0.000550741,0.000417024,0.00065351,0.000453629,0.000427273,0.000410082,0.000708492,0.000584198,0.000487442,0.000798461,0.000511771,0.000472547,0.000558929,0.000672322,0.000782221,0.000534837,0.000481046,0.000540899,0.000926034,0.000497526,0.00042753,0.001161031,0.000603581,0.00054665,0.000511802,0.000500498,0.000395572,0.000876667,0.000433453,0.000488657,0.000517219,0.000976347,0.00090006,0.000552305,0.001065315,0.000957101,0.000438144,0.001063221,0.000600646,0.000682031,0.001025144,0.00069259,0.000327357,0.000449788,0.000487233,0.000463724,0.001022315,0.000410932,0.000839486,0.000453266,0.000522308,0.000764649,0.000830302,0.001504046,0.000474147,0.000540172,0.000497895,0.000904761,0.000451074,0.001189661,0.001763542,0.000559056,0.000757998,0.001034668,0.000455294,0.000308906,0.00046995,0.000787282,0.000467596,0.001002223,0.000531187,0.000580938,0.000525008,0.000398119,0.000544686,0.001738382,0.000491491,0.000922783,0.000483942,0.000772233,0.000902457,0.000376968,0.000628016,0.000298487,0.000338878,0.000692381,0.000646295,0.000842988,0.000765117,0.000381153,0.000663628,0.000554254,0.000448135,0.000702588,0.000640448,0.000329544,0.000485482,0.000776944,0.00059733,0.000398229,0.000446737,0.00055778,0.000577618,0.00077036,0.000659937,0.000427855,0.000764337,0.001005577,0.000549959,0.000516887,0.000510645,0.000525773,0.000791684,0.000716177,0.000406764,0.000709338,0.000600358,0.000646975,0.000624872,0.000434858,0.00068551,0.000784857,0.000597631,0.000737926,0.001150407,0.000513354,0.000376504,0.000610728,0.000535745,0.000361708,0.000831622,0.000457481,0.000440665,0.000441615,0.000548534,0.00047647,0.000603743,0.001133213,0.001453919,0.000856252,0.000546879,0.000507011,0.000686799,0.000461279,0.000792523,0.000408619,0.000557541,0.000768111,0.000639611,0.000364224,0.000683712,0.00092175,0.000348974,0.000705614,0.00081068,0.000365198,0.000427541,0.000340116,0.000364668,0.000813969,0.000409529,0.000734926,0.000700769,0.000838624,0.000687726,0.000524766,0.000451893,0.000427408,0.000553269,0.00035069,0.001368357,0.000813289,0.000388998,0.000564918,0.000451178
0.2,12,0.000485968,0.000846402,0.000747549,0.000827179,0.000642213,0.000575598,0.000747439,0.000700347,0.000373049,0.000689508,0.000484556,0.000632065,0.000725475,0.000433813,0.000331546,0.000596434,0.000371637,0.000602988,0.000457961,0.000443837,0.000583013,0.000492782,0.000608661,0.000627459,0.000486263,0.000414016,0.001280412,0.000619518,0.00072569,0.000855428,0.000367273,0.000903577,0.000644439,0.000535204,0.000936466,0.000564452,0.000566131,0.00029065,0.000543263,0.000433931,0.000749567,0.000282206,0.000536386,0.000517112,0.001070181,0.001076026,0.000547673,0.000630834,0.000691456,0.000547703,0.001319421,0.000599393,0.000748197,0.000860418,0.000614396,0.000516055,0.000459207,0.00042123,0.00050102,0.000743717,0.000431964,0.000841034,0.00088916,0.000610695,0.000379114,0.000954419,0.001698693,0.000467812,0.000475941,0.000403884,0.001056458,0.0004021,0.001037199,0.001200162,0.000624438,0.000391801,0.00098545,0.000675574,0.00040032,0.000587548,0.000901015,0.00072879,0.001035283,0.00063793,0.000461323,0.000492631,0.00032536,0.00035633,0.001427208,0.00042075,0.000540221,0.000571999,0.000805735,0.000738255,0.000459725,0.000530875,0.000723358,0.000574434,0.000812116,0.000525699,0.000651515,0.000677018,0.000478828,0.000419446,0.000503772,0.000592941,0.000773304,0.000583346,0.000504766,0.000386397,0.000749726,0.000473545,0.000415813,0.000393268,0.000692553,0.000592827,0.000522813,0.000842523,0.000527742,0.000803097,0.000793455,0.000456393,0.000416579,0.000444759,0.000462325,0.000714118,0.000456743,0.000613823,0.000676644,0.000449069,0.000649193,0.000345845,0.000437752,0.000568494,0.000545401,0.000501313,0.001000115,0.001115164,0.000568609,0.000541832,0.000519296,0.000741123,0.000323486,0.000688562,0.000453245,0.000529321,0.000587,0.000534091,0.000428889,0.000276692,0.001065663,0.001410886,0.000586634,0.000592191,0.000555419,0.00063893,0.000488977,0.000912883,0.000616477,0.000532926,0.000924266,0.00066461,0.000480185,0.000741865,0.000892863,0.000468631,0.000445616,0.000807429,0.000575632,0.000412569,0.000516508,0.000390342,0.000774395,0.000439031,0.000605292,0.000594491,0.000678173,0.000663324,0.000709602,0.000581873,0.000426622,0.000377314,0.000447056,0.001105903,0.000717643,0.00059721,0.000453494,0.000739369
0.3,13,0.000593097,0.001064124,0.000689708,0.000952913,0.000806922,0.000594758,0.000868168,0.000507572,0.00086315,0.000660061,0.00081528,0.000940672,0.000457252,0.00029604,0.000464009,0.00050972,0.000425713,0.000725968,0.000425961,0.00035961,0.00051879,0.000451301,0.000599859,0.000725533,0.00031966,0.000584616,0.000616992,0.000610688,0.000553653,0.000676817,0.000566781,0.000796936,0.000536625,0.000326397,0.000684483,0.000525839,0.000432014,0.000412062,0.000640321,0.000575629,0.00078912,0.000538461,0.000454192,0.000325669,0.001065231,0.000762612,0.000640493,0.001245666,0.000613712,0.000597513,0.000938765,0.000572939,0.000594146,0.000865197,0.00076192,0.00055284,0.000588588,0.000429733,0.000529194,0.000672157,0.000627994,0.000838601,0.000350376,0.000608456,0.000555156,0.000571541,0.001647457,0.000401589,0.000435329,0.00047636,0.000941127,0.000320523,0.001007709,0.001433962,0.00048326,0.000575726,0.000779493,0.000384829,0.000498799,0.000860876,0.000669731,0.000544506,0.001213558,0.000506691,0.000528244,0.000405204,0.000458735,0.000487686,0.001708752,0.000494173,0.000661056,0.000495066,0.00087697,0.00067759,0.000431434,0.000554914,0.000637033,0.000498635,0.000640289,0.000519654,0.000871025,0.000818196,0.000596927,0.000621658,0.000699279,0.000439274,0.000646085,0.000789716,0.000326762,0.000371593,0.000441646,0.000525088,0.000490703,0.000522081,0.00050933,0.000497484,0.000606454,0.00095925,0.000446559,0.000844761,0.000811871,0.00044564,0.000798494,0.000428315,0.000436068,0.000731465,0.000650701,0.000347369,0.000831196,0.000396563,0.000817601,0.000361232,0.000414397,0.000706607,0.000658446,0.000654451,0.000884522,0.000852503,0.000547255,0.000615095,0.000416282,0.000593911,0.000351634,0.000703837,0.000637641,0.000600121,0.000567462,0.000694245,0.00050278,0.00035203,0.001056261,0.001377845,0.000852336,0.000487892,0.000567334,0.00051748,0.000813206,0.000718993,0.000405676,0.00070639,0.000522981,0.000594312,0.000493782,0.000504579,0.000576187,0.000483454,0.000447283,0.000927252,0.000555406,0.000579586,0.000389508,0.000278604,0.001109078,0.000451955,0.000480521,0.000729571,0.000840873,0.000536252,0.000537988,0.000616161,0.000289256,0.000456381,0.000366725,0.001340298,0.000814093,0.000453323,0.000576424,0.000836062
0.4,14,0.000745711,0.000737859,0.000505677,0.000661398,0.000767654,0.000631092,0.00073583,0.000740639,0.000557727,0.000729811,0.000526751,0.000797361,0.000613601,0.000419579,0.000477807,0.000381673,0.000433148,0.000650419,0.000570666,0.000654898,0.000286626,0.000474146,0.00061114,0.000713449,0.000550524,0.000615095,0.000831523,0.000688344,0.000498136,0.000816657,0.000464787,0.000673944,0.000695535,0.000532406,0.001048597,0.000600561,0.000430607,0.000417922,0.000630435,0.000600688,0.000665915,0.000307796,0.000354265,0.000358003,0.001117427,0.001297903,0.000360317,0.00089443,0.000591449,0.000552126,0.001151571,0.00062508,0.000606271,0.000757864,0.000637795,0.000549512,0.000559023,0.000733538,0.000415204,0.000950716,0.000432089,0.000908829,0.000483279,0.000543294,0.000619747,0.001018973,0.001718432,0.000528733,0.000638036,0.000485723,0.000537202,0.000579958,0.000792954,0.001376458,0.000639894,0.000598824,0.001020091,0.000441064,0.0005254,0.000575286,0.000651379,0.000527149,0.000996441,0.000666967,0.000503919,0.000731796,0.000527144,0.000381264,0.001038595,0.000478709,0.000703364,0.000398652,0.00085214,0.001088841,0.000636359,0.000674222,0.000723942,0.000566945,0.000665162,0.000590945,0.000706886,0.000667764,0.000614924,0.000650219,0.000568509,0.000423778,0.000745344,0.000598721,0.000676789,0.00050931,0.000640984,0.000501502,0.000650511,0.000524765,0.000762714,0.000683487,0.000797551,0.000983391,0.000453307,0.000899554,0.000812904,0.000470555,0.000559309,0.000560278,0.000688724,0.00078486,0.000845594,0.00045454,0.000897769,0.000702393,0.001115647,0.000301985,0.000582962,0.000798254,0.000867785,0.000564136,0.000880093,0.001116585,0.000297911,0.000470065,0.000490097,0.000386513,0.00057818,0.000692001,0.000650543,0.000492195,0.000559348,0.00051951,0.000497412,0.000366073,0.001055995,0.001649193,0.000919475,0.000650254,0.00040884,0.000660817,0.000441506,0.000624407,0.00049531,0.000922271,0.000756523,0.000410529,0.000596505,0.000662787,0.000904923,0.000758654,0.000555375,0.000892742,0.000429247,0.000794134,0.000366065,0.000307816,0.000574176,0.000460001,0.000601777,0.000558491,0.000874968,0.000640686,0.000609284,0.000478002,0.000477477,0.000500139,0.000391095,0.001322345,0.000878101,0.000562773,0.000353481,0.000622482
0.5,15,0.000794435,0.000782221,0.000604895,0.000929392,0.000980046,0.000671876,0.000862073,0.000407234,0.000608854,0.000821589,0.000557214,0.000496079,0.000631634,0.00049026,0.000390996,0.000508725,0.000372968,0.000564008,0.000543486,0.000586143,0.00057839,0.000553902,0.000502223,0.000456136,0.00041628,0.000642385,0.000752901,0.000870132,0.000493467,0.001031749,0.000487723,0.000678809,0.000537895,0.000590246,0.000799951,0.000488358,0.000655482,0.000292846,0.000516231,0.000764079,0.000906576,0.000551641,0.000382848,0.000263169,0.001196262,0.000939973,0.000781265,0.001152357,0.000574837,0.000558867,0.001043659,0.000868488,0.00062093,0.000734279,0.000661361,0.000326088,0.000494525,0.000580424,0.000520019,0.000785378,0.000419078,0.000802245,0.000635724,0.000590624,0.000655104,0.000820816,0.001565867,0.00077907,0.000665548,0.000516095,0.000908681,0.000564618,0.000639814,0.001691282,0.000497769,0.000739857,0.001008983,0.0004814,0.000472776,0.000550969,0.000836509,0.000719643,0.001024411,0.000647422,0.000498639,0.000527275,0.000389317,0.00041573,0.001309452,0.000422918,0.000585358,0.000512759,0.001077616,0.000673396,0.000435259,0.000427369,0.000705165,0.00056969,0.00059814,0.000426138,0.000777224,0.00110296,0.000588049,0.000486107,0.000397671,0.000566967,0.000776895,0.000680583,0.000580031,0.000541199,0.000652568,0.000565857,0.000544538,0.000672595,0.000616202,0.000452552,0.000447689,0.000771782,0.000484992,0.000944311,0.001062767,0.00038248,0.000459364,0.000575338,0.000600119,0.000492649,0.000647837,0.00043217,0.000555541,0.00060734,0.001002267,0.000385958,0.000346465,0.000558663,0.000883792,0.000413579,0.00080851,0.000915744,0.000468673,0.000528425,0.000350903,0.000712809,0.000359836,0.000648818,0.00039636,0.000431507,0.000666039,0.00042105,0.000676808,0.000398528,0.001832339,0.000912606,0.000740608,0.000553158,0.000386922,0.000702644,0.000456149,0.000799586,0.000476285,0.000485831,0.000443427,0.000514419,0.000520261,0.000548748,0.000890798,0.000607046,0.000851433,0.000684271,0.00033662,0.000535006,0.00048215,0.000330521,0.0008768,0.000466367,0.00089697,0.000612909,0.000763105,0.000896044,0.00057607,0.000565224,0.000464178,0.000582958,0.000369325,0.001281675,0.000621732,0.000505646,0.000509282,0.000458424
0.6,16,0.000559916,0.001022343,0.000477621,0.000642394,0.000707792,0.000786131,0.000922503,0.000494222,0.0006046,0.001131277,0.00058033,0.000426658,0.000572909,0.000572544,0.000362038,0.000448565,0.000513851,0.000624508,0.000728497,0.000557253,0.000532585,0.000482232,0.000621566,0.000621498,0.000307699,0.000471779,0.000780528,0.000432111,0.000613521,0.000926744,0.000491627,0.000682322,0.000712697,0.000599427,0.001006524,0.000809875,0.00049761,0.000363034,0.0007112,0.000615774,0.000896759,0.000410816,0.000324216,0.000410539,0.000924841,0.001200814,0.00036358,0.000907514,0.000674375,0.000661138,0.001109476,0.000437071,0.000491184,0.000899724,0.000658552,0.000329111,0.000506369,0.000330819,0.00053811,0.000788616,0.00048657,0.000746447,0.000532164,0.000756372,0.000550237,0.000861813,0.001189478,0.00075939,0.000547248,0.00070935,0.000645593,0.000369157,0.000854212,0.000967338,0.000574879,0.000598221,0.001110931,0.000731132,0.00055035,0.000660055,0.000614881,0.000713837,0.00122283,0.000659485,0.000537046,0.000608374,0.000297705,0.000640567,0.001415485,0.000592173,0.000541848,0.000430116,0.000938157,0.000909773,0.000608427,0.000477797,0.000516934,0.000681669,0.000591491,0.000376524,0.000889167,0.000982812,0.000667355,0.000459574,0.000622614,0.00076764,0.000688093,0.000624411,0.000564031,0.000400378,0.000769624,0.000699979,0.000520782,0.000576708,0.000658923,0.000501424,0.00052864,0.001018884,0.000621087,0.000835313,0.000877891,0.000484209,0.000448835,0.000486193,0.000428602,0.000627974,0.000996093,0.000372525,0.000777397,0.000817849,0.000762521,0.000611938,0.000494502,0.000765338,0.00074318,0.000636425,0.000941961,0.001244223,0.000691856,0.000362165,0.000415078,0.000510003,0.000348551,0.000784103,0.000491157,0.000462646,0.00076135,0.000654113,0.000419073,0.00034542,0.00112738,0.001740184,0.000739701,0.000531462,0.000328613,0.00069132,0.000860882,0.000826836,0.00027724,0.000843101,0.000680228,0.000521695,0.000445879,0.000882885,0.000646914,0.000753479,0.000776174,0.000882128,0.000318605,0.000476539,0.000341401,0.000470187,0.000853746,0.000623913,0.000642714,0.000581584,0.000665602,0.000630192,0.000466253,0.000572103,0.000269843,0.000529462,0.000355178,0.001148372,0.000631291,0.000755729,0.000541103,0.000468993
0.7,17,0.000835011,0.001224456,0.000719839,0.001058098,0.000937579,0.000675674,0.000814453,0.000508786,0.000572286,0.000756686,0.000440258,0.00061873,0.000508998,0.000475599,0.000533839,0.000457763,0.000509261,0.000383904,0.00037169,0.000961805,0.000470336,0.000589866,0.000671844,0.000650706,0.000418145,0.00049618,0.000683115,0.000457526,0.000458725,0.000662054,0.00079577,0.000645538,0.000643672,0.000478872,0.000949279,0.000851907,0.000626366,0.000423954,0.000841704,0.000667755,0.000865263,0.000457764,0.000501364,0.000439799,0.001113615,0.001319919,0.000558956,0.000635775,0.000595791,0.000360944,0.001073013,0.000958079,0.000855934,0.000887976,0.000537345,0.000358802,0.000401184,0.000478989,0.000463195,0.000745774,0.000544242,0.000704263,0.000597303,0.00061215,0.000597765,0.000472518,0.001548743,0.0008071,0.000738383,0.000397613,0.000802204,0.000317059,0.000768057,0.001098742,0.00055985,0.000381835,0.000857545,0.000577911,0.000533935,0.000755134,0.000639533,0.000556465,0.001034004,0.000444149,0.000380965,0.000470037,0.000464221,0.000439129,0.001408421,0.000509518,0.000451479,0.000446672,0.000716952,0.000805667,0.000718366,0.000597513,0.000825843,0.000536332,0.000654432,0.000385034,0.000603368,0.0009116,0.000494245,0.000534295,0.000540294,0.000430686,0.000604125,0.000364227,0.000509929,0.000581346,0.000963724,0.00062462,0.000401337,0.000636944,0.000773462,0.000477017,0.000706551,0.000839907,0.000643498,0.000781087,0.001198667,0.000381648,0.000555575,0.000381734,0.000567423,0.000610067,0.000664032,0.000538336,0.000723846,0.000445147,0.000564293,0.000558981,0.000477031,0.00068601,0.000567737,0.000613148,0.000608921,0.001084301,0.000686157,0.00033398,0.000620815,0.00070774,0.000521453,0.000591523,0.000348023,0.000364665,0.000699305,0.000443677,0.000838293,0.000413306,0.001708629,0.001219554,0.000982965,0.000598565,0.000508536,0.000613094,0.000422242,0.000946146,0.000584673,0.000630815,0.000526685,0.000536727,0.000628228,0.000753321,0.000867761,0.000651507,0.000569913,0.001026129,0.000540728,0.000517135,0.000416838,0.000401988,0.000674122,0.000440125,0.000709099,0.000814511,0.00065907,0.000815112,0.000516,0.000407419,0.000627706,0.000568438,0.000459542,0.001500059,0.000624747,0.000556376,0.000381795,0.000760352
0.8,18,0.000509207,0.000854335,0.000773113,0.000850662,0.000813419,0.000578506,0.000971973,0.000658123,0.000669567,0.000602821,0.000724359,0.000465147,0.000657069,0.000382033,0.000392967,0.000335926,0.000225412,0.000541864,0.000420637,0.000735832,0.000390962,0.000396561,0.000508425,0.000558316,0.000398709,0.000509049,0.000806533,0.00061074,0.000434159,0.000777125,0.000704779,0.000814259,0.000510235,0.000402344,0.000804149,0.000655609,0.000632963,0.000471612,0.000454617,0.000553814,0.000768521,0.000333918,0.000493974,0.000351065,0.00062246,0.001020682,0.000563729,0.001238067,0.000497277,0.000314861,0.001249552,0.000597969,0.000593449,0.000925244,0.000902978,0.000395736,0.000610033,0.00051202,0.000566831,0.00089383,0.000459163,0.000754537,0.00064498,0.000701007,0.000708049,0.000677048,0.001010131,0.000683363,0.000421353,0.000393342,0.000832686,0.000398516,0.001070672,0.001313057,0.000480165,0.000516569,0.001023436,0.000440499,0.000362658,0.0008836,0.000709446,0.000524117,0.001393304,0.000444158,0.000801114,0.000540008,0.000335598,0.000203596,0.001329704,0.000491651,0.000652278,0.000420309,0.000726256,0.00072801,0.000380442,0.000422398,0.00050553,0.00043726,0.000547692,0.000495135,0.000902525,0.000853322,0.000485235,0.000606486,0.000463724,0.000555542,0.000754189,0.000424647,0.000324317,0.000252207,0.000670351,0.001026964,0.000435768,0.000529843,0.000618677,0.00047446,0.000842939,0.000616931,0.000453955,0.000903868,0.000686708,0.000365439,0.00045895,0.000681257,0.00061585,0.000866322,0.000643811,0.000539551,0.000777132,0.000613499,0.000718775,0.00070661,0.000459966,0.000657516,0.001042758,0.000549196,0.000752188,0.000909929,0.000457908,0.000390332,0.000689348,0.000813335,0.000490107,0.00075951,0.000783614,0.000603322,0.000617218,0.000697049,0.000441,0.000427815,0.00160336,0.001395421,0.000743284,0.000599601,0.00053973,0.000617904,0.000455469,0.000908576,0.000360008,0.000700261,0.000606767,0.000387906,0.000580657,0.000910866,0.000783941,0.000749443,0.000636001,0.000983239,0.000614707,0.000735062,0.000411646,0.000308611,0.000901565,0.000442618,0.000763876,0.000473907,0.000772364,0.000753615,0.000481008,0.000465761,0.000525899,0.000544025,0.000355985,0.001327909,0.000887206,0.000551715,0.000580304,0.000491787
0.9,19,0.000837764,0.000857073,0.000561994,0.000669269,0.000913119,0.00046647,0.000653852,0.000652989,0.000564473,0.000895217,0.000563465,0.00065446,0.000725494,0.000577408,0.000419694,0.000602925,0.000325975,0.000521097,0.000372915,0.000878856,0.000472746,0.000695346,0.000421576,0.000657974,0.000787009,0.000458028,0.000547256,0.00047693,0.000469274,0.000684215,0.000503214,0.000708288,0.000518558,0.000458414,0.000961757,0.000582444,0.000677861,0.000373249,0.000811572,0.000652253,0.000614132,0.000494678,0.000402985,0.000338397,0.001393812,0.001233098,0.000402555,0.000968027,0.001018651,0.000467597,0.00116666,0.000593898,0.000597457,0.000665057,0.000865092,0.000500572,0.000418836,0.000504601,0.000670777,0.000770235,0.00043028,0.000992267,0.000511672,0.000451348,0.000656055,0.000662137,0.001178031,0.00077026,0.000320148,0.00069649,0.001122651,0.000475379,0.000876019,0.001656474,0.000575418,0.000513415,0.000842364,0.000666327,0.000395459,0.000724763,0.000536115,0.000555803,0.001082746,0.00072591,0.000298596,0.000454067,0.000446699,0.000824231,0.001206969,0.000476212,0.000910151,0.00052737,0.000844675,0.000892903,0.00080506,0.00073073,0.000663411,0.000446316,0.000500647,0.000397519,0.000673286,0.000933462,0.000323397,0.000554457,0.00087665,0.000355593,0.000817644,0.000855367,0.000438015,0.000512793,0.000911415,0.000530833,0.000619398,0.000493987,0.000758412,0.000630389,0.000768577,0.000819112,0.000380986,0.000738138,0.000978992,0.000435406,0.00053679,0.000442022,0.000497218,0.001031406,0.000933238,0.000354414,0.00060787,0.000547317,0.000840036,0.000456876,0.000338979,0.000599707,0.000670611,0.000676265,0.000698695,0.000994413,0.000555272,0.000490897,0.000684249,0.00060718,0.000508715,0.000593882,0.000532141,0.000741553,0.000672278,0.000544232,0.000446663,0.000522182,0.001286349,0.001324427,0.000571546,0.000519118,0.000427394,0.000715187,0.000402809,0.000716206,0.000474206,0.000496367,0.000763662,0.000697778,0.000676577,0.000661004,0.000976717,0.000775971,0.000668792,0.000742037,0.00030678,0.000740953,0.000562428,0.00030222,0.000959483,0.000502103,0.000613257,0.00058303,0.000813104,0.000586772,0.000375078,0.000422224,0.000361999,0.000310416,0.000386712,0.000973674,0.000626559,0.000625162,0.000576864,0.000585542
