,102_PaulAnka_60_m.jpg,10638_LuiseRainer_26_f.jpg,10645_LuiseRainer_27_f.jpg,10666_LuiseRainer_28_f.jpg,10671_LuiseRainer_74_f.jpg,10674_LuiseRainer_27_f.jpg,10686_LuiseRainer_46_f.jpg,10752_OrnellaMuti_15_f.jpg,10757_OrnellaMuti_21_f.jpg,10762_OrnellaMuti_26_f.jpg,10785_OrnellaMuti_51_f.jpg,10789_OrnellaMuti_55_f.jpg,10791_OrnellaMuti_57_f.jpg,11665_MireilleDarc_34_f.jpg,11669_MireilleDarc_38_f.jpg,11678_MireilleDarc_51_f.jpg,11679_MireilleDarc_54_f.jpg,11683_MireilleDarc_58_f.jpg,11847_BarbaraBouchet_25_f.jpg,11870_BarbaraBouchet_61_f.jpg,11876_BarbaraBouchet_68_f.jpg,11959_AngelaLansbury_35_f.jpg,11964_AngelaLansbury_46_f.jpg,11984_AngelaLansbury_80_f.jpg,11989_AngelaLansbury_87_f.jpg,12024_DebbieReynolds_24_f.jpg,12045_DebbieReynolds_69_f.jpg,12055_DebbieReynolds_78_f.jpg,12121_EvaMarieSaint_82_f.jpg,121_MickJagger_18_m.jpg,12329_MyrnaLoy_51_f.jpg,12330_MyrnaLoy_75_f.jpg,12337_MyrnaLoy_20_f.jpg,12364_MyrnaLoy_67_f.jpg,12376_MyrnaLoy_33_f.jpg,12607_FrancesDee_43_f.jpg,12612_FrancesDee_83_f.jpg,12613_FrancesDee_89_f.jpg,13032_GeraldineChaplin_38_f.jpg,13041_GeraldineChaplin_52_f.jpg,13042_GeraldineChaplin_53_f.jpg,13052_GeraldineChaplin_66_f.jpg,13436_DanielleDarrieux_64_f.jpg,13437_DanielleDarrieux_65_f.jpg,13522_HelenHayes_31_f.jpg,14520_AudreyHepburn_62_f.jpg,14530_AudreyHepburn_24_f.jpg,14534_AudreyHepburn_25_f.jpg,14537_AudreyHepburn_32_f.jpg,14551_AudreyHepburn_36_f.jpg,15001_AnnMiller_15_f.jpg,15003_AnnMiller_17_f.jpg,15007_AnnMiller_21_f.jpg,15022_AnnMiller_42_f.jpg,15032_AnnMiller_60_f.jpg,15276_DyanCannon_67_f.jpg,15279_DyanCannon_70_f.jpg,15289_DyanCannon_32_f.jpg,15369_JanePowell_14_f.jpg,15414_JanePowell_77_f.jpg,15418_JanePowell_81_f.jpg,15468_JeanetteMacDonald_32_f.jpg,15484_JeanetteMacDonald_44_f.jpg,15576_KateOMara_20_f.jpg,15577_KateOMara_21_f.jpg,15585_KateOMara_29_f.jpg,15592_KateOMara_36_f.jpg,15599_KateOMara_43_f.jpg,15606_KateOMara_50_f.jpg,15608_KateOMara_52_f.jpg,1663_BobDylan_33_m.jpg,1686_BobDylan_72_m.jpg,1831_TomJones_23_m.jpg,1837_TomJones_28_m.jpg,1852_TomJones_59_m.jpg,1857_TomJones_64_m.jpg,1859_TomJones_66_m.jpg,1908_EdwardFox_34_m.jpg,1924_EdwardFox_53_m.jpg,1930_EdwardFox_63_m.jpg,1939_EdwardFox_76_m.jpg,1981_JamesCaan_27_m.jpg,1988_JamesCaan_32_m.jpg,2008_JamesCaan_59_m.jpg,2073_JonVoight_60_m.jpg,2076_JonVoight_62_m.jpg,2077_JonVoight_64_m.jpg,2088_JonVoight_74_m.jpg,2097_MelBrooks_40_m.jpg,2105_MelBrooks_52_m.jpg,2121_MelBrooks_77_m.jpg,2124_MelBrooks_80_m.jpg,2709_KevinBacon_27_m.jpg,2720_KevinBacon_37_m.jpg,2732_KevinBacon_48_m.jpg,2737_KevinBacon_52_m.jpg,2785_MickJagger_47_m.jpg,2792_MickJagger_63_m.jpg,2793_MickJagger_64_m.jpg,2794_MickJagger_66_m.jpg,3556_MichaelYork_13_m.jpg,3579_MichaelYork_50_m.jpg,3581_MichaelYork_52_m.jpg,3589_MichaelYork_61_m.jpg,3591_MichaelYork_63_m.jpg,3593_MichaelYork_65_m.jpg,3596_MichaelYork_70_m.jpg,4131_GenaRowlands_35_m.jpg,4138_GenaRowlands_48_m.jpg,4159_GenaRowlands_77_m.jpg,4885_RomanPolanski_33_m.jpg,4918_RomanPolanski_73_m.jpg,4921_RomanPolanski_76_m.jpg,4993_WarrenBeatty_23_m.jpg,5009_WarrenBeatty_57_m.jpg,5023_WarrenBeatty_75_m.jpg,5028_WarrenBeatty_42_m.jpg,5067_AnthonyHopkins_32_m.jpg,5079_AnthonyHopkins_54_m.jpg,5096_AnthonyHopkins_72_m.jpg,5109_AnthonyHopkins_76_m.jpg,5621_PeterFalk_74_m.jpg,5630_PeterFalk_83_m.jpg,5849_HerbertLom_40_m.jpg,5864_HerbertLom_61_m.jpg,5876_HerbertLom_81_m.jpg,5881_HerbertLom_93_m.jpg,6230_DirkBogarde_29_m.jpg,6231_DirkBogarde_31_m.jpg,6245_DirkBogarde_42_m.jpg,6246_DirkBogarde_43_m.jpg,6255_DirkBogarde_56_m.jpg,6262_DirkBogarde_67_m.jpg,6472_JohnnyCash_10_m.jpg,6485_JohnnyCash_40_m.jpg,6493_JohnnyCash_69_m.jpg,6494_JohnnyCash_29_m.jpg,6497_JohnnyCash_35_m.jpg,6676_PeterGraves_34_m.jpg,6681_PeterGraves_41_m.jpg,6682_PeterGraves_43_m.jpg,6698_PeterGraves_82_m.jpg,6700_PeterGraves_46_m.jpg,6703_PeterGraves_54_m.jpg,6806_RoyScheider_56_m.jpg,6992_ChristopherWalken_29_m.jpg,7012_ChristopherWalken_50_m.jpg,7016_ChristopherWalken_56_m.jpg,7098_GladysCooper_15_m.jpg,7121_GladysCooper_74_m.jpg,7401_MickeyRooney_8_m.jpg,7402_MickeyRooney_10_m.jpg,7410_MickeyRooney_23_m.jpg,7416_MickeyRooney_33_m.jpg,7436_MickeyRooney_77_m.jpg,7437_MickeyRooney_78_m.jpg,8305_RichardCrenna_18_m.jpg,8308_RichardCrenna_28_m.jpg,8338_RichardCrenna_64_m.jpg,85_PaulAnka_65_m.jpg,8825_ArnoldSchwarzenegger_32_m.jpg,8833_ArnoldSchwarzenegger_41_m.jpg,8843_ArnoldSchwarzenegger_54_m.jpg,8852_ArnoldSchwarzenegger_61_m.jpg,88_PaulAnka_67_m.jpg,8948_FredMacMurray_28_m.jpg,8950_FredMacMurray_31_m.jpg,8964_FredMacMurray_51_m.jpg,8978_FredMacMurray_74_m.jpg,9043_JeanClaudeVanDamme_28_m.jpg,9062_JeanClaudeVanDamme_44_m.jpg,9066_JeanClaudeVanDamme_51_m.jpg,9068_JeanClaudeVanDamme_52_m.jpg,9072_JeanClaudeVanDamme_43_m.jpg,9079_JeanClaudeVanDamme_53_m.jpg,90_PaulAnka_70_m.jpg,9701_DorisDay_48_f.jpg,9707_DorisDay_38_f.jpg,9715_DorisDay_29_f.jpg,9722_DorisDay_36_f.jpg,9729_DorisDay_46_f.jpg,9737_DorisDay_65_f.jpg,9740_DorisDay_68_f.jpg,9753_TomJones_24_f.jpg,9764_TomJones_38_f.jpg,9782_TomJones_68_f.jpg,9783_TomJones_69_f.jpg,99_PaulAnka_46_m.jpg
0,298.06466070744693,269.67815454055585,287.77769887625294,385.80558623513684,437.5367002816005,427.0300355059536,450.2434051396488,1634.2960234643595,375.17946593321335,320.59308809637804,585.383465394107,410.79732611242537,1996.3768376426601,2034.7903262466052,385.2246638367095,2367.0416539107932,413.72217872565153,1957.0525961053277,446.920058155876,2060.025202148836,480.70199193228603,435.3225767977601,588.2416072044657,1682.012250123894,2273.9129525753233,357.60744069027777,1357.4041205571482,564.8705261160923,371.5299197741456,276.2175462253378,438.3286847767726,323.21068498687384,456.29446151607567,1618.6927871619387,282.73583354471265,400.87066875250804,1576.2190298978212,1163.0235926254456,434.53893050808097,404.3590467776435,385.77320471787675,797.8995632556896,412.1185383606447,565.6949928804582,816.563368359507,443.30557342623115,675.5177932034364,341.3152484121918,403.58611892261825,801.6754204770987,257.9462578430091,358.00976691799156,332.85591356758863,356.45450685004295,2335.9159768319546,615.0617258992946,545.0736465182464,438.14804208758613,353.62341891748434,2523.9692626847955,413.9935597723051,378.35489045580965,304.8535304285804,342.04991691775354,342.0947718853082,314.3327541680059,464.6675343318645,390.94148196539237,368.2965050069129,495.1132094387283,330.69280055478816,490.63188249961127,397.51252562108533,1138.4235021352247,397.2600383046081,322.9177060092545,897.720712675155,456.2081741162023,1364.322650333472,289.49568873684524,310.6765582980142,540.337876860796,428.95835321432685,293.39687837870264,1920.710067267778,570.3501840784825,513.3903197245104,467.94640402673383,426.5103406491633,425.4967354775187,390.9039087851965,532.6138372819488,1002.0960004846986,377.84807439797237,333.5593586397647,434.2175979756026,558.0341554934527,516.8633001347184,1639.7124925162022,395.3390242595051,964.3811355824224,685.9528501137067,377.179783504695,2131.273521091726,453.41708112355553,446.50379023903173,449.2401787004008,435.19560009658943,2087.0400891315558,729.0551680827206,323.5517994148666,399.98309175504846,1231.5469336278738,501.3763708488747,600.4486580456011,463.96572877604257,503.6567089950526,447.46499969529043,576.6994017587558,459.9707714135784,2101.9378056387136,511.7843065976766,508.2948255939078,436.56467371286294,610.1153609688449,454.09431694825264,2127.0192468471064,1483.5168763646893,1028.6247738054617,433.59651056783173,340.85467247496763,488.4559486013303,492.578164158063,1917.1526659613326,2328.5656399475015,907.5409435078657,509.0081636319911,2055.3986154831664,1743.6788951169988,1780.6655953584489,330.98513718003824,2210.948923839586,2394.2763971547724,2393.323696783443,442.6521377729371,389.54116405426436,459.54578432280715,449.08112495825316,462.51057006150245,483.9116239252181,470.93972186888396,2328.187370249925,487.93247233521265,607.7272004498523,369.6742760460051,515.4823385569456,352.5527777464163,860.3787393921161,512.5408932410841,501.70923589619207,439.61662602440333,1071.6285846754456,1430.3689630117804,466.55000446560655,876.6906529421667,2416.467628061474,582.7775235199178,1970.7839264613654,399.19566725630403,440.85412753856804,1594.7335505806332,276.6880266980032,412.72811842106114,357.6516214057433,1476.7104273701157,2122.318196864253,487.38212541579946,817.5369320173543,2354.505158634464,500.919182276321,2483.0935827380513,2115.6395648170865,1902.2324857810563,2255.2723654997917,2108.1731319599535,462.0286924744793,1226.5450079326556,330.2982242176103
1,152.33922487794948,233.0551702760153,158.01401497342778,195.63717452537668,190.82641314480801,167.28456928134148,214.53373231912104,180.70593547081685,175.03520332532312,218.58423418450187,166.45618410616754,159.83787086408793,161.70125790588583,138.36338217770538,158.86932319451822,148.73633629524056,133.8592984755527,152.1195904634407,169.81342553992613,158.01923903027375,154.5323500520398,176.28132059414577,174.29874151321857,183.73483521392757,148.0217849305705,175.16186227180935,185.52413785378562,166.94634280374072,173.69862839465208,171.50042420136458,149.8391644322313,164.89609081194268,157.75260604030174,176.7313156703791,217.20612040398282,183.30544098736314,147.09319989262713,161.43243085867843,178.8878338422052,151.16442575467806,180.92672887347555,172.39892328874137,144.07440665301533,162.9313347752066,184.6104066699294,179.29621262584422,183.31994120695265,183.04336430323528,184.76849756284997,150.0172372285285,177.14114782922266,161.57846939386366,180.05089329941075,211.39633666238467,199.89043277864118,164.5677940978333,154.44259534843005,153.0005762962525,199.39265027582425,159.14072372122547,166.99690807897525,190.549155678992,195.70575278966805,166.44870799091532,180.75961835429177,196.4212473096195,243.2729261378094,222.13097754868897,195.59197891940485,174.67832274217648,189.31635149911028,186.48006312739383,217.1361351349208,234.34335260567715,166.4494816941301,161.80091498557965,183.33502679898407,193.27093283458032,167.9758869769829,152.9275184378347,174.52577565789983,191.98972619891012,186.6109174146854,166.8020235380163,182.23691005890294,164.17851543794424,193.76257600977928,156.52770123435891,227.07487728969647,158.4218011657578,151.25775640657235,161.51318848664943,216.89252761888713,186.6434691463887,172.05410066227006,162.4634058031068,207.13255089908006,194.8766234522772,177.3667600273945,196.5168098411383,186.37921437643823,212.03124513197756,148.87726825333573,156.5418097971518,170.1266747318544,179.24264330670945,161.7526057656538,166.28580773759475,172.94075034414686,148.82801921097712,160.37080739621618,161.54205617852426,183.38094631445873,167.14744229506533,214.75055841360827,190.44414418888337,166.31259113303585,198.11332616750053,202.69895344031892,190.30568304815216,182.85475841295977,165.18783035749706,163.77802677891566,165.23562819706976,156.87324450769938,153.15192990592985,194.9341476282172,169.70867302116818,181.1781811764054,183.18074564749074,178.2234592857522,186.6272394970366,168.00111503505602,161.21627014883435,189.07829461596995,178.02336159868426,169.74945945828966,163.8671249493553,176.45889322979693,179.69604730278633,143.3162720294874,174.50225826917415,146.42751553959832,186.8057629848034,206.16047797487627,158.97626065287398,162.02961233229112,159.4255168998488,160.57897669822074,141.0435634089659,218.08774019097916,216.36843119029558,175.53822094093633,177.2793954640483,156.33735800940283,181.81460935285932,151.71201117795272,164.89309675472657,185.11105639235458,172.0259038357983,173.5757062254126,175.12374611950293,186.54053830656323,174.41862598145596,180.02369547035428,170.84293146667162,176.02608141975426,189.76739233707124,178.07943216403524,184.1328219020581,197.48138203851906,157.746932664946,174.71506466330572,165.76453604843934,201.09449094127322,168.12494372562466,171.19866962359578,154.88401703703047,166.32613039890165,151.9409637588993,157.58288944158915,154.95968106727605,139.18603119625445,215.23297272987705,192.36619320439482,202.15779273105164,151.85219612676005,185.14616776355757
2,137.79673040951877,164.02563166815557,139.65921236318368,145.33517908474897,150.48168669271047,150.70310713694607,155.0003163364592,145.3413719402914,142.1346919921339,155.28843952644885,139.50633553970476,137.80511129362316,139.85470411384466,128.6031811567107,139.80966687385592,124.90004396384705,131.92791850528727,131.9646159318831,141.22377666614827,142.06850160496361,138.72660695280604,151.3706138388198,148.51881705228686,158.37584873683195,129.0965258079201,151.89515308264666,160.59406226860364,137.46405134011417,145.1589205176564,141.88153082863866,145.00441995530463,155.38285210999766,133.06045172578112,140.65775705656782,160.12277620599932,150.62414506522424,132.97170015332128,135.2933090738071,146.67305416050752,134.12508665267313,149.27529728085403,153.05226774532494,129.67068293045895,149.74463400547216,146.8061292689181,161.20080092163866,150.25159596718,155.2913398724269,151.41815834354762,141.3706345037116,159.5541305129435,133.45462715112654,146.22285775324227,171.15605311977893,155.4135620084152,135.61645191808358,133.7389358557722,136.8276865528353,147.25044947666757,134.92511894834288,152.2830327784994,146.55694070977478,152.7013035498975,142.13344944469418,138.4855318612873,158.55118363888624,179.98212124254712,151.10183027721826,156.93434873915442,144.3337075454671,153.88083295796528,149.13383868731512,159.33357185400828,195.72984485080752,140.12881091465658,140.0227679586759,156.24007590905978,149.27411858996757,137.13922584217957,130.54763821990386,136.70137869774186,163.52534469274562,154.4839045501236,138.29399851815026,144.54283801980978,142.02687856179128,158.7699528835288,130.61762699314704,167.319004332188,127.73656425215108,135.7837309001843,141.95154063481561,156.8839632091971,141.50777150714538,145.1233841998611,142.77429653341176,147.4113738546033,161.90665366726418,150.20845319277927,150.46983156730656,153.77615155758238,158.81577920953225,128.49465450041328,136.79621261261536,136.48758115175644,145.53628313891176,136.2864646597132,148.62280115343754,146.5830838735709,129.491848229134,143.49950735146115,144.54502297001852,142.99373912727197,145.80839260481733,151.53958278563522,145.09801403137598,142.95609847954853,158.56936702616025,144.8000560624719,147.55811576742906,146.85887410785202,141.89258107093568,137.85987667679487,136.5447057116331,140.51213723973285,150.12650043301943,154.16478388340727,140.8073109357902,152.78444687838876,150.85630458624567,140.55179665886192,148.63709412228238,143.16134422988546,140.66810719917942,158.0803695017022,141.44483323374118,147.28788668925176,153.14839851257477,141.51038312421082,138.3109462195339,129.3285369336803,150.57427731512567,130.04395665587663,141.62303975562023,152.0955082524864,143.68236211483065,147.10800454577372,143.3317416494198,134.2636115506806,138.3160998440443,172.93095004814717,163.5416001410235,155.88011460395057,146.45585695973529,142.91835112733267,140.31780845400925,139.3807005465985,142.80090365291474,144.72941313813627,142.78009910380945,140.87776803841345,151.00276221882072,150.2272266018178,141.15988820836526,153.07891580336639,143.65616313238098,145.68683380923207,145.29443163004552,142.12888706526186,143.4536229222125,148.42020806981483,133.3197023268862,147.778616323067,142.7780947540875,159.48210380502692,140.65179514406884,136.51579852683517,138.72710211592053,140.42523140853885,135.04974797081138,136.93139598901266,130.56364736194445,128.4187497334384,162.41079593759522,161.33116681255117,155.75441099159596,133.3792363558671,150.34082448562648
3,129.74473603647482,146.28061518382194,132.6634588159745,136.8014893246617,137.69415399543544,131.97256105735997,143.24083762232004,131.1329661129906,134.9741001460113,142.3422067784013,129.27503753569704,134.15041863948284,130.0098807187137,129.53819691189176,127.55246684133982,124.68815806611042,129.595719598631,132.33975828506271,131.06367779443028,132.49786165320234,134.9095222155453,134.35378315984494,140.508574016639,132.3182753685858,128.44396735356872,131.4964149488201,136.53115574076466,137.88205745380583,127.19941498352757,139.2987835618479,127.41605321927834,137.0468334882324,125.87375725488447,131.70900145336967,137.89051744191232,133.32043904707726,134.09137899189597,123.26510665644066,131.40455941106842,130.5867107311777,142.03858821345472,131.33450060842452,127.48138531515019,126.68158549935737,144.59987063613383,141.22141492095176,131.13985206656614,136.54409526426863,139.28645711840153,132.72823838000886,141.2936120377385,136.48903795986675,146.13585710486373,143.44610383945994,136.88488360007466,134.8445262115959,126.95748820910545,131.56710804415627,136.7765155409941,132.64026327183217,137.7232473515187,140.56718057866206,134.7902990930532,130.13910537515187,132.23912657540373,151.86034188413566,157.6852430948438,133.84384113840963,137.14244738877537,128.73706082185151,138.62934492172934,131.98733628911074,142.3821616731627,148.05868565934986,131.54977018895917,133.2581543739008,140.08762369324918,129.98458855857518,128.74496419833133,126.62020157297898,135.87421028298624,133.54889042128707,143.1639557751035,130.5662670887114,136.15000405617997,133.4377305757126,131.0605446823006,127.73944638865734,143.54316741043706,122.43021428675176,129.1412597915112,128.95487842284402,140.5653880104806,137.75062906214126,131.6730036655037,128.7876468397249,131.18669746758775,133.50965785906314,138.95927272451985,135.63543509805422,140.74419705079364,138.84684859218135,131.2658385535763,136.2985711626444,128.44267241332957,134.37385988624374,130.51797140775315,136.61439821277372,133.2694470958697,127.28434406533067,133.87713351858926,132.57662776984924,131.4818718984969,136.63094621168665,140.18394164264853,131.26616825670467,135.31146679841734,138.53991978883448,132.54878061363488,144.49747810130364,139.3407528746661,129.9053385331337,128.89170219733887,129.07062918107346,128.1034386579126,132.56964228959518,144.42712249427507,131.18523794407542,134.503244894221,130.7304393907347,134.10239833076068,136.22574187888677,132.47995879143534,135.44349741694015,139.87668529270093,136.51986020505632,139.34856284484843,139.46211991883916,138.5357151316549,130.12191962840967,122.47155355005685,135.4115703778037,131.04010231459043,135.68479044007174,135.7213700298659,129.59608308010337,137.09087238064646,132.11617488565673,133.28462763044445,130.13035223660412,150.08772956471051,158.07376279910028,137.7024582190826,131.48604421763636,132.3322999273058,136.2352476166619,124.3850965031366,139.01137955608493,130.7034598869696,137.15910118729224,129.19703365761185,135.359077120164,134.5112707430297,130.5091372613551,134.3944044169071,135.37634617219112,131.88231521964624,132.5396998742389,133.47761725511052,134.4313604065194,134.49661590936225,124.81041764116746,141.4820614903469,129.85117383107985,136.97334359762056,133.4532180172338,132.6365218707099,132.0508702788125,130.99318170050609,129.20882018092433,129.62346034751124,131.29323650658185,124.96038489205087,145.76652640189718,138.24813020729516,134.5073834208129,128.41423607077564,130.57674611325263
4,130.7249582923431,135.09032650391302,124.86095028643247,130.64431262547083,132.0479640739408,125.44769400770055,131.19737473116442,124.99264628321255,128.44567728890513,130.2935054013566,127.53566246761258,130.53127896469155,126.3765582421475,122.30484748302999,126.02439359951748,122.10203135448657,125.9341766899783,127.16413610417582,129.66120576761196,123.15252149724824,130.68115539794593,125.60421975939653,123.72587060676763,129.10127446660033,124.84854193273992,135.08188963604593,131.86276804730855,129.905531416064,126.48487039782604,134.07454457250245,125.00209415905117,132.36712832751653,124.60604813584298,130.80892978999302,132.956631007239,125.67607523137424,130.18086683314024,127.6979421681113,132.60982905281162,125.90047293223708,129.1109002816871,128.8546990088384,127.57491707227102,129.00933229127338,134.7421354867203,135.67615846731564,129.72507727839172,135.64773714014095,130.2531422240787,129.52341577335181,132.90331696121774,126.9859362567947,138.00774400609598,132.42111729999107,139.14991257527754,127.67913064085327,126.6237628100701,122.68312987273839,127.75799666663468,127.08793244363996,126.7201586280284,129.83112387401866,129.85759166585683,127.00490690205768,129.24333595771807,131.48543556649943,145.86611721720166,134.6478165403549,129.79261597442732,124.891135855945,130.41600867483288,130.4039002546212,133.58392679476813,140.86448004003384,124.56775157756826,123.15551183244007,132.4705427230972,133.00151108969814,128.53786803549923,130.09182794963306,130.17736095001646,127.30380355778536,131.94576293040012,128.94763683341228,128.3372997556462,132.08803240596413,126.49012953489682,128.32354638226957,139.43831303879384,125.5716193035359,126.35321244135929,131.07106546126676,131.01085877957712,128.10606777196367,135.513477542161,127.24196618417449,131.44649698779463,133.9435905956004,131.76494070549126,137.2571709976094,129.02973349594987,128.12137652421413,124.11440563897469,124.3455550029592,127.66621901481489,125.44429741841994,133.0150505106108,134.0555177932031,128.94684590799787,127.83461534931263,124.64968052364189,128.10362208088424,132.97999234284532,132.85744231008576,126.0628322209089,127.78193913868598,128.5672662796113,133.42616193333114,129.2319224794781,135.4101605854147,130.94505761479053,125.86773546583835,129.2956075928334,129.33218456331053,123.96499687780516,133.41821881562353,136.08590936368813,125.91413371699234,134.21272518588682,128.85742771515936,131.24638734057623,132.89644452867347,127.40754679818994,128.46619323152288,130.88909064031225,128.35628824707322,125.18882469906504,131.9289917057643,132.77327031099932,128.14303732933087,121.36913341044425,130.395710717398,122.63621756442288,122.8349869186988,124.00670115454288,123.56151212312244,131.60492402389582,134.35027833782368,124.9915227566398,123.88379965321782,143.45238590871958,140.97554749140966,132.84514167973535,131.67174898210698,126.33814036623886,133.6248925575159,127.86434470992815,129.394828064953,132.8606516170432,124.77818684698153,125.04254038703317,128.01205748816832,127.23912075579739,139.19414002674586,133.77567006886562,133.50058304785222,128.36820603287822,130.9616319717201,125.37659641509673,129.47033754157235,125.69876620200365,124.99887542537545,127.55544778130155,127.67944180860134,132.0457094939528,129.78891228176838,128.56012963693985,128.75392730619018,130.43425417480358,127.70656374564322,128.21067100768354,121.35345022392532,130.6913369565384,138.4290029776697,124.9701557740677,129.3656783366175,121.64423245952078,132.6321355479522
5,123.86315319313515,128.7906299667822,127.40613152161364,127.61071586809203,132.76737836984412,123.28011706883674,131.44961633020478,128.66180103354827,128.1651337007505,127.71429033380807,130.95545762692058,129.81649737807462,122.14680323229992,129.4958358489212,124.84163664117042,128.80930403743403,122.54565862257313,124.42033117482447,122.33153495015888,124.18680844778412,125.94549027914562,127.82997167319088,125.36644051016677,126.74637364338173,126.77847433985478,121.1929586007632,128.38982873298988,122.62276354997643,128.1803471086058,126.0767001384175,123.48686579241975,119.60512451401226,126.75382164503483,128.10736701278444,130.1365072861749,125.00245541536638,124.80116333845555,124.64353871077462,130.3226990705874,127.22168579130039,127.68560760931298,123.56038954283468,123.22646779102963,123.01613724412199,131.09209227047984,130.82991692410565,123.30453366831564,125.43471514575059,123.39589742816348,125.36339325882471,131.80783488183027,121.87791525751543,126.99146848546167,128.34019436812363,128.24939250885242,131.0280207629758,126.5177229662186,128.8303096609202,126.83959840194969,125.07181275819296,130.43583940472098,126.83740980369875,125.07565108521875,119.55211232933496,124.17457568977397,132.40904090366737,135.0985896792755,132.39920874876134,130.30811501056465,126.21796146124689,130.09344064700826,126.31857712644003,130.47663444426243,134.62158903925896,125.84374653828306,121.87772709240166,127.7071516216443,121.76658525422077,124.69024638570765,127.74806665066782,126.81082135413992,122.39192089811988,135.16244439250625,121.74460761169566,122.78186086699871,125.40608337692568,122.48438498036472,124.15638525213295,126.30253437589207,125.5700136630362,130.41114690039092,122.36423537093839,131.34116687743565,131.0563589554324,124.33607258119702,124.8199772313142,129.98181908411652,128.39289319014452,130.73365821792706,126.82117196090331,128.65631690201755,131.85594110355183,125.03782628916935,126.88208133082685,122.89332113828667,129.31524869041814,124.29903410826556,124.12422948528248,121.04336784657806,127.17667091645782,128.80058525066917,123.79206705995313,123.60037952998408,129.16614753924418,123.96654959556713,127.28779856701057,128.03107193369684,130.64555808918522,125.78718959771042,134.01804470365053,129.301709428758,122.45893780113904,121.44870757608747,123.59554113625657,125.59410286309861,127.54797501197926,125.46113075059088,127.07297954147697,129.1625149556084,130.302994950966,124.93346072617472,121.33890394589935,126.9450824118637,125.9382929002003,127.94631657489585,127.96934863277836,124.54439579997135,123.0753488998273,126.19721396325082,124.98461280920849,127.83190177531247,129.34712040145155,128.89623956123808,126.3934766116879,132.05296048696016,125.74865137013896,122.48726558771776,123.83953868164144,126.71844136957901,124.60329603171886,133.86302444204728,133.5404002900256,129.87089682448942,124.91598883299561,123.22955951376002,128.1445948141819,124.64476407648002,128.05833556108922,123.73065627586863,120.99307412528606,129.99020207724877,124.26683614457998,127.51054353011126,127.2619968424114,135.8294193657393,129.17974463136778,126.70220846434073,128.55515476976097,132.0585006612588,125.61494558455072,127.13324026751317,128.49938493781187,122.69636738119061,124.66272823664778,131.11620757812727,125.11476468344014,132.34342720240966,125.29583089301738,128.78985163969443,126.1127428983063,126.53873243662818,130.89734440900227,129.8827857010993,132.16972928241944,129.04972692365774,128.4058432421477,123.31406590477965,124.57475712369751
6,123.21092962222399,130.38822077021797,125.03878565500457,129.44735783447535,125.45714843697257,122.66707089669113,127.59622070872517,126.30436474672268,127.0545346061478,125.47822743576246,128.7533413815704,126.54164847394466,126.68537370901406,123.1943051284458,124.10301670121079,123.99321471233482,123.97982179201578,119.47615480208577,125.21652317507733,131.0907759312018,129.76356173439447,124.28546475943932,127.2532504841684,129.26334567390023,123.25024854227657,127.6872038557585,127.7173833507897,120.99559168242526,127.2296033486491,127.13317508338861,124.66209652694913,128.43225610611057,123.32178056570615,125.72168454699356,127.57596415094082,130.46791097779726,127.4746512422975,129.32507423824134,123.02247361228814,119.06470241195206,127.42174160295508,126.44640247788874,122.17508873295102,119.31744000314247,129.21147984849398,128.59422455757573,124.15041371067188,129.82159301412898,126.20884063396826,123.1756359553242,136.93693766089282,121.60981700468369,121.08774996001249,129.25129451130178,126.18293198231868,127.42078668728143,124.61726635360613,125.36949155002064,132.28875539463132,120.59976718594892,123.3702553450593,125.792016023047,123.75285169281558,125.448187762624,128.95920329604186,128.04742688911168,134.1367998864963,122.50415190901279,124.48495939096289,128.4940035657038,125.59368637744367,125.51640175785211,128.501728428403,133.67359295527422,124.93052259496969,121.41480942413494,131.66778374288225,126.98208919111357,121.24857937392329,119.54619845104077,126.43641733070783,129.1097137791263,131.56373800127813,124.49833713962835,126.37657842367561,123.69038174176454,128.32366473625814,122.8825282633095,129.34342205785265,120.68753870068586,121.84574239925776,126.30696789222813,130.2850557260539,131.52394055039832,124.45882292154286,123.94848135433926,125.11774335769097,124.661927026085,122.85389301421986,123.68363759140165,124.06666519066273,128.77375960699624,122.74311073418812,124.50559647763995,127.10534069906612,126.7958056037666,121.58012009186879,129.2394224473431,131.42353925179944,127.57123224686084,120.70779093632508,127.40735433880984,124.99598661038186,124.15887124094358,126.74932513307459,128.97942577120864,129.60042777951872,128.23739856726692,128.18992449013862,124.8655954977606,120.14051690472769,121.36962072056723,123.90081754906763,122.4453597964675,130.46486323923702,125.23799481413874,126.56375968319632,124.82708050464385,127.19443799041727,123.24641922833696,129.73814406950302,130.62857059043236,124.59611259787617,126.28289696256239,129.17382803126034,126.50190354988551,126.63627672886281,125.48175932637338,123.15561862667712,132.07099375797048,129.64874461552114,118.17123802419832,126.69255026766797,132.08368185560866,128.84842136764905,129.56948962792933,122.18934837197578,124.01213616005842,122.31703585299621,121.17024905705486,127.81932303214798,131.4139666969363,128.38073121197007,129.18027667624318,120.10994423927498,121.841613810095,122.80118467563514,121.42002356792598,119.36640319077878,127.26677760386318,124.35879073183418,122.69938235344605,130.5629745061296,130.53215635946407,129.56845400494458,125.09018748511227,123.43899013189477,126.05678522065917,121.45786291791416,124.08436066463317,124.50817784516511,128.36274824802982,125.08147937249335,125.19940288354834,129.93510445905267,121.10001514868178,126.60929467352172,122.35712324696085,122.10627745660327,120.23082047039242,125.98430160644969,126.99237896583463,123.6035230950878,133.8745329614295,127.36551590220625,129.52953611093162,124.0356486613883,122.19599288114458
7,129.3508262922978,125.47499086476783,125.305092810531,126.01951944223775,120.7892687369223,123.11978794946377,128.4337726863302,130.14181263999944,121.49410325791165,125.45562687539399,126.46411294074116,121.30911979832734,124.04311547587885,123.69432436492161,123.98748702036967,124.88987195684581,129.99653069710544,124.46248802408599,123.4600078929943,125.23560530995921,125.3627039354066,122.2809360049726,124.34034698664391,125.04035490935829,120.36961886744186,118.2988841951654,129.49650523612573,123.49227598574228,126.29395563293423,124.3850520891645,122.55127186082245,123.39361996952685,125.20414745769864,127.34863563027064,127.93879332214539,123.82540599514151,121.32745377536081,125.07487996506175,122.7545794813291,124.45253456014825,128.96745463158365,124.43545496807616,127.11473074261711,116.30496553883702,129.93857682971145,125.26908256185465,124.19604837852688,124.31580520092545,125.41981401410794,128.07178404977924,128.8268252855077,125.17098907333268,122.75091283662934,127.29739689065576,132.469923604235,124.11555726752201,128.997747362111,124.36688520800759,126.70028049900354,125.55867404840689,122.82200321648558,125.22091802318035,125.76645802857593,129.11245534556264,128.37076791025646,122.26595674151041,128.8528276549303,124.15951651423444,124.91250431698842,122.63946991812759,123.04047194137937,126.10388548424278,125.97356451068383,128.2365551744116,122.99615728964187,124.77727504230405,123.87890610321796,128.20124480907862,119.71861891018519,127.1640917243619,123.64123644381488,125.22388528827082,123.94941127170847,125.42576348797645,119.77549826294626,127.60362044080239,123.13212588671702,120.82390062683368,127.00086565077737,126.875491682471,123.78292114690493,124.80509095335944,121.48980869671706,125.04690848776653,120.81800872516224,118.5562625118607,121.22221217161668,125.98156227159211,124.29727201538748,125.67959031637672,119.9027679690543,124.25672703651023,124.99114293499353,128.85691343813664,128.34338550536825,127.33645408539866,121.90141207536254,128.04463426136283,125.53170524526458,122.1510181774367,124.3664628018544,133.0956128931099,128.2884745414516,123.30590159293007,125.78638706805856,123.02087458675007,121.9895537114466,124.67375032230049,125.33961483113171,126.2432614950987,125.000145506011,127.07106247791893,123.04743307349662,120.70071674237676,124.62942880702323,125.55073143950914,129.35455798616806,129.03888617815232,125.78732809929755,121.89523208565896,124.72430344025457,120.06314122878027,125.40340813725227,129.01526094164632,128.8678735589143,124.20741497914156,126.0445631531119,125.03879885639142,128.80673306122927,127.47895202297546,120.4984982429898,128.23918016475298,126.32708463402517,127.30740825515656,124.17036937610175,124.79029577861782,119.43825118113497,121.94403538738248,125.14535354983084,123.61204499734423,130.1864709480158,129.56425527636554,122.3187587933275,124.03871620074509,121.85151600606527,125.36553567576021,121.68381852056048,126.27074109300318,122.16186402449976,123.60882758362537,122.02849040211926,122.6530729875197,119.1846318782595,124.73762934883014,126.5918475852237,116.05826393033774,124.535881498337,128.56739086556706,127.55164399189688,125.53592409478645,126.06452847094391,125.10778247687888,128.49585327105947,124.05852723706809,125.8082022127276,124.6073278458258,117.83262980122286,123.52734871682128,126.60698017105084,123.71678580169659,125.21393904866676,122.05123345907697,119.53771625321161,124.51354390200397,118.85008064366512,129.09021465695673,130.2206947612015,123.6555516972117
8,119.72340281617137,120.62513058228004,119.71244140880577,121.83942227695505,131.21774507955925,123.60095896237272,123.41355801530845,121.97353266466563,126.5189087901729,121.11059267961137,125.75672928416306,125.15284406108273,127.11457970769415,124.55734236009306,121.97994244392031,124.35442150291725,122.81154659022936,125.4156210742828,116.84092030148665,125.69838926901473,128.46974789804312,114.92577841749315,125.52653445766435,124.19538065999139,127.94177731086648,125.93679351870333,125.71842342923644,117.73412628176008,122.460798703176,122.77570043089742,123.5272388982802,124.78043674923045,125.66879299746334,122.27118255083067,130.35900971275,121.2984951571521,123.41564033400871,126.18928332958323,125.33305243583183,123.82389339529287,119.21259811245096,122.05616390519081,126.89247036129989,124.41038420477334,123.68049979707114,122.14105397834373,124.03696095988036,122.87036536951331,124.32652037975193,122.10249232779228,126.41615764972286,122.39889093394542,121.1612127620354,125.45170344444354,119.93402412435246,121.66557753994344,125.36759855694653,122.11623767941013,123.32220488583152,120.69684639512951,126.41469452470041,127.14207711313432,125.11507178062837,125.25489072387712,124.49598303748199,122.49860475600332,123.2926154322087,123.23602078814682,120.9309854063494,122.24086688050289,125.83218445850508,123.99854620607402,129.40588762343953,123.02555425368892,117.77157738628333,121.04872992922898,129.09228001567266,123.9075349010948,121.81369600834195,119.68716026733617,124.31299143005302,126.08751845910254,122.89677551711614,124.72216365431437,122.85416924235476,122.47604199957833,123.80039538840576,121.45461105496426,125.1023059629723,126.63946365009048,125.48512717087007,125.93516846588818,130.71505084184685,124.67053737737966,125.15308442643088,122.9894451345204,124.40259926693582,126.12344875574902,120.91461185118169,126.68699133514767,128.28780273903828,127.6730077831082,124.81822263696449,122.8731343393603,126.86961386497708,121.55152765816261,121.21669384580167,125.20575876957236,124.31743610607799,127.01086297725222,122.15291118252198,121.2504607648617,125.4243909246168,123.399372588449,128.17869945636983,125.72053857033204,126.65928422119947,122.70860963499415,123.30267768796557,127.21918700532107,126.70745370685697,123.44713017218139,125.41436948843051,126.06442416250482,130.15531207909888,121.82391544618544,122.93928676356778,122.3094448172574,119.5526744101807,126.74316942655894,128.82147502433494,126.30133332609103,125.71400416098916,125.98726012798303,126.70859658787828,124.47427265435515,124.73326983282125,123.23651241265276,123.21723006670229,124.752676709051,122.4438433130149,122.68832053322255,126.27465895056028,121.16873078726606,118.39780854832037,127.01167333505971,124.76252646774277,117.41806401181745,129.83351227935634,130.21628809425906,129.02973640782514,136.29943645639096,125.38303983081788,124.58782662850597,124.63411137113609,125.07663344775736,119.50617485603,127.54193746381677,118.22081081048297,129.5701673786298,121.46240872357049,124.25909123712091,122.55440962476385,123.20072911502115,123.10063415447442,126.75373195724609,126.70037699900847,127.44197148449823,125.30887223640303,122.1756171333278,126.27729593023994,125.21944019617665,121.6432958480744,125.48724887592228,123.13333439867786,128.23985435615575,123.08358980610322,121.21170554229836,123.39279010119056,124.91284000283768,123.43808318246695,129.69627668119108,124.36177846525197,128.4294680082761,123.6039263376825,128.02190913524112,128.69832920166263,124.49337083947914
9,121.02226832343884,125.19292161179618,126.67622031307512,126.33507247473916,121.37228489672401,122.91353634545615,123.7836943024546,124.21499406926432,126.0739399187736,126.14734924040214,119.51783054193005,127.22918222677254,120.5213097465926,126.84566747107546,125.49989834415715,128.10147541767765,127.43431533504612,122.52830145359336,123.47695355402678,123.20705051425769,122.03079494771765,121.45580226231934,124.7477900789913,121.73636843648683,120.17168417674286,121.87244321527093,128.55674928493062,125.5322492641573,127.28044256130018,131.78595932623577,120.77296075426423,122.79683279940019,120.51415973228232,124.40506404593891,122.1029278922372,123.02013963228923,126.72435677772043,125.36545677110634,123.31597376079988,123.98516037776062,127.85782725523785,124.5374245968381,125.62454552769493,122.57645335249799,123.11829553017839,123.01442757787663,126.5140508842126,120.58978200123966,129.8956270669169,125.61555535671947,120.87734956561934,124.86393335874595,118.62310219438625,127.14786354482673,121.0109547771177,117.97306090989524,124.20747071664103,125.89008369202108,124.78838235480407,124.5057794752459,122.5519967292669,122.02336640615519,118.98885673417097,126.22936058745583,124.96050542036947,131.5501899592631,128.7696614822877,123.22151016917718,124.42522981720701,124.85558612426502,121.4058172695619,121.62502468234779,130.53285020168698,123.45726116580255,119.18913575918802,124.1936026734268,124.62117976436876,123.87365188298197,125.1432460590027,126.90813653200219,123.68016587379157,123.12296167969309,123.25070771154485,124.509064286413,124.25332515439742,120.63022576751594,116.50920897517881,120.7533715520662,122.1931610420332,126.81325522918347,118.68647418662083,123.93002560182165,116.74321654637657,124.13317409779908,122.96371145277595,122.48959992424544,121.4718655597772,125.20339293156098,123.33575324216632,127.74549509783881,127.73113710762937,118.40881938505176,122.21941172606905,126.22194495177746,123.87840830249206,122.30413807113344,127.21070748014891,125.37656106261687,118.56333201158694,118.02620544527794,122.36793585979939,124.30063454089772,122.72935353033174,126.08967499372744,120.1062564647554,122.97797509640633,127.01092865271156,128.36977174850244,122.00983579267836,123.18877438966668,123.9459994149804,119.576031680693,128.1224168021217,124.38830547476356,126.94143705616473,123.98492219724731,125.09539785890031,125.0351433227386,122.28218220030547,123.43810935080039,119.10182759241593,119.05579144606943,125.6748497014323,122.11607956243117,129.13848624388544,126.175922046556,123.81073561867379,122.10194465834405,123.81514412585858,122.03925720641847,120.18093607659951,128.34556416936738,124.43288025966152,126.01456762614677,126.5456901897261,119.23728990287366,122.05552848083461,123.93486885116116,123.54554932262201,125.48574310328851,119.00632671039034,126.69923579763275,123.27172698518922,125.46639563614124,121.36911055402642,122.87612173806608,120.8994722862388,126.16521785096315,124.96325811242085,124.90442184040542,126.09382421005012,125.31529084891162,120.60298660538994,122.9724495985129,125.2999207758117,127.25863463780405,119.83879307157602,123.54208864884383,122.38477606049497,130.13552881701747,121.78106754263682,125.54413691183052,126.75130110387165,122.82760575915874,120.71666922389312,127.74161148598094,123.4232267345272,123.7266409212772,125.54130778425322,123.91748069064867,121.6604493318435,126.4837457024724,120.14058091867327,125.33531997858624,122.29893459916791,123.24947980837503,117.83780070381106,124.8791763213322
10,129.27744829559057,124.01359438716804,121.46453556893347,127.41138670906255,126.04606936332526,128.93425829345662,121.35189982971016,126.68204120550081,127.03513018981877,123.95010901660544,120.24011049735077,123.07507762541283,127.92450654609641,125.53977720955456,122.99238451835504,131.29928612778787,129.31679411301263,125.2983884258286,128.8116484419445,127.75446496658664,121.61567421454528,123.99345229313192,124.65619543219593,122.98384862141923,122.98692438726026,130.40983025698975,123.41017927848068,128.1593808114885,123.69291146046018,125.33387413996118,116.19927285857706,120.61471551354043,128.75987029336437,117.98286703893422,131.90944643708193,122.11515553824918,122.04583405739335,120.51319334080694,120.14311742577154,122.53248975045102,128.22887134533136,128.23219627687138,126.50340133114787,123.41694523742811,129.1120973520998,125.66760442656037,120.47715672061943,126.00982733670597,123.06771952223019,125.64836784579327,126.96031505441485,124.12079651790921,128.18832591852825,123.56920470351673,125.1982420899093,125.9158021951707,126.95266303319418,122.06954973396745,124.27655788528324,122.01974509397688,131.06402374677953,125.91477740446241,127.21344189862536,120.61708078686381,127.68401407655357,126.93158087018931,133.49308989301423,131.4033635828386,121.82704175390619,128.34634613630956,123.17010000753807,128.3242031195911,121.10109166076197,124.36838429850917,128.76927267854853,130.23950618704126,124.22168155588874,120.35400941794882,120.81727682561763,121.86031996683144,125.37709905791446,121.66333029753014,128.917685468173,122.42488684925567,126.06610236181288,124.88265781972486,124.63174223280394,123.63564839775533,122.05783010442718,121.69669128545189,126.73700535505684,119.88632250020503,125.39829855483958,126.05068006054778,126.36716435020246,125.50670099365675,122.17810348237089,124.73890269645342,124.9818256933532,122.53686157557594,126.62434906389704,126.87866697687029,125.69548971104112,124.2734831446682,128.11563815002248,120.9439431270301,122.34410993182857,127.93836473261506,124.09007039691622,119.04205522954632,126.5870634465392,121.35654062144373,120.32623765868192,126.4762543007187,122.15848961836855,128.02347963255568,120.19220804557277,128.58298752642085,125.74796870350163,128.03999844865427,127.96188959734202,123.58778202936563,124.61232203460425,123.43517279340611,126.12350713756453,130.49865026146279,120.07946921310787,129.10838624641798,127.78954824731484,124.9443469244542,122.74271911321944,125.56467820305286,121.53749050666602,119.58576271132728,122.04971876733524,135.14713289066347,129.19768741559764,123.16646987876463,117.98263438378856,124.76913071069475,128.41949171888788,121.25699939857986,124.32236080357997,125.102775965745,125.2744516509655,126.01291565737233,124.97476994874728,127.26954659266254,126.44669593988296,128.58065395233768,127.2241798357243,127.26006915332171,129.4346414994747,121.51008053073419,126.36721525411242,123.1649693661507,120.71357578493081,120.23718057041528,125.88736648086218,121.11749636268526,129.57356404198774,127.96421838587159,126.4910492128133,125.81695634282151,121.50801461061948,125.01120984620187,131.2996376363587,125.54019170198934,124.58576028488336,124.85161827159078,123.42076186024143,124.55816685637608,124.67735317685909,124.54906647807239,118.50846445086184,126.05156205204821,122.8615274651605,121.30080409134757,120.02743865249224,123.18361525879924,122.61658460045922,122.68411954380323,116.22549891189958,126.80747095917235,122.57554257616727,120.81283888113846,118.4269028240145,124.90140961957276
11,121.744723985741,120.57036158344494,126.24873253088703,123.14795010945151,126.43759094640275,122.20838708519793,126.00924913633126,121.51938434155902,127.34665164021014,126.82487545306945,117.90841192705903,124.57713897918012,120.94285347375944,123.75620512360703,129.03976342921908,121.70618411647703,126.84839869941766,123.26347149937199,125.13920338140477,128.3436952007998,119.59149241035054,122.41038964431748,128.31924602371967,124.84764609327163,128.04715136451017,130.95763414812959,121.9190493675851,122.07531731324568,129.65969612053283,125.64709176521339,125.25225015555242,123.79393973567738,125.73580718544619,122.45926220443945,119.59761610888229,122.69960398591974,121.7610369344888,119.78364207354053,121.79246421315007,125.73029908578467,123.96219774898026,127.60655058700998,122.23842965355749,122.42215343914364,125.47360817474411,121.54082704376479,122.57743002703836,124.44682118478548,121.01875155922613,121.79375986648645,117.4060620165042,123.72437650152217,122.60002432281408,126.7507301673522,132.13104684321576,131.9853526102335,123.29186763416816,129.0807079199122,126.67190841650725,121.90803820595745,120.8107339715303,128.39144453924473,122.77155257514346,125.28314291504024,125.24818303801834,123.42980793156325,124.71485513166668,125.77811060472307,120.48768147986146,126.04350202602703,129.37769140258388,125.2323201603345,122.17715090887347,128.00368133074312,126.90287878207108,121.52208287161488,126.495454557951,119.33584961305648,129.59498706147673,127.6693303131106,122.01289622335464,125.8588617783822,126.99464619031914,127.04669343306699,124.71234514428797,130.05054239265067,117.03609765593806,122.41869222751308,126.33618566679534,126.27440322994623,121.29838999224143,123.17602250241346,124.85535280280864,125.34945618579339,121.67174945865099,125.19235998765856,125.64025978680823,122.78016630640332,123.22368107755932,127.14058681533804,129.35771826381446,125.36985529391472,126.8647368550846,125.8520447850444,122.5647106817524,122.64518131058473,119.32096138534092,126.90412618965836,127.67414240187934,124.46485794278293,123.76286218683133,126.93370799321055,125.80521948961898,121.33079713510637,123.67416825265917,125.32585322442664,121.99162488400901,126.62586397239973,123.73821173892475,127.30028517430684,125.44447403073264,120.79183208727653,124.11038845323174,123.35906229005104,121.76566241943435,121.79374402106095,127.51790585236475,124.65517511998344,123.66940812984181,126.40774510562659,127.64161819556118,121.3201745407045,126.19229054196512,120.59596269877251,119.38608323043769,128.96460989084636,124.78169651491478,126.28045229751423,126.44663568801795,126.08726954466528,127.80926861517702,127.22034066150339,123.94096299795018,126.55507261768769,129.3470044523355,131.77661694776074,130.4462485669275,126.29725633623292,126.33043999214867,120.7887246938148,122.40559139967253,126.93750480204585,126.69053441305851,126.32125083589598,123.35498652231055,122.83040830788595,125.01790086172997,126.03849645194072,125.20836183080604,121.60949762520538,123.70093387807793,122.3747663518663,128.666547095699,119.12979020150422,128.48763984577488,123.48954344029251,128.06945399836252,126.30238171942136,126.43237013776272,116.21634384575454,122.61277371522098,124.64844408278105,131.3751299530487,131.74094821360757,128.35431326666037,119.09771112097188,122.69272879770216,120.50359611182269,127.6331136600132,122.40824901737587,125.0249697201517,122.1500119885464,122.21292446748923,128.597566089787,119.5763579546012,121.87935866696074,124.24655990974192,120.60268431575592
12,124.54071787489261,129.73144656028222,128.84963819349593,121.01243443813772,127.26037366132368,125.32006727348747,119.5167400847877,123.18332914628998,123.30459845385806,122.93315303699244,125.59256240154549,121.61352051453228,124.1450346880146,126.55305661065829,126.3377827366133,128.99418091820823,122.9789899432573,119.34166391023811,126.03442348306635,128.7461644748931,125.36551264824594,122.60132867764557,123.54096562621518,124.35282389781969,119.7009504271287,125.66231016014348,132.51418030710173,122.65605958837916,123.06062356241983,122.62483707457298,123.86863918035526,125.47676849702549,130.28585977420514,120.65699703701901,126.7515369905459,124.7576756939738,125.69982762268202,125.14084185201743,123.1983449921964,120.00415224514359,121.1138532547151,124.8232911719974,123.62073322214006,124.86380288676384,122.7089205526019,127.56244210110395,130.8959537570931,122.14770676538807,127.16159780528136,117.05057244973003,123.72667419036569,121.30169459821433,126.19985561654897,129.64050576229803,126.88894005748827,125.15408894073019,123.8597874881311,122.58195211098115,120.0514522242552,122.83312552813202,124.38339430955128,122.33231323900503,120.67514278611209,121.75746699084613,119.43483780245381,119.81212771574064,122.17514526997888,130.27393301367997,123.29833576143558,122.59525119798893,125.11327776762872,123.31446495120716,120.85224342220575,128.94518130914125,127.07719690425353,124.01932371082336,121.68062623529295,125.60393337718844,124.00310418228099,121.80220113947323,121.07741776310371,126.57804845630557,127.730774362348,123.79587683290733,123.87273027714338,123.84230880948864,128.34179302758815,124.30791724597813,123.93401733096584,125.109766622417,125.25063095544243,124.4428416449282,124.72166764060619,124.15268804223994,126.09616858717484,120.11804482772638,123.53191916225609,124.09176339253112,125.501443291087,122.42433192040205,126.20628123766083,128.25785000573188,127.51136755546526,127.3262745253364,123.67352216815158,127.44084069296683,122.36669805597255,124.32799207796815,123.10253145486276,123.24338607350192,122.9577269824261,122.00709183618227,126.9722945839228,124.31400145002486,122.05585713313602,125.87535403981798,126.48625759181391,116.76584544955534,124.12376492364001,121.41415154521809,125.47338337204425,122.79347723944039,127.62597371949717,126.51272384688006,128.12375157933513,126.75076806488038,125.7802712183349,122.4734237374049,123.1010024811819,123.08027050600799,126.74041501414756,126.04086904981604,125.37311440116358,127.81603585202447,128.85856896215003,128.82001972731962,127.16798459021649,127.29966055853323,124.34538710031535,121.62547819149432,120.0461319862977,125.20252709934266,120.14893462279616,123.39640020053288,120.00332646660263,123.17197560972298,124.9511936026883,123.68597148084638,128.8981832857429,125.89937850434391,130.97111698734804,125.2829636141553,128.32905275625546,128.59417396839913,128.45602741208347,124.06385835213314,122.92553721530683,121.01708127319242,127.25013709831875,123.20516565540508,126.60398467092445,120.41027467682771,127.92081047932248,122.97333201524553,127.61005188146494,125.85596903736366,121.87986160679174,125.74244407551038,123.0216656500377,124.55966284448388,122.7203337135349,124.26713539664337,125.90888658939123,122.64918053467743,123.7950903381475,120.46372145048463,120.52685782686922,126.47101618941285,126.8575074888869,121.73751528976163,124.10731816497052,122.7182978686273,124.61678792379796,119.73288189409566,124.98341860418716,119.15478387250154,124.14390399348241,122.70668844787971
13,126.99315094942864,123.8918517641667,125.4027834662103,126.87632662770733,125.00802347904882,128.24757366700712,126.89027589826517,121.64950408805413,122.24862593109646,123.46147417422759,128.22136296923793,122.49054575983544,124.24564168025682,127.94838288272419,125.46347315314178,128.290842222158,125.60583641425637,125.47579321575634,124.99847312422422,125.04369937679866,120.48421024091915,125.03673881241704,127.80301951550524,126.87916466469606,122.58514082417628,124.15133261070196,126.20209453672653,121.10910002954213,126.83086510774339,125.14720510781083,127.51320126782493,123.89066307202135,123.46612369977161,128.59917328485142,127.45130622583874,124.93937259902926,125.79438473120621,123.32891905808485,127.89171253457852,128.16027097371244,127.27932188529878,127.00043458114861,123.56419334945397,123.47161159090774,121.99756256912025,122.02570196678637,118.35606900182383,127.34504919239187,122.80164107155754,119.93606078603196,127.11374980564534,128.57234230322499,127.08304447251307,125.40143739193238,120.63941888229176,121.82265915508817,124.99364601030018,117.63829965509464,121.69071114693071,121.70694898635838,123.97618511200601,126.47277201616095,133.85944870082741,116.42108539459761,120.10871984354736,124.24036764681121,124.77836932894472,126.91051090288089,127.03769020954239,123.78504249908003,123.5938689732633,125.39271083599652,125.61893269721071,124.73010385155148,126.63024109064973,121.81337465165103,123.86662445399217,125.55091755812279,122.36837052270562,124.00641237568773,127.82082600425454,120.75943544649515,124.48457951345017,117.87002461717105,126.91561002042106,124.99388767691082,125.36391230364455,121.78723768448887,124.7884155498745,121.54541306052963,123.3006662221594,128.48805601778832,125.79831922536265,119.23969652272503,128.48750534211413,128.9806032295697,120.55033323338681,134.0889901011292,128.74116329139392,120.40721716208726,124.31237435063443,128.59394162764718,125.38601950494245,121.27858709568191,119.25215981525785,121.31453027236267,123.83058687868795,123.19344318779446,122.62271568729832,125.55460331675873,130.847032772711,126.52235377308428,123.74257377775618,126.80272153383781,121.84431209532698,126.00684466105044,128.2011174050191,121.37690771912412,121.47591138766796,132.98681939691107,129.3199025062683,122.97163839505134,123.47143021922814,125.14725288283368,123.36816222771353,119.67421271937236,123.41939166527128,126.97992507268168,127.25897973551696,125.0578530358883,120.73610688328546,124.80978444550753,118.87986867462183,124.38029505559987,126.63451829974535,119.57695630691332,126.87804707364155,126.981147684742,122.54634144589406,124.44392077378087,124.82171912098345,124.6378697214227,122.98866107805877,128.71430593665832,132.8334126948104,123.6006225737772,121.6074869026256,120.7217103169896,121.71645873497593,122.6219624886022,121.83954622914717,128.5256571739967,120.26359250687561,121.36374039849544,125.84877622288938,130.5108723397189,124.842090627966,119.26417998499736,125.60011925275201,129.35211570545133,126.31194664609423,126.34271473487252,130.31049832815577,122.41780506031529,125.92134925398123,125.39988499094304,131.57374585457163,128.60733867911503,123.39335684748903,123.71180615772192,126.67248115042291,123.91159461850614,125.72247942306399,119.56150504163702,127.0096973632863,126.44893961973624,122.60253652757466,122.53831988430926,124.02516098999733,120.20084410200113,129.72965139050126,123.34786541581671,121.79188347841256,131.0410991507533,125.18309450196259,129.55987722303968,124.9461640088012,120.8938458371352
14,130.0156367085589,124.18857402783117,122.65621453487863,120.32399318063624,122.96837133212141,118.9860255047641,122.83946456601355,120.28009879800763,123.7596966069668,128.44664643288704,128.64374613419528,126.89581749136202,132.59288708215956,126.31741775726495,121.07584511349552,124.00473062729705,124.33527116008145,126.28271728360043,122.58578659802816,130.20456280950026,120.69921530615443,123.6658686405891,117.3017356742974,122.42755594948842,121.20847878583653,122.33097627913816,125.50893737465415,121.41982529521346,125.20957627104028,127.85621900239352,126.47533055906206,124.77784025568101,128.41128110776702,125.25227629052304,125.44288425671542,125.20391625396617,127.39389017301502,126.94594700142385,122.56235257323732,119.98290549732221,124.20284451095712,127.23264140419658,127.1530935700018,120.10475100723599,128.65262706838018,126.26899395132892,125.37163859029023,117.96278623024538,129.88481870556902,122.02899970809742,126.08745774841701,120.69939390103258,124.64464659027878,126.96044653541055,118.76933893418072,121.35044412619249,127.09671307618272,124.29876096625975,132.55904262103647,123.04823659428702,121.0292130760524,126.16848857291328,119.91233102360722,131.8967391862591,125.99712896009727,127.53850040224805,127.49828295974584,125.13410240964797,122.87807152628615,118.76930176099829,120.5081950878212,124.08010979469262,123.81884701197413,127.20689915050522,121.05813073653826,126.70998636950357,120.97056458453297,122.42314467598587,121.6305878491324,124.0207972547124,122.66577859654899,123.28779936253181,128.45138706910078,122.51814886520395,125.92936407123833,125.28212021991284,125.82672133671824,126.09575753999376,123.79358413782448,127.76242549885536,126.0701173394831,122.28440719783936,123.58620328749797,122.56696810809464,124.82970835574426,123.59997359209517,125.7360026211846,120.89041296232386,124.47495935032799,123.95354174226519,124.96978141327658,128.79350249431852,129.55542659620698,125.10050844308446,126.16895973354625,124.21485888165044,124.80679880279448,125.54485185452745,124.46747484659139,122.85792091830336,124.18910705912783,122.15468299480189,127.34974765927652,130.1237181786642,127.91864668479434,119.38492651003861,119.05195092357982,123.08839987172412,123.5759778672146,125.8795155084293,122.25055573153531,121.72918386112845,126.10411862610214,123.86027289058201,124.99136257395415,124.65188238431632,129.62179085200947,125.49896034427064,128.33955319107216,125.27047841771011,123.33654350116785,123.57895759954502,125.9760532544837,119.94818994607817,123.15868287533107,127.70772807384911,124.04765242966488,123.35876845650682,122.30760778226971,124.48280866868514,123.01464974339895,118.281183992901,120.80969753075344,122.62981375728103,119.87805023488733,120.83905698346553,126.47066718016329,123.97878561376501,121.52145118557968,123.11346960915701,125.55930915370385,123.7965555376585,126.23297729968093,125.02991504465302,129.67144540077493,119.98347463665024,126.48504512917687,124.934766295781,126.33699984400899,123.94599436736773,122.42286266948496,121.82043562357343,126.30912902937318,126.64740509016944,116.51078054170551,124.0150620436375,122.99284111665924,123.5483905814816,123.44816103208856,125.63498957012614,117.31292801813606,122.24839136465054,127.42904594990104,122.46040397024844,125.47499140707757,125.34290877347627,123.73992174873378,127.17356332158796,128.9010481072637,125.45457603759694,122.36206597892657,130.355375574885,126.35286581368035,124.74713115443878,126.54124600921381,124.88139427261528,122.24257584784917,126.0292962782561
15,121.83207804142346,124.69205600984638,128.65924100794442,122.4252728661977,123.10447190185388,126.22262430969661,125.80658275139841,125.03646757067531,124.9542016335434,129.66021759993595,127.90055815720754,122.13202305056942,125.66923401773472,124.3247439985622,125.01016608190253,128.26051788363617,122.73225001771324,129.4780361017942,124.81829655705889,127.86568855670582,121.20946732065535,128.1615188214912,123.13216394693985,124.36582569542435,123.6305887561295,122.73005978077938,127.06801457991767,123.16182239567337,122.3118701303749,125.9988722245161,124.76022555153229,125.98328131951614,123.94054055990422,132.59079630873146,129.96358713359749,121.88040596105377,122.51943255908996,123.13442542609843,129.36979906299018,125.57233403796198,123.3748895074908,125.75164007416963,124.91099966131934,121.3142950523083,130.49421181106936,122.2281424264923,127.45882857875475,127.08579844819673,127.23269090427718,122.71783431377374,118.56691156785483,122.06530315508813,119.31625184396893,122.21257593247121,124.7644699016458,123.72733193476627,129.61212243910006,127.15241259609476,120.44813411802589,124.17132508173508,126.6571001189381,128.24827747400838,127.56656518322012,122.69585929416209,123.43848827138358,122.83068807634582,128.1551371687275,122.248121577105,121.84560840777252,121.82838285032193,125.13762715242098,124.50312131350819,121.86308705049805,124.83898015963145,126.31321576971764,121.56153679910454,124.6052750329714,125.58748792152409,126.66345236638307,125.39452823502549,120.7156014140823,120.09502941983982,120.25450486617609,117.7062759266775,126.0857294603415,128.509777905639,128.0278795143439,124.73316063261933,125.75290755343609,127.07120452295823,116.87518240702497,123.77314739693014,126.8370578124343,126.94841341298348,122.49710760018648,119.66052137907182,117.92118708762008,120.92444389092995,121.30051050773552,123.69372706746069,121.89549813155902,125.02172018104918,126.93587251741934,125.41857298952239,129.25978987011092,121.59418333180186,130.09042230788663,124.9685162871432,118.9521476701422,122.6141137138388,125.33447994036548,129.47922550605813,122.70903283511022,124.56621696383753,125.68926042379078,126.01855438719127,120.53167307569197,124.58920314259151,127.94680617692127,122.61889785595596,121.90753778240001,127.69067019720572,122.90502384033,119.17082307316316,123.3308120811326,124.62804017723755,125.30484105488657,130.91227772658794,121.99810181300583,124.67385815191852,119.12126004068656,119.50989095723463,124.49586544077177,130.03535873869293,121.5769277281311,120.88818763233773,123.31233641720002,121.3692813969984,127.98350968836277,128.23876388520256,123.79660601969869,120.71310665078505,124.77807724142303,120.40932120192161,129.60510531207197,121.25122170858165,124.99566259623413,124.07423076329782,126.07902225935169,124.01843877292049,127.8168134742323,126.83769367472104,122.04666641580538,124.73717570609746,119.51311034459303,122.64275894647773,118.24750241267803,126.73742596770323,126.16015651466488,125.34663561358659,124.65852581309277,127.29841247601965,116.60290431301048,130.38414148604045,126.87321602385333,122.4554946684997,123.12032706233678,123.94535969287045,125.06180071316986,129.65786810478775,127.47359457977038,126.950374671528,121.54196056786844,125.44584783897017,116.20818924540504,119.11737356633502,127.967691828573,124.77968884996432,125.92706817983549,124.11582771874113,130.52370335046965,123.42134000256328,118.89801582377089,121.08020755833923,120.80054618661421,120.7937202245185,126.26317396078326,124.58245689358677
16,127.87030516525763,120.32229782561924,124.68083488029531,124.91961996412715,123.59840217837333,121.03845482236622,123.9562816470765,129.67059679724082,129.0192841335241,123.68642950745425,122.6889671645283,121.96128340757656,118.06184819778667,128.7328441276919,129.69024042273733,127.36140839526502,122.40456018217017,123.43013040602308,122.30794487195641,121.92265143342085,127.57168186968963,122.93736047311114,123.52591911659965,127.49029148951756,124.3184733287634,128.41741963350862,124.44787830874218,121.61618547250367,118.99517915206827,120.57442026670745,120.49676971771399,125.63158027397733,122.11683777238346,119.02907728350495,122.43965408094326,123.41491978182032,127.26672737433847,126.08119787842139,128.33073406336817,121.52068879770812,127.33322641920985,124.49121675374441,122.34627694509426,128.88557480365282,123.8537983018378,128.04733331851884,126.35370990432722,122.40399255756694,121.35268144605783,127.17647557867956,127.74016460037241,126.39261284856462,122.82033537057403,124.95462583261252,127.84307998568869,126.87187071124552,125.65596419690048,121.84681460692269,121.16325802143135,127.2100039513484,122.93510961279071,126.62878691733782,122.68415117111512,116.53788112615864,124.5145413584807,130.8912838677654,123.05322057558718,127.48878325774338,126.17160352921529,123.21325859343746,128.18002161833445,126.0376768393071,124.59197898950103,121.95692813156494,127.3446159580866,123.20367673164024,119.79539283926793,123.6872785328829,126.00855075631699,122.69662496465827,129.00700628381583,121.65468260355698,125.80482523008762,125.6192382892254,121.94943694319835,123.06325575678868,124.84836473109148,128.55983459746585,125.21511650347003,126.5597648999539,124.09625753128778,123.83855870822246,123.3700138716417,122.15932826781848,122.433964522444,121.0906711175083,121.04034656099293,118.6999017987794,126.13736858713395,118.23214595490003,123.68511156831184,123.2353161882617,120.05754625142383,125.2848632573957,124.16672715254562,122.03536791428652,125.75295746775184,127.87905559815792,124.33152195866589,128.35254761768934,126.57888708119162,126.18295084068349,122.5760504203756,124.16606696676207,122.26324113028278,119.92681945612054,124.14021734179843,119.59859705091435,130.57438952389847,122.01353445006924,125.32905174634061,127.05143151686599,122.78730937918277,125.75597122715592,126.7860908038119,130.26088294110684,126.1995077928197,128.90739276085534,127.47920414341681,124.89156085829012,125.70706047324704,123.97076798265228,121.04618953681448,129.39261289113867,124.90590296855765,122.91655089131652,126.71282347854907,126.61571350446732,125.4311224674713,120.64400653707698,127.57069633971065,123.16483569050563,124.33841768729843,128.24350768793477,122.05724322710671,124.12350750399193,122.63034092008239,127.12359407521808,127.6172758503041,121.81234455392602,123.38819550708384,134.14489482039673,128.0291958728861,122.89134315796936,124.43580387336215,124.09925474167046,126.91785258863375,124.5661120321713,124.69145651450084,119.62292884824014,124.5077011196985,127.5621329757418,127.18592364143637,124.31079782431854,122.13646011317006,122.7727506138506,124.99623434937897,127.23064415501088,128.43357565459627,125.9358608227717,128.61052707605538,125.78361329589603,127.48305287950433,119.00430011058423,124.39689313272996,126.93025169264583,123.75478321671208,124.0679217367661,127.63980452187292,124.36333112908648,125.2789095139085,122.92199269770582,130.46340279619253,117.86860558595589,125.48327959973797,130.6647549663913,119.36223315231905,125.89687334538641
17,126.91291258393082,122.71778535847686,119.95919784944674,123.94081444868263,126.84355185884186,124.68993096704743,120.87134079144465,122.66253982529429,122.21802418596462,124.66692282606303,119.93601072913268,119.21230573767934,122.48389702341036,122.76982746609752,119.13866065418304,126.65112709473222,122.13645738850138,125.09808155529673,119.65359037513313,124.4433366984959,120.35852244464539,129.0831988171139,125.69085880646546,125.46642370895285,124.9493409706018,125.15135082262401,124.8455287542474,128.1896937839372,125.98304924078717,128.88247662287247,123.23162394576921,119.38561005145318,124.44656745549577,126.66591348806476,118.19868284749549,126.8818184047077,126.27828364429047,119.9278404348106,127.56916969347192,126.06218181492113,122.08119212181151,124.00121990393131,119.37313816573435,123.17539695101833,126.53575356907218,120.29495666749169,126.27568574455358,123.96712093289759,125.9916091411462,123.62242778049024,117.32163190690189,120.29555731711334,121.06182684188038,130.64994471463578,127.38041989740606,119.36992989177462,125.92247865969567,124.07838828995813,123.25705523697992,124.88431682053776,126.06905800531065,131.3047495256261,120.97394509455336,126.24409984472874,129.7020011408694,122.7719681901649,133.15465274289207,126.83106188414185,127.36898097224076,131.3357350968755,121.11713995224243,126.05860699701381,123.84816386823238,121.94636192441402,125.66952628911561,128.60409773131673,118.10524182445579,125.33036535750603,119.24897933893398,127.79450404743076,127.984101772884,122.06111789196714,128.45220563246517,122.70680872454025,128.598807158656,123.0390551811586,126.29064149334424,125.75877363748094,129.4514602537018,124.46131459204298,124.00838413419557,125.31369411173328,123.11724753488377,128.7159272134231,124.44434397614246,122.61707830161637,123.24114380729523,118.84829469817055,124.11304911717554,122.67121991236642,126.06899547572645,122.18958829448772,119.84221706631759,125.2389787160316,123.07719027208661,124.41662608261817,121.98347575519327,131.8162444682068,129.25684406594016,124.43797917332985,123.58149163953567,127.65753638762833,125.90650684907064,122.99072149397291,125.98602072200126,128.10615967333445,122.86396538261144,124.85209983943501,122.05580934947473,121.11824622274649,124.16467037843735,126.9897025198028,124.21068796986184,119.26137104447454,124.79513925390945,125.65528213665276,126.56611304003195,123.74465783498145,119.57270768840807,123.71522199404207,120.75277404621836,119.74854576412797,128.1533680614692,124.10200673265975,127.72136278784829,130.6094662161528,126.24951113346813,119.72771712951129,126.91134181301544,125.9718511028359,125.30894026078964,127.16951589374659,125.09640046516996,123.13706248778446,125.98445661689036,131.24438989437533,123.87128992458767,126.53288058036694,125.13525664532108,120.7442465765537,124.84382996812171,130.5311354181899,122.65029894564395,123.69048695205876,123.19181703069077,125.61813480316017,123.65371905816811,124.54236270143957,126.48159554012224,125.21654472946183,122.23554136014874,127.0139535370089,122.93642822012,125.25472753281247,125.11874495342434,120.44386195855567,122.41551570143783,122.39942993429678,118.04503229343203,126.26977276956912,125.11869932665998,117.75047875501329,122.78449256675832,121.96983753114773,124.4066666834255,121.40189153130602,123.72597778239053,123.85194995769955,124.35863607684587,121.88185766324028,122.0936161253174,122.05938125272337,126.14549370406611,129.10462740082872,124.41955860298438,119.93796928123821,120.72074647368754,126.40466820143158
18,129.55800285460802,125.68572334765662,119.81319953902954,129.0912465188632,127.00295386542183,124.35219608077234,124.35688577134192,123.90280174062029,126.36564954017197,126.5201536993049,126.82200168427042,127.59886678681217,128.96459567138058,124.93912038953266,124.28261875071767,122.18882510696851,127.48304112577515,125.93867856048094,123.03245310193135,125.51674767025276,126.71419095311116,126.01472837394931,124.47048008170857,128.99395941619548,122.88424135744683,129.81372001890193,120.44565241998674,127.22769470036266,118.7459966974748,122.6833638921185,120.47633607704006,118.46555689130325,124.7722850116328,121.8021272027602,123.92205948368593,129.85222345538844,122.72396141808025,124.2098683827068,128.41986637938822,123.44472097460357,125.85211482728306,123.80491012011458,124.6267567176217,124.6901479107344,123.07886512699153,126.89283663217397,121.38129071309845,123.47199529203866,126.02292478597082,127.35325291908455,127.74522838203944,121.30527931134309,122.14838415153355,125.85767165880446,126.91377744858725,128.0903237521441,127.5970400802641,124.68320687666632,120.33904099207027,123.85379319956031,126.05256418875494,124.89454364587976,128.51595741213458,119.77461148018149,123.92940806533011,125.2862965756969,123.57452107896916,123.97830027005087,122.73469668506613,123.3948985577328,126.28066452394397,124.75175608354114,122.29375632914808,129.57720512302143,118.98301790969342,124.34070592642765,123.69417841846828,129.6575370840258,123.98195764312065,123.58551903275124,120.79421809491457,123.95644131692627,125.27551349654583,121.34032653467901,122.53058234586064,120.09806258472203,122.99643758184804,132.05464698084432,130.93242743875297,126.21278367760927,122.62255993914358,124.38723857431579,121.39858295679632,121.49384476466207,125.48029328154394,121.58985823453028,128.39953098814925,129.15323729272123,123.77735582748134,128.50079060185394,123.13668298499066,119.82425106250064,127.21263433785478,132.91591604645998,119.05650875670614,122.66035490038702,123.12942648106365,120.17453306682442,124.19282418952844,129.2831333834032,125.29124344112844,120.26963918237794,122.00616546989497,126.45308876588086,124.93357846579362,126.97370448723882,128.55188046268512,122.24094147386813,127.6848152358964,120.70721147034328,125.02091797379992,119.75588880627771,125.22839287079023,124.08193185655958,122.65852125999082,123.92355834443622,122.61632977705663,122.84569306859379,123.33792686793875,127.9718659948708,123.20700468432344,123.65297561685712,125.31505246451131,127.18225467182775,121.09830837646369,124.50081268865938,119.6894781466049,123.01585930343757,122.66119048552001,124.19604534894486,123.52810081372328,128.45280640749883,122.47893053123673,128.47468801689143,121.39040917223919,122.95376834573312,119.86822377007128,127.09192895272787,121.687291929752,124.98597520498119,127.44080706881917,130.79600683611983,126.62313299546928,130.6784423805955,125.44889154361415,129.20302073681236,120.85743235728195,127.82397317508396,127.27901893086813,127.70081968075127,123.65379391258888,127.08331008682649,121.65812954274844,128.60839991472793,127.22263932136677,121.77322567495781,123.7054712695687,126.40569833289106,121.3870512881803,124.37765807477075,129.52415042332015,124.55731932129225,126.11341107194666,124.07826482795245,127.33554410439903,122.55714662148345,123.4780148759873,124.13989550488645,124.22197522372676,126.49979099630637,125.3845804870076,128.0125887261322,122.67301288329688,128.08754413983473,120.36245691391822,121.81540204914702,127.29377467599164,122.60150943157055
19,119.2382985073801,127.74268320313948,127.64921765787365,122.14661585444179,132.63455297266165,118.58578083079071,129.0281878668087,123.53287262774545,128.03382097933476,126.60339080675489,123.31772589363464,120.27934674613238,127.36645209063732,121.43554426136522,118.13026721200552,122.18382895089619,123.68310184352042,118.54888245645508,125.01686448688922,125.94616460170148,122.35389023716259,121.63391821898891,125.67581190804331,120.10947788784387,125.5129097740922,125.26773441478139,124.50342930697684,128.33171877941007,127.9868982530352,126.26964477244377,122.39848462893431,124.72643664603882,123.59139419353993,124.5441241690782,122.43771518058581,132.2987959015211,125.78558623517623,120.33990631853719,123.51384290631853,126.31150924451214,120.15848070929198,122.33839303525468,125.98309918378752,124.37596580763021,132.76835757939062,126.48678453398765,123.35829656929656,123.178744053177,122.21360155519876,123.23285700549566,117.40741283259737,122.58637524683049,125.11049289486732,121.51449055392737,120.58361690297205,127.24058805788627,125.00408366963796,123.90786851746296,124.2869198825935,125.31853305748791,126.1354029997821,115.06891308164732,124.94818580044982,123.03188456693498,118.58424666439042,126.68177391564248,128.09836796692005,123.76582510250607,119.63028705575395,124.53384899460252,124.11848324273033,126.88547911188282,126.25184300357199,121.27706998215876,126.61297884813115,125.4088242159898,124.91508634394864,125.79695792443772,125.60830403709656,124.81267521384828,124.77618662273234,122.94309242029327,129.13228277339954,123.46055733852033,124.58350627270072,126.03239922591936,120.7660420787284,124.71439386669596,125.44145205852546,125.84080045693246,128.95041077590838,131.26551367881405,126.22707195640578,127.7129695307751,126.19340459583906,126.2689382311302,127.82613872884362,124.91618554017461,125.10658910440488,123.72747608911752,126.87617679930804,123.19368625440848,126.9281155008398,121.68642306944099,129.76807273728116,124.556454277442,126.22312847072811,117.98355465617104,123.22245376541264,122.2132859092082,119.56890847294378,121.07467086471668,124.65652936399732,123.47931238145813,120.97919682791277,122.55794725942948,120.04742201489668,122.07346049525884,125.21177803343795,125.43524885845052,128.65175523836217,131.25002372271118,121.63047459378903,131.48213252529146,120.5208615712873,128.37583310548678,128.39731313928004,126.47994081060749,127.91919872688224,119.66674561272819,122.581271858744,117.2727782668254,123.75726492622236,118.34738531562228,119.97697289933967,122.27510086980243,124.4053681557238,124.8585431897516,125.04585754027443,122.84302696853729,124.55879096627814,128.28834846307578,125.93904775675936,128.36785853554144,129.5268314771513,117.10147411917218,122.14707288764731,129.8296160988031,124.15074361271506,127.42328275643045,126.48654567265329,124.55075628322645,128.69438586561023,120.8604622096103,127.60365981946724,122.9647911198602,123.8440682523044,135.40678773075518,122.07790860204834,122.24394258089953,128.69795287126954,124.36062438034803,128.23361034927865,125.41624203868703,128.21181971696328,127.46106898818645,117.54124178295739,125.29818683316265,127.73495163826071,119.17648307818015,121.2165258733144,122.39072638634681,124.54743950475512,123.32605238578728,126.76533119423961,124.77775327795092,124.27820100469518,124.82883108584095,127.05193793644074,121.77359366880334,125.28822722957564,129.53531619454398,123.74840113728406,127.86681704714071,131.41911946701615,127.22492656238218,123.94052976689967,129.96076784546332
